-- --------------------------------------------------------
-- Host:                         127.0.0.1
-- Server Version:               10.1.13-MariaDB - mariadb.org binary distribution
-- Server Betriebssystem:        Win32
-- HeidiSQL Version:             10.1.0.5464
-- --------------------------------------------------------

/*!40101 SET @OLD_CHARACTER_SET_CLIENT=@@CHARACTER_SET_CLIENT */;
/*!40101 SET NAMES utf8 */;
/*!50503 SET NAMES utf8mb4 */;
/*!40014 SET @OLD_FOREIGN_KEY_CHECKS=@@FOREIGN_KEY_CHECKS, FOREIGN_KEY_CHECKS=0 */;
/*!40101 SET @OLD_SQL_MODE=@@SQL_MODE, SQL_MODE='NO_AUTO_VALUE_ON_ZERO' */;


-- Exportiere Datenbank Struktur für db_dvg
DROP DATABASE IF EXISTS `db_dvg`;
CREATE DATABASE IF NOT EXISTS `db_dvg` /*!40100 DEFAULT CHARACTER SET utf8 COLLATE utf8_unicode_ci */;
USE `db_dvg`;

-- Exportiere Struktur von Tabelle db_dvg.account
DROP TABLE IF EXISTS `account`;
CREATE TABLE IF NOT EXISTS `account` (
  `id` int(10) NOT NULL AUTO_INCREMENT,
  `login` varchar(50) COLLATE utf8_unicode_ci NOT NULL,
  `passwort` varchar(50) COLLATE utf8_unicode_ci NOT NULL,
  `email` varchar(100) COLLATE utf8_unicode_ci NOT NULL,
  `aktiv` tinyint(1) NOT NULL,
  `Rolle` varchar(25) COLLATE utf8_unicode_ci NOT NULL,
  `letzter_login` timestamp NOT NULL DEFAULT CURRENT_TIMESTAMP ON UPDATE CURRENT_TIMESTAMP,
  PRIMARY KEY (`id`),
  UNIQUE KEY `login` (`login`),
  UNIQUE KEY `email` (`email`)
) ENGINE=InnoDB AUTO_INCREMENT=37 DEFAULT CHARSET=utf8 COLLATE=utf8_unicode_ci COMMENT='Logindaten für Nutzer';

-- Exportiere Daten aus Tabelle db_dvg.account: ~14 rows (ungefähr)
DELETE FROM `account`;
/*!40000 ALTER TABLE `account` DISABLE KEYS */;
INSERT INTO `account` (`id`, `login`, `passwort`, `email`, `aktiv`, `Rolle`, `letzter_login`) VALUES
	(10, 'Tina', 'Tina', 'eisdrache@gmx.de', 1, 'Admin', '2016-07-13 20:20:18'),
	(11, 'hendrik', 'feuerdrache', 'feuerdrache@gmx.de', 1, 'Admin', '2016-07-13 23:06:28'),
	(12, 'mustafa', 'kyrillisch', 'afatsum@mustafa.ru', 1, 'Spieler', '2016-07-13 20:02:18'),
	(13, 'balduin', 'xyzzyx', 'balduin@gmail.com', 1, 'Spieler', '2016-07-13 20:00:13'),
	(14, 'klaus_trophobie', 'zuckerwatte', 'register@klaustrophobie.de', 1, 'Spieler', '2016-07-13 20:00:13'),
	(15, 'Apfel', 'Achorle', 'Apfel.Schorle@Saft.com', 1, 'Spieler', '2016-07-13 20:20:23'),
	(16, 'hugo', '123456', 'hugo@gmx.de', 1, 'Spieler', '2016-07-13 20:03:06'),
	(17, 'erwin', 'erwin', 'erwin@gmx.de', 1, 'Spieler', '2016-07-13 20:21:11'),
	(31, 'tester', 'tester', 'tester@gmx.de', 1, 'Spieler', '2016-07-13 22:19:48'),
	(32, 'test', 'test', 'test@gmx.de', 1, 'Spieler', '2016-07-13 22:41:09'),
	(33, 'zonk', 'zonk', 'zonk@zonk.de', 1, 'Spieler', '2016-07-22 21:03:10'),
	(34, 'zonk1', 'zonk1', 'zonk1@zonk1.de', 1, 'Spieler', '2016-07-22 21:09:54'),
	(35, 'zonk2', 'zonk2', 'zonk2@zonk2.de', 1, 'Spieler', '2016-07-22 21:10:26'),
	(36, 'zonk3', 'zonk3', 'zonk3@zonk3.de', 1, 'Spieler', '2016-07-22 21:17:33');
/*!40000 ALTER TABLE `account` ENABLE KEYS */;

-- Exportiere Struktur von Tabelle db_dvg.aktion
DROP TABLE IF EXISTS `aktion`;
CREATE TABLE IF NOT EXISTS `aktion` (
  `id` int(10) NOT NULL AUTO_INCREMENT,
  `titel` varchar(50) COLLATE utf8_unicode_ci NOT NULL,
  `text` varchar(100) COLLATE utf8_unicode_ci NOT NULL,
  `beschreibung` text COLLATE utf8_unicode_ci NOT NULL,
  `art` enum('kurz','normal','lang') COLLATE utf8_unicode_ci NOT NULL DEFAULT 'normal',
  `dauer` time NOT NULL,
  `statusbild` enum('laufend','kaempfend','wartend','') COLLATE utf8_unicode_ci NOT NULL,
  PRIMARY KEY (`id`)
) ENGINE=InnoDB AUTO_INCREMENT=12 DEFAULT CHARSET=utf8 COLLATE=utf8_unicode_ci COMMENT='Aktionen die ausgeführt werden können';

-- Exportiere Daten aus Tabelle db_dvg.aktion: ~9 rows (ungefähr)
DELETE FROM `aktion`;
/*!40000 ALTER TABLE `aktion` DISABLE KEYS */;
INSERT INTO `aktion` (`id`, `titel`, `text`, `beschreibung`, `art`, `dauer`, `statusbild`) VALUES
	(1, 'erkunden_normal', 'Gegend erkunden', 'Du läufst zielstrebig im Kreis und hoffst mit etwas Glück, auf einen tollen Fund zu stoßen.', 'normal', '00:01:00', 'laufend'),
	(2, 'erkunden_kurz', 'Gegend erkunden', 'Du schaust vor deine Füße und hoffst ,etwas zu entdecken, was deine Aufmerksamkeit wert ist.', 'kurz', '00:00:05', 'laufend'),
	(5, 'erkunden_lang', 'Gegend erkunden', 'Du drehst und wendest stundelang jeden Stein, der dir über den Weg hüpft, in der Hoffnung endlichen den großen Schatz zu finden.', 'lang', '00:05:00', 'laufend'),
	(6, 'jagen_normal', 'Jagen', 'Das böse Tierchen wird in dir seinen Meister finden und dir alle seine Schätze offenbaren.\r\nOder es läuft anders herum!', 'normal', '00:00:05', 'kaempfend'),
	(7, 'sammeln_normal', 'Sammeln', 'Du fällst schreiend über die Pflanze her und stellst erschrocken fest, dass es sich doch nur um eine normale Pflanze handelt, die ohnehin nicht wegrennen geschweige denn um sich schlagen kann.', 'normal', '00:00:05', 'kaempfend'),
	(8, 'reden', 'Reden', 'Du versucht dein Gegenüber anzusprechen.', 'normal', '00:00:01', 'wartend'),
	(9, 'fliegen', 'Fliegen', 'Du fliegst von Punkt A zu Punkt B. Das könnte ein bis drei Weilchen dauern.', 'normal', '00:01:00', 'laufend'),
	(10, 'laufen', 'Laufen', 'Du läufst von Punkt A zu Punkt B. Das könnte zwei Weilchen dauern.', 'normal', '00:00:10', 'laufend'),
	(11, 'kampf', 'Kampf', 'Ihr befindet euch im Kampf.', 'normal', '00:00:00', 'kaempfend');
/*!40000 ALTER TABLE `aktion` ENABLE KEYS */;

-- Exportiere Struktur von Tabelle db_dvg.aktion_spieler
DROP TABLE IF EXISTS `aktion_spieler`;
CREATE TABLE IF NOT EXISTS `aktion_spieler` (
  `id` int(10) NOT NULL AUTO_INCREMENT,
  `spieler_id` int(10) NOT NULL,
  `aktion_id` int(10) NOT NULL,
  `start` timestamp NOT NULL DEFAULT '0000-00-00 00:00:00',
  `ende` timestamp NOT NULL DEFAULT '0000-00-00 00:00:00',
  `status` enum('gestartet','beendet','abgeschlossen','') COLLATE utf8_unicode_ci NOT NULL,
  `any_id_1` int(10) NOT NULL,
  `any_id_2` int(10) NOT NULL,
  PRIMARY KEY (`id`),
  KEY `FK_spieler_id_aktion_spieler` (`spieler_id`),
  KEY `FK_aktion_id_aktion_spieler` (`aktion_id`),
  CONSTRAINT `FK_aktion_spieler_aktion` FOREIGN KEY (`aktion_id`) REFERENCES `aktion` (`id`) ON DELETE CASCADE,
  CONSTRAINT `FK_aktion_spieler_spieler` FOREIGN KEY (`spieler_id`) REFERENCES `spieler` (`id`) ON DELETE CASCADE
) ENGINE=InnoDB AUTO_INCREMENT=973 DEFAULT CHARSET=utf8 COLLATE=utf8_unicode_ci COMMENT='Aktionen die die Spieler derzeit ausführen mit Start- und Endzeit';

-- Exportiere Daten aus Tabelle db_dvg.aktion_spieler: ~656 rows (ungefähr)
DELETE FROM `aktion_spieler`;
/*!40000 ALTER TABLE `aktion_spieler` DISABLE KEYS */;
INSERT INTO `aktion_spieler` (`id`, `spieler_id`, `aktion_id`, `start`, `ende`, `status`, `any_id_1`, `any_id_2`) VALUES
	(1, 26, 10, '2017-05-27 17:03:29', '2017-05-27 17:03:39', 'abgeschlossen', 9, 0),
	(2, 19, 2, '2017-05-30 20:56:18', '2017-05-30 20:56:23', 'abgeschlossen', 0, 0),
	(3, 19, 7, '2017-05-30 20:56:29', '2017-05-30 20:56:34', 'abgeschlossen', 6, 0),
	(4, 19, 2, '2017-06-14 19:10:18', '2017-06-14 19:10:23', 'abgeschlossen', 0, 0),
	(5, 19, 2, '2017-06-14 19:10:29', '2017-06-14 19:10:34', 'abgeschlossen', 0, 0),
	(6, 19, 6, '2017-06-14 19:10:46', '2017-06-14 19:10:51', 'abgeschlossen', 2, 0),
	(9, 26, 2, '2018-03-17 15:52:13', '2018-03-17 15:52:18', 'abgeschlossen', 0, 0),
	(10, 26, 10, '2018-03-17 16:06:58', '2018-03-17 16:07:08', 'abgeschlossen', 6, 0),
	(11, 26, 10, '2018-03-17 16:07:22', '2018-03-17 16:07:32', 'abgeschlossen', 3, 0),
	(12, 26, 2, '2018-03-17 16:07:44', '2018-03-17 16:07:49', 'abgeschlossen', 0, 0),
	(13, 26, 2, '2018-03-17 16:08:14', '2018-03-17 16:08:19', 'abgeschlossen', 0, 0),
	(14, 26, 2, '2018-03-17 16:08:30', '2018-03-17 16:08:35', 'abgeschlossen', 0, 0),
	(15, 26, 6, '2018-03-17 16:08:39', '2018-03-17 16:08:44', 'abgeschlossen', 10, 0),
	(16, 26, 10, '2018-03-17 16:38:11', '2018-03-17 16:38:21', 'abgeschlossen', 5, 0),
	(17, 26, 10, '2018-03-17 16:38:26', '2018-03-17 16:38:36', 'abgeschlossen', 2, 0),
	(18, 26, 2, '2018-03-17 16:38:44', '2018-03-17 16:38:49', 'abgeschlossen', 0, 0),
	(19, 26, 2, '2018-03-17 16:38:52', '2018-03-17 16:38:57', 'abgeschlossen', 0, 0),
	(20, 26, 6, '2018-03-17 16:38:59', '2018-03-17 16:39:04', 'abgeschlossen', 2, 0),
	(21, 26, 2, '2018-03-17 16:39:07', '2018-03-17 16:39:12', 'abgeschlossen', 0, 0),
	(22, 26, 6, '2018-03-17 16:39:16', '2018-03-17 16:39:21', 'abgeschlossen', 2, 0),
	(23, 26, 10, '2018-03-17 16:39:26', '2018-03-17 16:39:36', 'abgeschlossen', 5, 0),
	(24, 26, 2, '2018-03-17 16:39:41', '2018-03-17 16:39:46', 'abgeschlossen', 0, 0),
	(25, 26, 7, '2018-03-17 16:39:50', '2018-03-17 16:39:55', 'abgeschlossen', 7, 0),
	(26, 26, 2, '2018-03-17 16:40:04', '2018-03-17 16:40:09', 'abgeschlossen', 0, 0),
	(27, 26, 7, '2018-03-17 16:40:11', '2018-03-17 16:40:16', 'abgeschlossen', 8, 0),
	(28, 26, 2, '2018-03-17 16:40:19', '2018-03-17 16:40:24', 'abgeschlossen', 0, 0),
	(29, 26, 7, '2018-03-17 16:40:26', '2018-03-17 16:40:31', 'abgeschlossen', 12, 0),
	(30, 26, 2, '2018-03-17 16:46:25', '2018-03-17 16:46:30', 'abgeschlossen', 0, 0),
	(31, 26, 2, '2018-03-17 16:49:07', '2018-03-17 16:49:12', 'abgeschlossen', 0, 0),
	(32, 26, 2, '2018-03-17 16:55:27', '2018-03-17 16:55:32', 'abgeschlossen', 0, 0),
	(33, 26, 7, '2018-03-17 16:55:35', '2018-03-17 16:55:40', 'abgeschlossen', 7, 0),
	(34, 26, 2, '2018-03-17 16:59:30', '2018-03-17 16:59:35', 'abgeschlossen', 0, 0),
	(35, 26, 7, '2018-03-17 16:59:37', '2018-03-17 16:59:42', 'abgeschlossen', 8, 0),
	(36, 26, 2, '2018-03-17 17:05:11', '2018-03-17 17:05:16', 'abgeschlossen', 0, 0),
	(37, 26, 7, '2018-03-17 17:05:18', '2018-03-17 17:05:23', 'abgeschlossen', 7, 0),
	(38, 26, 2, '2018-03-17 17:22:59', '2018-03-17 17:23:04', 'abgeschlossen', 0, 0),
	(39, 26, 7, '2018-03-17 17:23:06', '2018-03-17 17:23:11', 'abgeschlossen', 12, 0),
	(40, 26, 10, '2018-03-17 17:23:22', '2018-03-17 17:23:32', 'abgeschlossen', 2, 0),
	(41, 26, 10, '2018-03-17 17:23:38', '2018-03-17 17:23:48', 'abgeschlossen', 5, 0),
	(42, 26, 10, '2018-03-17 17:23:52', '2018-03-17 17:24:02', 'abgeschlossen', 7, 0),
	(43, 26, 10, '2018-03-17 17:24:05', '2018-03-17 17:24:15', 'abgeschlossen', 11, 0),
	(44, 26, 10, '2018-03-17 17:24:17', '2018-03-17 17:24:27', 'abgeschlossen', 4, 0),
	(45, 26, 10, '2018-03-17 17:24:30', '2018-03-17 17:24:40', 'abgeschlossen', 8, 0),
	(46, 26, 10, '2018-03-17 17:25:38', '2018-03-17 17:25:48', 'abgeschlossen', 9, 0),
	(47, 26, 2, '2018-03-17 17:33:15', '2018-03-17 17:33:20', 'abgeschlossen', 0, 0),
	(48, 26, 7, '2018-03-17 17:33:22', '2018-03-17 17:33:27', 'abgeschlossen', 12, 0),
	(49, 26, 2, '2018-03-17 17:33:33', '2018-03-17 17:33:38', 'abgeschlossen', 0, 0),
	(50, 26, 7, '2018-03-17 17:33:46', '2018-03-17 17:33:51', 'abgeschlossen', 6, 0),
	(51, 26, 2, '2018-03-17 17:34:03', '2018-03-17 17:34:08', 'abgeschlossen', 0, 0),
	(52, 26, 7, '2018-03-17 17:34:11', '2018-03-17 17:34:16', 'abgeschlossen', 14, 0),
	(53, 26, 10, '2018-03-17 17:34:26', '2018-03-17 17:34:36', 'abgeschlossen', 6, 0),
	(54, 26, 2, '2018-03-17 17:34:40', '2018-03-17 17:34:45', 'abgeschlossen', 0, 0),
	(55, 26, 7, '2018-03-17 17:34:48', '2018-03-17 17:34:53', 'abgeschlossen', 7, 0),
	(56, 26, 10, '2018-03-17 17:34:57', '2018-03-17 17:35:07', 'abgeschlossen', 3, 0),
	(57, 26, 2, '2018-03-17 17:35:09', '2018-03-17 17:35:14', 'abgeschlossen', 0, 0),
	(58, 26, 2, '2018-03-17 17:35:19', '2018-03-17 17:35:24', 'abgeschlossen', 0, 0),
	(59, 26, 7, '2018-03-17 17:35:28', '2018-03-17 17:35:33', 'abgeschlossen', 12, 0),
	(60, 26, 2, '2018-03-17 17:35:38', '2018-03-17 17:35:43', 'abgeschlossen', 0, 0),
	(61, 26, 2, '2018-03-17 17:35:49', '2018-03-17 17:35:54', 'abgeschlossen', 0, 0),
	(62, 26, 2, '2018-03-17 17:36:00', '2018-03-17 17:36:05', 'abgeschlossen', 0, 0),
	(63, 26, 2, '2018-03-17 17:36:11', '2018-03-17 17:36:16', 'abgeschlossen', 0, 0),
	(64, 26, 2, '2018-03-17 17:36:20', '2018-03-17 17:36:25', 'abgeschlossen', 0, 0),
	(65, 26, 2, '2018-03-17 17:36:29', '2018-03-17 17:36:34', 'abgeschlossen', 0, 0),
	(66, 26, 2, '2018-03-17 17:36:37', '2018-03-17 17:36:42', 'abgeschlossen', 0, 0),
	(67, 26, 6, '2018-03-17 17:36:47', '2018-03-17 17:36:52', 'abgeschlossen', 10, 0),
	(68, 26, 10, '2018-03-17 17:36:57', '2018-03-17 17:37:07', 'abgeschlossen', 5, 0),
	(69, 26, 10, '2018-03-17 17:37:13', '2018-03-17 17:37:23', 'abgeschlossen', 2, 0),
	(70, 26, 10, '2018-03-17 17:37:25', '2018-03-17 17:37:35', 'abgeschlossen', 6, 0),
	(71, 26, 10, '2018-03-17 17:37:38', '2018-03-17 17:37:48', 'abgeschlossen', 9, 0),
	(72, 26, 10, '2018-03-17 17:37:53', '2018-03-17 17:38:03', 'abgeschlossen', 8, 0),
	(73, 26, 10, '2018-03-17 17:38:05', '2018-03-17 17:38:15', 'abgeschlossen', 4, 0),
	(74, 26, 2, '2018-03-17 17:38:18', '2018-03-17 17:38:23', 'abgeschlossen', 0, 0),
	(75, 26, 6, '2018-03-17 17:38:33', '2018-03-17 17:38:38', 'abgeschlossen', 11, 0),
	(76, 26, 2, '2018-03-17 17:38:45', '2018-03-17 17:38:50', 'abgeschlossen', 0, 0),
	(77, 26, 7, '2018-03-17 17:38:54', '2018-03-17 17:38:59', 'abgeschlossen', 7, 0),
	(78, 19, 2, '2018-04-14 17:31:17', '2018-04-14 17:31:22', 'abgeschlossen', 0, 0),
	(79, 19, 10, '2018-04-14 17:41:29', '2018-04-14 17:41:39', 'abgeschlossen', 9, 0),
	(80, 19, 2, '2018-04-14 17:41:42', '2018-04-14 17:41:47', 'abgeschlossen', 0, 0),
	(81, 19, 2, '2018-04-14 17:41:53', '2018-04-14 17:41:58', 'abgeschlossen', 0, 0),
	(82, 19, 2, '2018-04-14 17:42:03', '2018-04-14 17:42:08', 'abgeschlossen', 0, 0),
	(83, 19, 7, '2018-04-14 17:42:12', '2018-04-14 17:42:17', 'abgeschlossen', 6, 0),
	(84, 32, 10, '2018-06-25 13:53:12', '2018-06-25 13:53:22', 'abgeschlossen', 4, 0),
	(85, 32, 2, '2018-06-25 13:53:27', '2018-06-25 13:53:32', 'abgeschlossen', 0, 0),
	(86, 32, 6, '2018-06-25 13:53:36', '2018-06-25 13:53:41', 'abgeschlossen', 11, 0),
	(87, 26, 10, '2018-06-25 14:04:07', '2018-06-25 14:04:17', 'abgeschlossen', 11, 0),
	(88, 26, 2, '2018-06-25 14:04:20', '2018-06-25 14:04:25', 'abgeschlossen', 0, 0),
	(89, 26, 2, '2018-06-25 14:04:31', '2018-06-25 14:04:36', 'abgeschlossen', 0, 0),
	(90, 26, 10, '2018-06-25 14:04:40', '2018-06-25 14:04:50', 'abgeschlossen', 4, 0),
	(91, 26, 2, '2018-06-25 14:04:52', '2018-06-25 14:04:57', 'abgeschlossen', 0, 0),
	(92, 26, 7, '2018-06-25 14:05:01', '2018-06-25 14:05:06', 'abgeschlossen', 14, 0),
	(93, 26, 2, '2018-06-25 14:05:10', '2018-06-25 14:05:15', 'abgeschlossen', 0, 0),
	(94, 26, 2, '2018-06-25 14:05:20', '2018-06-25 14:05:25', 'abgeschlossen', 0, 0),
	(95, 26, 6, '2018-06-25 14:05:29', '2018-06-25 14:05:34', 'abgeschlossen', 24, 0),
	(96, 26, 10, '2018-06-25 14:05:49', '2018-06-25 14:05:59', 'abgeschlossen', 11, 0),
	(97, 26, 2, '2018-06-25 14:06:04', '2018-06-25 14:06:09', 'abgeschlossen', 0, 0),
	(98, 26, 6, '2018-06-25 14:06:12', '2018-06-25 14:06:17', 'abgeschlossen', 22, 0),
	(99, 26, 10, '2018-06-25 14:06:43', '2018-06-25 14:06:53', 'abgeschlossen', 4, 0),
	(100, 26, 2, '2018-06-25 14:06:55', '2018-06-25 14:07:00', 'abgeschlossen', 0, 0),
	(101, 26, 2, '2018-06-25 14:07:04', '2018-06-25 14:07:09', 'abgeschlossen', 0, 0),
	(102, 26, 2, '2018-06-25 14:07:13', '2018-06-25 14:07:18', 'abgeschlossen', 0, 0),
	(103, 26, 6, '2018-06-25 14:07:20', '2018-06-25 14:07:25', 'abgeschlossen', 11, 0),
	(104, 26, 10, '2018-06-25 18:23:50', '2018-06-25 18:24:00', 'abgeschlossen', 1, 0),
	(105, 26, 2, '2018-06-25 18:24:07', '2018-06-25 18:24:12', 'abgeschlossen', 0, 0),
	(106, 26, 2, '2018-06-25 18:25:15', '2018-06-25 18:25:20', 'abgeschlossen', 0, 0),
	(107, 26, 6, '2018-06-25 18:25:22', '2018-06-25 18:25:27', 'abgeschlossen', 27, 0),
	(108, 26, 10, '2018-06-25 18:25:31', '2018-06-25 18:25:41', 'abgeschlossen', 4, 0),
	(109, 26, 2, '2018-06-25 18:25:43', '2018-06-25 18:25:48', 'abgeschlossen', 0, 0),
	(110, 26, 6, '2018-06-25 18:26:02', '2018-06-25 18:26:07', 'abgeschlossen', 28, 0),
	(111, 26, 10, '2018-06-25 18:26:13', '2018-06-25 18:26:23', 'abgeschlossen', 11, 0),
	(112, 26, 2, '2018-06-25 18:26:25', '2018-06-25 18:26:30', 'abgeschlossen', 0, 0),
	(113, 26, 2, '2018-06-25 18:26:39', '2018-06-25 18:26:44', 'abgeschlossen', 0, 0),
	(114, 26, 10, '2018-06-25 18:26:49', '2018-06-25 18:26:59', 'abgeschlossen', 7, 0),
	(115, 26, 2, '2018-06-25 18:27:01', '2018-06-25 18:27:06', 'abgeschlossen', 0, 0),
	(116, 26, 2, '2018-06-25 18:27:11', '2018-06-25 18:27:16', 'abgeschlossen', 0, 0),
	(117, 26, 2, '2018-06-25 18:27:20', '2018-06-25 18:27:25', 'abgeschlossen', 0, 0),
	(118, 26, 2, '2018-06-25 18:27:30', '2018-06-25 18:27:35', 'abgeschlossen', 0, 0),
	(119, 26, 10, '2018-06-25 18:27:40', '2018-06-25 18:27:50', 'abgeschlossen', 10, 0),
	(120, 26, 2, '2018-06-25 18:27:52', '2018-06-25 18:27:57', 'abgeschlossen', 0, 0),
	(121, 26, 2, '2018-06-25 18:28:01', '2018-06-25 18:28:06', 'abgeschlossen', 0, 0),
	(122, 26, 10, '2018-06-25 18:29:02', '2018-06-25 18:29:12', 'abgeschlossen', 7, 0),
	(123, 26, 10, '2018-06-25 18:29:15', '2018-06-25 18:29:25', 'abgeschlossen', 5, 0),
	(124, 26, 2, '2018-06-25 18:29:27', '2018-06-25 18:29:32', 'abgeschlossen', 0, 0),
	(125, 26, 2, '2018-06-25 18:29:38', '2018-06-25 18:29:43', 'abgeschlossen', 0, 0),
	(126, 26, 7, '2018-06-25 18:29:48', '2018-06-25 18:29:53', 'abgeschlossen', 12, 0),
	(127, 26, 2, '2018-06-25 18:29:58', '2018-06-25 18:30:03', 'abgeschlossen', 0, 0),
	(128, 26, 2, '2018-06-25 18:30:07', '2018-06-25 18:30:12', 'abgeschlossen', 0, 0),
	(129, 26, 2, '2018-06-25 18:30:16', '2018-06-25 18:30:21', 'abgeschlossen', 0, 0),
	(130, 26, 7, '2018-06-25 18:30:26', '2018-06-25 18:30:31', 'abgeschlossen', 8, 0),
	(131, 26, 10, '2018-06-25 18:30:48', '2018-06-25 18:30:58', 'abgeschlossen', 2, 0),
	(132, 26, 2, '2018-06-25 18:31:00', '2018-06-25 18:31:05', 'abgeschlossen', 0, 0),
	(133, 26, 7, '2018-06-25 18:31:08', '2018-06-25 18:31:13', 'abgeschlossen', 14, 0),
	(134, 26, 2, '2018-06-25 18:31:19', '2018-06-25 18:31:24', 'abgeschlossen', 0, 0),
	(135, 26, 10, '2018-06-25 18:31:28', '2018-06-25 18:31:38', 'abgeschlossen', 6, 0),
	(136, 26, 2, '2018-06-25 18:31:40', '2018-06-25 18:31:45', 'abgeschlossen', 0, 0),
	(137, 26, 2, '2018-06-25 18:31:50', '2018-06-25 18:31:55', 'abgeschlossen', 0, 0),
	(138, 26, 7, '2018-06-25 18:31:57', '2018-06-25 18:32:02', 'abgeschlossen', 7, 0),
	(139, 26, 10, '2018-06-25 18:32:23', '2018-06-25 18:32:33', 'abgeschlossen', 9, 0),
	(140, 26, 2, '2018-06-25 18:32:36', '2018-06-25 18:32:41', 'abgeschlossen', 0, 0),
	(141, 26, 6, '2018-06-25 18:32:46', '2018-06-25 18:32:51', 'abgeschlossen', 23, 0),
	(142, 26, 2, '2018-06-25 18:42:13', '2018-06-25 18:42:18', 'abgeschlossen', 0, 0),
	(143, 26, 6, '2018-06-25 18:42:21', '2018-06-25 18:42:26', 'abgeschlossen', 2, 0),
	(144, 26, 10, '2018-06-25 18:42:31', '2018-06-25 18:42:41', 'abgeschlossen', 8, 0),
	(145, 26, 2, '2018-06-25 18:42:44', '2018-06-25 18:42:49', 'abgeschlossen', 0, 0),
	(146, 26, 2, '2018-06-25 18:42:56', '2018-06-25 18:43:01', 'abgeschlossen', 0, 0),
	(147, 26, 6, '2018-06-25 18:43:03', '2018-06-25 18:43:08', 'abgeschlossen', 2, 0),
	(148, 26, 10, '2018-06-25 18:43:15', '2018-06-25 18:43:25', 'abgeschlossen', 4, 0),
	(149, 26, 2, '2018-06-25 18:43:27', '2018-06-25 18:43:32', 'abgeschlossen', 0, 0),
	(150, 26, 2, '2018-06-25 18:43:40', '2018-06-25 18:43:45', 'abgeschlossen', 0, 0),
	(151, 26, 2, '2018-06-25 18:43:51', '2018-06-25 18:43:56', 'abgeschlossen', 0, 0),
	(152, 26, 6, '2018-06-25 18:43:59', '2018-06-25 18:44:04', 'abgeschlossen', 2, 0),
	(153, 26, 2, '2018-06-25 18:44:10', '2018-06-25 18:44:15', 'abgeschlossen', 0, 0),
	(154, 26, 6, '2018-06-25 18:44:17', '2018-06-25 18:44:22', 'abgeschlossen', 2, 0),
	(301, 26, 2, '2018-08-01 18:45:09', '2018-08-01 18:45:14', 'abgeschlossen', 0, 0),
	(302, 26, 6, '2018-08-01 18:45:18', '2018-08-01 18:45:23', 'abgeschlossen', 11, 0),
	(303, 26, 10, '2018-08-01 19:01:53', '2018-08-01 19:02:03', 'abgeschlossen', 1, 0),
	(304, 26, 2, '2018-08-01 19:02:06', '2018-08-01 19:02:11', 'abgeschlossen', 0, 0),
	(305, 26, 6, '2018-08-01 19:02:25', '2018-08-01 19:02:30', 'abgeschlossen', 27, 0),
	(306, 26, 10, '2018-08-01 19:03:01', '2018-08-01 19:03:11', 'abgeschlossen', 9, 0),
	(307, 26, 2, '2018-08-01 19:03:22', '2018-08-01 19:03:27', 'abgeschlossen', 0, 0),
	(308, 26, 6, '2018-08-01 19:03:29', '2018-08-01 19:03:34', 'abgeschlossen', 23, 0),
	(309, 26, 2, '2018-08-01 19:03:38', '2018-08-01 19:03:43', 'abgeschlossen', 0, 0),
	(310, 26, 6, '2018-08-01 19:03:45', '2018-08-01 19:03:50', 'abgeschlossen', 4, 0),
	(311, 26, 10, '2018-08-01 19:03:58', '2018-08-01 19:04:08', 'abgeschlossen', 6, 0),
	(312, 26, 10, '2019-03-23 14:10:57', '2019-03-23 14:11:07', 'abgeschlossen', 2, 0),
	(313, 26, 2, '2019-03-23 14:11:16', '2019-03-23 14:11:21', 'abgeschlossen', 0, 0),
	(314, 26, 2, '2019-03-23 14:11:28', '2019-03-23 14:11:33', 'abgeschlossen', 0, 0),
	(315, 26, 6, '2019-03-23 14:11:36', '2019-03-23 14:11:41', 'abgeschlossen', 21, 0),
	(316, 26, 2, '2019-03-23 14:11:49', '2019-03-23 14:11:54', 'abgeschlossen', 0, 0),
	(317, 26, 7, '2019-03-23 14:11:57', '2019-03-23 14:12:02', 'abgeschlossen', 7, 0),
	(318, 26, 2, '2019-03-23 14:12:13', '2019-03-23 14:12:18', 'abgeschlossen', 0, 0),
	(319, 26, 2, '2019-03-23 14:12:35', '2019-03-23 14:12:40', 'abgeschlossen', 0, 0),
	(320, 26, 2, '2019-03-23 14:12:44', '2019-03-23 14:12:49', 'abgeschlossen', 0, 0),
	(321, 26, 2, '2019-03-23 14:12:54', '2019-03-23 14:12:59', 'abgeschlossen', 0, 0),
	(322, 26, 10, '2019-03-23 14:13:47', '2019-03-23 14:13:57', 'abgeschlossen', 5, 0),
	(323, 26, 10, '2019-03-23 14:14:16', '2019-03-23 14:14:26', 'abgeschlossen', 7, 0),
	(324, 26, 2, '2019-03-23 14:14:34', '2019-03-23 14:14:39', 'abgeschlossen', 0, 0),
	(325, 26, 7, '2019-03-23 14:14:45', '2019-03-23 14:14:50', 'abgeschlossen', 12, 0),
	(326, 26, 2, '2019-03-23 14:14:55', '2019-03-23 14:15:00', 'abgeschlossen', 0, 0),
	(327, 26, 6, '2019-03-23 14:15:02', '2019-03-23 14:15:07', 'abgeschlossen', 4, 0),
	(328, 26, 10, '2019-03-23 14:15:24', '2019-03-23 14:15:34', 'abgeschlossen', 11, 0),
	(329, 26, 2, '2019-03-23 14:15:36', '2019-03-23 14:15:41', 'abgeschlossen', 0, 0),
	(330, 26, 6, '2019-03-23 14:15:43', '2019-03-23 14:15:48', 'abgeschlossen', 24, 0),
	(331, 26, 2, '2019-03-23 14:16:06', '2019-03-23 14:16:11', 'abgeschlossen', 0, 0),
	(332, 26, 6, '2019-03-23 14:16:14', '2019-03-23 14:16:19', 'abgeschlossen', 22, 0),
	(333, 26, 2, '2019-03-23 14:16:44', '2019-03-23 14:16:49', 'abgeschlossen', 0, 0),
	(334, 26, 6, '2019-03-23 14:16:51', '2019-03-23 14:16:56', 'abgeschlossen', 22, 0),
	(335, 26, 10, '2019-03-23 14:16:59', '2019-03-23 14:17:09', 'abgeschlossen', 7, 0),
	(336, 26, 10, '2019-03-23 14:17:13', '2019-03-23 14:17:23', 'abgeschlossen', 5, 0),
	(339, 39, 10, '2019-04-06 15:06:01', '2019-04-06 15:06:11', 'abgeschlossen', 4, 0),
	(340, 39, 10, '2019-04-06 15:06:32', '2019-04-06 15:06:42', 'abgeschlossen', 11, 0),
	(341, 39, 10, '2019-04-06 15:06:45', '2019-04-06 15:06:55', 'abgeschlossen', 7, 0),
	(342, 39, 10, '2019-04-06 15:06:58', '2019-04-06 15:07:08', 'abgeschlossen', 5, 0),
	(343, 39, 10, '2019-04-06 15:07:10', '2019-04-06 15:07:20', 'abgeschlossen', 2, 0),
	(344, 39, 2, '2019-04-06 15:07:55', '2019-04-06 15:08:00', 'abgeschlossen', 0, 0),
	(345, 39, 6, '2019-04-06 15:08:08', '2019-04-06 15:08:13', 'abgeschlossen', 2, 0),
	(346, 39, 10, '2019-04-06 15:10:43', '2019-04-06 15:10:53', 'abgeschlossen', 6, 0),
	(347, 26, 2, '2019-04-06 15:13:41', '2019-04-06 15:13:46', 'abgeschlossen', 0, 0),
	(348, 26, 7, '2019-04-06 15:13:49', '2019-04-06 15:13:54', 'abgeschlossen', 8, 0),
	(349, 26, 2, '2019-04-06 15:14:00', '2019-04-06 15:14:05', 'abgeschlossen', 0, 0),
	(350, 26, 7, '2019-04-06 15:14:10', '2019-04-06 15:14:15', 'abgeschlossen', 8, 0),
	(351, 26, 2, '2019-04-06 15:14:19', '2019-04-06 15:14:24', 'abgeschlossen', 0, 0),
	(352, 26, 7, '2019-04-06 15:14:31', '2019-04-06 15:14:36', 'abgeschlossen', 12, 0),
	(353, 26, 10, '2019-04-06 15:47:18', '2019-04-06 15:47:28', 'abgeschlossen', 3, 0),
	(354, 26, 2, '2019-04-06 15:47:33', '2019-04-06 15:47:38', 'abgeschlossen', 0, 0),
	(355, 26, 6, '2019-04-06 15:47:48', '2019-04-06 15:47:53', 'abgeschlossen', 25, 0),
	(356, 26, 2, '2019-04-06 15:49:17', '2019-04-06 15:49:22', 'abgeschlossen', 0, 0),
	(357, 26, 2, '2019-04-06 15:49:29', '2019-04-06 15:49:34', 'abgeschlossen', 0, 0),
	(358, 26, 6, '2019-04-06 15:49:40', '2019-04-06 15:49:45', 'abgeschlossen', 27, 0),
	(359, 26, 10, '2019-04-06 15:50:43', '2019-04-06 15:50:53', 'abgeschlossen', 5, 0),
	(360, 26, 2, '2019-04-06 15:51:01', '2019-04-06 15:51:06', 'abgeschlossen', 0, 0),
	(361, 26, 2, '2019-04-06 15:51:31', '2019-04-06 15:51:36', 'abgeschlossen', 0, 0),
	(362, 26, 7, '2019-04-06 15:51:47', '2019-04-06 15:51:52', 'abgeschlossen', 6, 0),
	(363, 26, 2, '2019-04-06 15:52:01', '2019-04-06 15:52:06', 'abgeschlossen', 0, 0),
	(364, 26, 10, '2019-04-06 15:52:20', '2019-04-06 15:52:30', 'abgeschlossen', 7, 0),
	(365, 26, 2, '2019-04-06 15:52:43', '2019-04-06 15:52:48', 'abgeschlossen', 0, 0),
	(366, 26, 10, '2019-04-06 15:52:55', '2019-04-06 15:53:05', 'abgeschlossen', 10, 0),
	(367, 26, 10, '2019-04-06 15:53:13', '2019-04-06 15:53:23', 'abgeschlossen', 7, 0),
	(368, 26, 10, '2019-04-06 15:53:28', '2019-04-06 15:53:38', 'abgeschlossen', 11, 0),
	(369, 26, 10, '2019-04-06 15:53:49', '2019-04-06 15:53:59', 'abgeschlossen', 7, 0),
	(370, 26, 10, '2019-04-06 15:54:10', '2019-04-06 15:54:20', 'abgeschlossen', 10, 0),
	(371, 26, 2, '2019-04-06 15:54:31', '2019-04-06 15:54:36', 'abgeschlossen', 0, 0),
	(372, 26, 2, '2019-04-06 15:54:48', '2019-04-06 15:54:53', 'abgeschlossen', 0, 0),
	(373, 26, 6, '2019-04-06 15:55:09', '2019-04-06 15:55:14', 'abgeschlossen', 36, 0),
	(374, 26, 2, '2019-04-06 15:55:27', '2019-04-06 15:55:32', 'abgeschlossen', 0, 0),
	(375, 26, 6, '2019-04-06 15:55:37', '2019-04-06 15:55:42', 'abgeschlossen', 30, 0),
	(376, 26, 10, '2019-04-06 15:55:45', '2019-04-06 15:55:55', 'abgeschlossen', 7, 0),
	(377, 26, 10, '2019-04-06 15:55:58', '2019-04-06 15:56:08', 'abgeschlossen', 5, 0),
	(378, 26, 10, '2019-04-06 15:56:16', '2019-04-06 15:56:26', 'abgeschlossen', 2, 0),
	(379, 26, 10, '2019-04-06 15:56:29', '2019-04-06 15:56:39', 'abgeschlossen', 6, 0),
	(380, 26, 10, '2019-04-06 15:56:43', '2019-04-06 15:56:53', 'abgeschlossen', 9, 0),
	(381, 26, 2, '2019-04-06 15:56:55', '2019-04-06 15:57:00', 'abgeschlossen', 0, 0),
	(382, 26, 7, '2019-04-06 15:57:22', '2019-04-06 15:57:27', 'abgeschlossen', 29, 0),
	(383, 26, 2, '2019-04-06 15:57:52', '2019-04-06 15:57:57', 'abgeschlossen', 0, 0),
	(384, 26, 6, '2019-04-06 15:58:20', '2019-04-06 15:58:25', 'abgeschlossen', 33, 0),
	(385, 26, 10, '2019-04-06 15:58:31', '2019-04-06 15:58:41', 'abgeschlossen', 1, 0),
	(386, 26, 2, '2019-04-06 15:58:43', '2019-04-06 15:58:48', 'abgeschlossen', 0, 0),
	(387, 26, 6, '2019-04-06 15:59:00', '2019-04-06 15:59:05', 'abgeschlossen', 27, 0),
	(388, 26, 2, '2019-04-06 15:59:08', '2019-04-06 15:59:13', 'abgeschlossen', 0, 0),
	(389, 26, 7, '2019-04-06 15:59:18', '2019-04-06 15:59:23', 'abgeschlossen', 14, 0),
	(390, 26, 10, '2019-04-06 15:59:51', '2019-04-06 16:00:01', 'abgeschlossen', 4, 0),
	(391, 26, 2, '2019-04-06 16:00:04', '2019-04-06 16:00:09', 'abgeschlossen', 0, 0),
	(392, 26, 6, '2019-04-06 16:00:18', '2019-04-06 16:00:23', 'abgeschlossen', 11, 0),
	(393, 26, 2, '2019-04-06 16:00:28', '2019-04-06 16:00:33', 'abgeschlossen', 0, 0),
	(394, 26, 2, '2019-04-06 16:00:45', '2019-04-06 16:00:50', 'abgeschlossen', 0, 0),
	(395, 26, 2, '2019-04-06 16:00:59', '2019-04-06 16:01:04', 'abgeschlossen', 0, 0),
	(396, 26, 2, '2019-04-06 16:01:08', '2019-04-06 16:01:13', 'abgeschlossen', 0, 0),
	(397, 26, 2, '2019-04-06 16:01:18', '2019-04-06 16:01:23', 'abgeschlossen', 0, 0),
	(398, 26, 2, '2019-04-06 16:01:27', '2019-04-06 16:01:32', 'abgeschlossen', 0, 0),
	(399, 26, 2, '2019-04-06 16:01:37', '2019-04-06 16:01:42', 'abgeschlossen', 0, 0),
	(400, 26, 2, '2019-04-06 16:01:48', '2019-04-06 16:01:53', 'abgeschlossen', 0, 0),
	(401, 26, 2, '2019-04-06 16:02:00', '2019-04-06 16:02:05', 'abgeschlossen', 0, 0),
	(402, 26, 2, '2019-04-06 16:02:12', '2019-04-06 16:02:17', 'abgeschlossen', 0, 0),
	(403, 26, 2, '2019-04-06 16:02:24', '2019-04-06 16:02:29', 'abgeschlossen', 0, 0),
	(404, 26, 2, '2019-04-06 16:02:32', '2019-04-06 16:02:37', 'abgeschlossen', 0, 0),
	(405, 26, 2, '2019-04-06 16:02:41', '2019-04-06 16:02:46', 'abgeschlossen', 0, 0),
	(406, 26, 2, '2019-04-06 16:02:49', '2019-04-06 16:02:54', 'abgeschlossen', 0, 0),
	(407, 26, 2, '2019-04-06 16:02:58', '2019-04-06 16:03:03', 'abgeschlossen', 0, 0),
	(408, 26, 6, '2019-04-06 16:03:29', '2019-04-06 16:03:34', 'abgeschlossen', 35, 0),
	(409, 26, 10, '2019-04-06 16:03:40', '2019-04-06 16:03:50', 'abgeschlossen', 8, 0),
	(410, 26, 2, '2019-04-06 16:04:02', '2019-04-06 16:04:07', 'abgeschlossen', 0, 0),
	(411, 26, 2, '2019-04-06 16:04:13', '2019-04-06 16:04:18', 'abgeschlossen', 0, 0),
	(412, 26, 2, '2019-04-06 16:04:24', '2019-04-06 16:04:29', 'abgeschlossen', 0, 0),
	(413, 26, 2, '2019-04-06 16:04:33', '2019-04-06 16:04:38', 'abgeschlossen', 0, 0),
	(414, 26, 2, '2019-05-09 17:25:37', '2019-05-09 17:25:42', 'abgeschlossen', 0, 0),
	(415, 26, 2, '2019-05-09 17:25:52', '2019-05-09 17:25:57', 'abgeschlossen', 0, 0),
	(416, 26, 6, '2019-05-09 17:26:01', '2019-05-09 17:26:06', 'abgeschlossen', 2, 0),
	(417, 39, 2, '2019-05-19 10:42:12', '2019-05-19 10:42:17', 'abgeschlossen', 0, 0),
	(418, 39, 2, '2019-05-19 10:43:04', '2019-05-19 10:43:09', 'abgeschlossen', 0, 0),
	(419, 39, 2, '2019-05-19 10:43:12', '2019-05-19 10:43:17', 'abgeschlossen', 0, 0),
	(420, 39, 6, '2019-05-19 10:43:38', '2019-05-19 10:43:43', 'abgeschlossen', 2, 0),
	(423, 26, 10, '2019-07-21 12:32:27', '2019-07-21 12:32:37', 'abgeschlossen', 9, 0),
	(488, 39, 2, '2019-08-24 15:00:29', '2019-08-24 15:00:34', 'abgeschlossen', 0, 0),
	(489, 26, 2, '2019-08-24 15:00:35', '2019-08-24 15:00:40', 'abgeschlossen', 0, 0),
	(490, 26, 7, '2019-08-24 15:00:45', '2019-08-24 15:00:50', 'abgeschlossen', 7, 0),
	(491, 26, 2, '2019-08-25 11:41:48', '2019-08-25 11:41:53', 'abgeschlossen', 0, 0),
	(492, 26, 7, '2019-08-25 11:43:32', '2019-08-25 11:43:37', 'abgeschlossen', 7, 0),
	(493, 26, 2, '2019-08-25 11:51:31', '2019-08-25 11:51:36', 'abgeschlossen', 0, 0),
	(494, 26, 6, '2019-08-25 11:51:38', '2019-08-25 11:51:43', 'abgeschlossen', 24, 0),
	(495, 26, 2, '2019-08-25 12:00:04', '2019-08-25 12:00:09', 'abgeschlossen', 0, 0),
	(496, 26, 6, '2019-08-25 12:00:11', '2019-08-25 12:00:16', 'abgeschlossen', 23, 0),
	(497, 26, 2, '2019-08-25 14:58:58', '2019-08-25 14:59:03', 'abgeschlossen', 0, 0),
	(498, 26, 6, '2019-08-25 14:59:07', '2019-08-25 14:59:12', 'abgeschlossen', 23, 0),
	(499, 26, 2, '2019-08-25 15:03:39', '2019-08-25 15:03:44', 'abgeschlossen', 0, 0),
	(500, 26, 6, '2019-08-25 15:07:19', '2019-08-25 15:07:24', 'abgeschlossen', 22, 0),
	(501, 26, 2, '2019-08-25 15:08:04', '2019-08-25 15:08:09', 'abgeschlossen', 0, 0),
	(502, 26, 6, '2019-08-25 15:08:12', '2019-08-25 15:08:17', 'abgeschlossen', 35, 0),
	(503, 26, 2, '2019-08-25 15:10:49', '2019-08-25 15:10:54', 'abgeschlossen', 0, 0),
	(504, 26, 6, '2019-08-25 15:10:55', '2019-08-25 15:11:00', 'abgeschlossen', 23, 0),
	(507, 26, 2, '2019-08-25 15:27:30', '2019-08-25 15:27:35', 'abgeschlossen', 0, 0),
	(508, 26, 6, '2019-08-25 15:27:36', '2019-08-25 15:27:41', 'abgeschlossen', 23, 0),
	(510, 26, 2, '2019-08-25 15:46:28', '2019-08-25 15:46:33', 'abgeschlossen', 0, 0),
	(511, 26, 6, '2019-08-25 16:01:08', '2019-08-25 16:01:13', 'abgeschlossen', 5, 0),
	(513, 26, 2, '2019-08-25 16:31:24', '2019-08-25 16:31:29', 'abgeschlossen', 0, 0),
	(514, 26, 7, '2019-08-25 16:31:31', '2019-08-25 16:31:36', 'abgeschlossen', 12, 0),
	(515, 26, 2, '2019-08-25 16:32:14', '2019-08-25 16:32:19', 'abgeschlossen', 0, 0),
	(516, 26, 6, '2019-08-25 16:32:32', '2019-08-25 16:32:37', 'abgeschlossen', 35, 0),
	(518, 26, 2, '2019-08-25 17:01:38', '2019-08-25 17:01:43', 'abgeschlossen', 0, 0),
	(519, 26, 6, '2019-08-25 17:01:44', '2019-08-25 17:01:49', 'abgeschlossen', 23, 0),
	(521, 26, 2, '2019-08-25 17:02:14', '2019-08-25 17:02:19', 'abgeschlossen', 0, 0),
	(522, 26, 6, '2019-08-25 17:02:20', '2019-08-25 17:02:25', 'abgeschlossen', 2, 0),
	(524, 26, 2, '2019-08-25 17:02:36', '2019-08-25 17:02:41', 'abgeschlossen', 0, 0),
	(525, 26, 6, '2019-08-25 17:02:44', '2019-08-25 17:02:49', 'abgeschlossen', 4, 0),
	(527, 26, 2, '2019-08-25 17:10:10', '2019-08-25 17:10:15', 'abgeschlossen', 0, 0),
	(528, 26, 6, '2019-08-25 17:10:18', '2019-08-25 17:10:23', 'abgeschlossen', 2, 0),
	(530, 26, 2, '2019-08-26 18:13:28', '2019-08-26 18:13:33', 'abgeschlossen', 0, 0),
	(531, 26, 6, '2019-08-26 18:13:37', '2019-08-26 18:13:42', 'abgeschlossen', 2, 0),
	(533, 26, 2, '2019-08-26 18:22:59', '2019-08-26 18:23:04', 'abgeschlossen', 0, 0),
	(534, 26, 6, '2019-08-26 18:23:06', '2019-08-26 18:23:11', 'abgeschlossen', 23, 0),
	(536, 26, 2, '2019-08-26 18:26:10', '2019-08-26 18:26:15', 'abgeschlossen', 0, 0),
	(537, 26, 6, '2019-08-26 18:26:16', '2019-08-26 18:26:21', 'abgeschlossen', 4, 0),
	(539, 26, 2, '2019-08-26 18:26:31', '2019-08-26 18:26:36', 'abgeschlossen', 0, 0),
	(540, 26, 6, '2019-08-26 18:26:41', '2019-08-26 18:26:46', 'abgeschlossen', 4, 0),
	(542, 26, 2, '2019-08-26 18:31:05', '2019-08-26 18:31:10', 'abgeschlossen', 0, 0),
	(543, 26, 6, '2019-08-26 18:31:12', '2019-08-26 18:31:17', 'abgeschlossen', 2, 0),
	(545, 26, 2, '2019-08-26 18:34:53', '2019-08-26 18:34:58', 'abgeschlossen', 0, 0),
	(546, 26, 6, '2019-08-26 18:34:59', '2019-08-26 18:35:04', 'abgeschlossen', 2, 0),
	(548, 26, 2, '2019-08-26 18:36:54', '2019-08-26 18:36:59', 'abgeschlossen', 0, 0),
	(549, 26, 6, '2019-08-26 18:37:01', '2019-08-26 18:37:06', 'abgeschlossen', 2, 0),
	(551, 26, 2, '2019-08-26 18:43:18', '2019-08-26 18:43:23', 'abgeschlossen', 0, 0),
	(552, 26, 6, '2019-08-26 18:43:25', '2019-08-26 18:43:30', 'abgeschlossen', 4, 0),
	(554, 26, 2, '2019-08-26 18:45:02', '2019-08-26 18:45:07', 'abgeschlossen', 0, 0),
	(555, 26, 7, '2019-08-26 18:45:10', '2019-08-26 18:45:15', 'abgeschlossen', 6, 0),
	(556, 26, 2, '2019-08-26 18:45:20', '2019-08-26 18:45:25', 'abgeschlossen', 0, 0),
	(557, 26, 6, '2019-08-26 18:45:27', '2019-08-26 18:45:32', 'abgeschlossen', 2, 0),
	(559, 26, 10, '2019-08-26 18:51:22', '2019-08-26 18:51:32', 'abgeschlossen', 8, 0),
	(560, 26, 2, '2019-08-26 18:51:31', '2019-08-26 18:51:36', 'abgeschlossen', 0, 0),
	(561, 26, 7, '2019-08-26 18:51:43', '2019-08-26 18:51:48', 'abgeschlossen', 12, 0),
	(562, 26, 2, '2019-08-26 18:51:50', '2019-08-26 18:51:55', 'abgeschlossen', 0, 0),
	(563, 26, 6, '2019-08-26 18:51:59', '2019-08-26 18:52:04', 'abgeschlossen', 2, 0),
	(565, 26, 2, '2019-08-26 18:53:16', '2019-08-26 18:53:21', 'abgeschlossen', 0, 0),
	(566, 26, 6, '2019-08-26 18:53:23', '2019-08-26 18:53:28', 'abgeschlossen', 2, 0),
	(568, 26, 10, '2019-08-28 16:41:37', '2019-08-28 16:41:47', 'abgeschlossen', 9, 0),
	(569, 26, 2, '2019-08-28 16:41:50', '2019-08-28 16:41:55', 'abgeschlossen', 0, 0),
	(570, 26, 7, '2019-08-28 16:42:01', '2019-08-28 16:42:06', 'abgeschlossen', 6, 0),
	(571, 26, 2, '2019-08-28 16:42:09', '2019-08-28 16:42:14', 'abgeschlossen', 0, 0),
	(572, 26, 6, '2019-08-28 16:42:18', '2019-08-28 16:42:23', 'abgeschlossen', 22, 0),
	(573, 26, 2, '2019-08-28 16:48:18', '2019-08-28 16:48:23', 'abgeschlossen', 0, 0),
	(574, 26, 6, '2019-08-28 16:48:24', '2019-08-28 16:48:29', 'abgeschlossen', 4, 0),
	(575, 26, 2, '2019-08-28 16:51:11', '2019-08-28 16:51:16', 'abgeschlossen', 0, 0),
	(576, 26, 6, '2019-08-28 16:51:18', '2019-08-28 16:51:23', 'abgeschlossen', 23, 0),
	(578, 26, 2, '2019-08-28 16:51:45', '2019-08-28 16:51:50', 'abgeschlossen', 0, 0),
	(579, 26, 6, '2019-08-28 16:51:51', '2019-08-28 16:51:56', 'abgeschlossen', 4, 0),
	(581, 26, 2, '2019-08-28 16:52:12', '2019-08-28 16:52:17', 'abgeschlossen', 0, 0),
	(582, 26, 6, '2019-08-28 16:52:20', '2019-08-28 16:52:25', 'abgeschlossen', 5, 0),
	(584, 26, 2, '2019-08-28 16:52:34', '2019-08-28 16:52:39', 'abgeschlossen', 0, 0),
	(585, 26, 6, '2019-08-28 16:52:40', '2019-08-28 16:52:45', 'abgeschlossen', 4, 0),
	(587, 26, 2, '2019-08-28 17:27:38', '2019-08-28 17:27:43', 'abgeschlossen', 0, 0),
	(588, 26, 6, '2019-08-28 17:27:45', '2019-08-28 17:27:50', 'abgeschlossen', 4, 0),
	(590, 26, 2, '2019-08-28 17:30:09', '2019-08-28 17:30:14', 'abgeschlossen', 0, 0),
	(591, 26, 6, '2019-08-28 17:30:15', '2019-08-28 17:30:20', 'abgeschlossen', 2, 0),
	(593, 26, 2, '2019-08-28 18:05:41', '2019-08-28 18:05:46', 'abgeschlossen', 0, 0),
	(594, 26, 6, '2019-08-28 18:05:48', '2019-08-28 18:05:53', 'abgeschlossen', 23, 0),
	(596, 26, 2, '2019-08-28 18:08:23', '2019-08-28 18:08:28', 'abgeschlossen', 0, 0),
	(597, 26, 6, '2019-08-28 18:08:30', '2019-08-28 18:08:35', 'abgeschlossen', 5, 0),
	(599, 26, 2, '2019-08-28 18:13:14', '2019-08-28 18:13:19', 'abgeschlossen', 0, 0),
	(600, 26, 6, '2019-08-28 18:13:20', '2019-08-28 18:13:25', 'abgeschlossen', 5, 0),
	(602, 26, 2, '2019-08-28 18:21:45', '2019-08-28 18:21:50', 'abgeschlossen', 0, 0),
	(603, 26, 6, '2019-08-28 18:21:51', '2019-08-28 18:21:56', 'abgeschlossen', 2, 0),
	(605, 26, 2, '2019-08-28 18:22:53', '2019-08-28 18:22:58', 'abgeschlossen', 0, 0),
	(606, 26, 2, '2019-08-28 18:32:05', '2019-08-28 18:32:10', 'abgeschlossen', 0, 0),
	(607, 26, 6, '2019-08-28 18:32:30', '2019-08-28 18:32:35', 'abgeschlossen', 5, 0),
	(609, 26, 2, '2019-08-28 18:33:54', '2019-08-28 18:33:59', 'abgeschlossen', 0, 0),
	(610, 26, 6, '2019-08-28 18:34:03', '2019-08-28 18:34:08', 'abgeschlossen', 2, 0),
	(612, 26, 2, '2019-08-28 18:35:04', '2019-08-28 18:35:09', 'abgeschlossen', 0, 0),
	(613, 26, 6, '2019-08-28 18:35:12', '2019-08-28 18:35:17', 'abgeschlossen', 2, 0),
	(682, 43, 10, '2019-09-06 19:16:39', '2019-09-06 19:16:49', 'abgeschlossen', 1, 0),
	(683, 43, 10, '2019-09-06 19:16:52', '2019-09-06 19:17:02', 'abgeschlossen', 9, 0),
	(684, 43, 2, '2019-09-06 19:17:12', '2019-09-06 19:17:17', 'abgeschlossen', 0, 0),
	(685, 43, 6, '2019-09-06 19:17:22', '2019-09-06 19:17:27', 'abgeschlossen', 4, 0),
	(686, 43, 11, '2019-09-06 19:17:29', '2019-09-07 17:02:13', 'abgeschlossen', 4, 0),
	(687, 43, 2, '2019-09-06 20:11:49', '2019-09-06 20:11:54', 'abgeschlossen', 0, 0),
	(688, 43, 2, '2019-09-06 20:20:09', '2019-09-06 20:20:14', 'abgeschlossen', 0, 0),
	(689, 43, 6, '2019-09-06 20:20:16', '2019-09-06 20:20:21', 'abgeschlossen', 4, 0),
	(690, 43, 11, '2019-09-06 20:20:21', '2019-09-07 17:02:13', 'abgeschlossen', 4, 0),
	(691, 43, 2, '2019-09-06 20:21:10', '2019-09-06 20:21:15', 'abgeschlossen', 0, 0),
	(692, 43, 6, '2019-09-06 20:21:17', '2019-09-06 20:21:22', 'abgeschlossen', 4, 0),
	(693, 43, 11, '2019-09-06 20:21:23', '2019-09-07 17:02:13', 'abgeschlossen', 4, 0),
	(694, 43, 2, '2019-09-06 20:22:54', '2019-09-06 20:22:59', 'abgeschlossen', 0, 0),
	(695, 43, 6, '2019-09-06 20:23:01', '2019-09-06 20:23:06', 'abgeschlossen', 4, 0),
	(696, 43, 11, '2019-09-06 20:23:06', '2019-09-07 17:02:13', 'abgeschlossen', 4, 0),
	(697, 43, 2, '2019-09-06 20:24:37', '2019-09-06 20:24:42', 'abgeschlossen', 0, 0),
	(698, 43, 6, '2019-09-06 20:24:43', '2019-09-06 20:24:48', 'abgeschlossen', 4, 0),
	(699, 43, 11, '2019-09-06 20:24:48', '2019-09-07 17:02:13', 'abgeschlossen', 4, 0),
	(700, 43, 2, '2019-09-07 16:36:41', '2019-09-07 16:36:46', 'abgeschlossen', 0, 0),
	(701, 43, 6, '2019-09-07 16:36:48', '2019-09-07 16:36:53', 'abgeschlossen', 4, 0),
	(702, 43, 11, '2019-09-07 16:36:53', '2019-09-07 17:02:13', 'abgeschlossen', 4, 0),
	(703, 43, 2, '2019-09-07 16:37:31', '2019-09-07 16:37:36', 'abgeschlossen', 0, 0),
	(704, 43, 6, '2019-09-07 16:37:38', '2019-09-07 16:37:43', 'abgeschlossen', 4, 0),
	(705, 43, 11, '2019-09-07 16:37:43', '2019-09-07 17:02:13', 'abgeschlossen', 4, 0),
	(706, 43, 2, '2019-09-07 16:46:06', '2019-09-07 16:46:11', 'abgeschlossen', 0, 0),
	(707, 43, 2, '2019-09-07 16:47:52', '2019-09-07 16:47:57', 'abgeschlossen', 0, 0),
	(708, 43, 2, '2019-09-07 16:52:00', '2019-09-07 16:52:05', 'abgeschlossen', 0, 0),
	(709, 43, 6, '2019-09-07 16:52:10', '2019-09-07 16:52:15', 'abgeschlossen', 4, 0),
	(710, 43, 11, '2019-09-07 16:52:16', '2019-09-07 17:02:13', 'abgeschlossen', 4, 0),
	(711, 43, 2, '2019-09-07 16:54:01', '2019-09-07 16:54:06', 'abgeschlossen', 0, 0),
	(712, 43, 6, '2019-09-07 16:54:08', '2019-09-07 16:54:13', 'abgeschlossen', 4, 0),
	(713, 43, 11, '2019-09-07 16:54:13', '2019-09-07 17:02:13', 'abgeschlossen', 4, 0),
	(714, 43, 2, '2019-09-07 17:00:13', '2019-09-07 17:00:18', 'abgeschlossen', 0, 0),
	(715, 43, 6, '2019-09-07 17:00:21', '2019-09-07 17:00:26', 'abgeschlossen', 4, 0),
	(716, 43, 11, '2019-09-07 17:00:26', '2019-09-07 17:02:13', 'abgeschlossen', 4, 0),
	(717, 43, 2, '2019-09-07 17:01:25', '2019-09-07 17:01:30', 'abgeschlossen', 0, 0),
	(718, 43, 6, '2019-09-07 17:01:32', '2019-09-07 17:01:37', 'abgeschlossen', 4, 0),
	(719, 43, 11, '2019-09-07 17:01:37', '2019-09-07 17:02:13', 'abgeschlossen', 4, 0),
	(720, 43, 2, '2019-09-07 17:05:45', '2019-09-07 17:05:50', 'abgeschlossen', 0, 0),
	(721, 43, 6, '2019-09-07 17:05:52', '2019-09-07 17:05:57', 'abgeschlossen', 4, 0),
	(722, 43, 11, '2019-09-07 17:05:57', '2019-09-07 17:06:10', 'abgeschlossen', 4, 0),
	(723, 43, 2, '2019-09-07 17:11:32', '2019-09-07 17:11:37', 'abgeschlossen', 0, 0),
	(724, 43, 6, '2019-09-07 17:18:35', '2019-09-07 17:18:40', 'abgeschlossen', 4, 0),
	(725, 43, 11, '2019-09-07 17:18:40', '2019-09-07 17:19:41', 'abgeschlossen', 4, 0),
	(726, 43, 2, '2019-09-07 17:22:35', '2019-09-07 17:22:40', 'abgeschlossen', 0, 0),
	(727, 43, 6, '2019-09-07 17:22:42', '2019-09-07 17:22:47', 'abgeschlossen', 4, 0),
	(728, 43, 11, '2019-09-07 17:22:47', '2019-09-07 17:25:59', 'abgeschlossen', 43, 0),
	(729, 43, 2, '2019-09-07 17:26:13', '2019-09-07 17:26:18', 'abgeschlossen', 0, 0),
	(730, 43, 6, '2019-09-07 17:26:20', '2019-09-07 17:26:25', 'abgeschlossen', 23, 0),
	(731, 43, 11, '2019-09-07 17:26:25', '2019-09-07 17:27:31', 'abgeschlossen', 44, 0),
	(732, 43, 2, '2019-09-07 21:20:18', '2019-09-07 21:20:23', 'abgeschlossen', 0, 0),
	(733, 43, 6, '2019-09-07 21:20:27', '2019-09-07 21:20:32', 'abgeschlossen', 4, 0),
	(734, 43, 11, '2019-09-07 21:20:32', '2019-09-07 21:50:38', 'abgeschlossen', 45, 0),
	(735, 43, 2, '2019-09-07 21:50:51', '2019-09-07 21:50:56', 'abgeschlossen', 0, 0),
	(736, 43, 6, '2019-09-07 21:50:58', '2019-09-07 21:51:03', 'abgeschlossen', 2, 0),
	(737, 43, 11, '2019-09-07 21:51:03', '2019-09-07 21:51:49', 'abgeschlossen', 46, 0),
	(738, 43, 2, '2019-09-07 21:51:54', '2019-09-07 21:51:59', 'abgeschlossen', 0, 0),
	(739, 43, 6, '2019-09-07 21:52:01', '2019-09-07 21:52:06', 'abgeschlossen', 4, 0),
	(740, 43, 11, '2019-09-07 21:52:06', '2019-09-07 21:55:42', 'abgeschlossen', 47, 0),
	(741, 43, 2, '2019-09-07 21:55:46', '2019-09-07 21:55:51', 'abgeschlossen', 0, 0),
	(742, 43, 6, '2019-09-07 21:55:54', '2019-09-07 21:55:59', 'abgeschlossen', 4, 0),
	(743, 43, 11, '2019-09-07 21:55:59', '2019-09-07 21:56:51', 'abgeschlossen', 48, 0),
	(744, 43, 2, '2019-09-07 21:56:53', '2019-09-07 21:56:58', 'abgeschlossen', 0, 0),
	(745, 43, 6, '2019-09-07 21:56:59', '2019-09-07 21:57:04', 'abgeschlossen', 4, 0),
	(746, 43, 11, '2019-09-07 21:57:04', '2019-09-07 21:58:20', 'abgeschlossen', 49, 0),
	(747, 43, 2, '2019-09-07 21:58:22', '2019-09-07 21:58:27', 'abgeschlossen', 0, 0),
	(748, 43, 6, '2019-09-07 21:58:29', '2019-09-07 21:58:34', 'abgeschlossen', 4, 0),
	(749, 43, 11, '2019-09-07 21:58:34', '2019-09-07 22:00:24', 'abgeschlossen', 50, 0),
	(750, 43, 2, '2019-09-07 22:00:25', '2019-09-07 22:00:30', 'abgeschlossen', 0, 0),
	(751, 43, 6, '2019-09-07 22:00:32', '2019-09-07 22:00:37', 'abgeschlossen', 4, 0),
	(752, 43, 11, '2019-09-07 22:00:37', '2019-09-07 22:02:13', 'abgeschlossen', 51, 0),
	(753, 43, 2, '2019-09-07 22:02:14', '2019-09-07 22:02:19', 'abgeschlossen', 0, 0),
	(754, 43, 6, '2019-09-07 22:02:21', '2019-09-07 22:02:26', 'abgeschlossen', 4, 0),
	(755, 43, 11, '2019-09-07 22:02:26', '2019-09-07 22:04:00', 'abgeschlossen', 52, 0),
	(756, 43, 2, '2019-09-07 22:04:04', '2019-09-07 22:04:09', 'abgeschlossen', 0, 0),
	(757, 43, 6, '2019-09-07 22:04:11', '2019-09-07 22:04:16', 'abgeschlossen', 4, 0),
	(758, 43, 11, '2019-09-07 22:04:16', '2019-09-07 22:08:04', 'abgeschlossen', 53, 0),
	(759, 43, 2, '2019-09-07 22:08:08', '2019-09-07 22:08:13', 'abgeschlossen', 0, 0),
	(760, 43, 6, '2019-09-07 22:08:14', '2019-09-07 22:08:19', 'abgeschlossen', 4, 0),
	(761, 43, 11, '2019-09-07 22:08:19', '2019-09-07 22:09:55', 'abgeschlossen', 54, 0),
	(762, 43, 2, '2019-09-07 22:09:58', '2019-09-07 22:10:03', 'abgeschlossen', 0, 0),
	(763, 43, 6, '2019-09-07 22:10:05', '2019-09-07 22:10:10', 'abgeschlossen', 4, 0),
	(764, 43, 11, '2019-09-07 22:10:10', '2019-09-07 22:12:41', 'abgeschlossen', 55, 0),
	(765, 43, 2, '2019-09-07 22:12:43', '2019-09-07 22:12:48', 'abgeschlossen', 0, 0),
	(766, 43, 6, '2019-09-07 22:12:50', '2019-09-07 22:12:55', 'abgeschlossen', 4, 0),
	(767, 43, 11, '2019-09-07 22:12:55', '2019-09-07 22:14:35', 'abgeschlossen', 56, 0),
	(768, 43, 2, '2019-09-07 22:14:36', '2019-09-07 22:14:41', 'abgeschlossen', 0, 0),
	(769, 43, 6, '2019-09-07 22:14:42', '2019-09-07 22:14:47', 'abgeschlossen', 4, 0),
	(770, 43, 11, '2019-09-07 22:14:47', '2019-09-07 22:17:21', 'abgeschlossen', 57, 0),
	(771, 43, 2, '2019-09-07 22:17:22', '2019-09-07 22:17:27', 'abgeschlossen', 0, 0),
	(772, 43, 6, '2019-09-07 22:17:28', '2019-09-07 22:17:33', 'abgeschlossen', 4, 0),
	(773, 43, 11, '2019-09-07 22:17:33', '2019-09-07 22:22:31', 'abgeschlossen', 58, 0),
	(774, 43, 2, '2019-09-07 22:22:32', '2019-09-07 22:22:37', 'abgeschlossen', 0, 0),
	(775, 43, 6, '2019-09-07 22:22:39', '2019-09-07 22:22:44', 'abgeschlossen', 4, 0),
	(776, 43, 11, '2019-09-07 22:22:44', '2019-09-07 22:25:21', 'abgeschlossen', 59, 0),
	(777, 43, 2, '2019-09-07 22:25:23', '2019-09-07 22:25:28', 'abgeschlossen', 0, 0),
	(778, 43, 6, '2019-09-07 22:25:30', '2019-09-07 22:25:35', 'abgeschlossen', 4, 0),
	(779, 43, 11, '2019-09-07 22:25:35', '2019-09-07 22:26:32', 'abgeschlossen', 60, 0),
	(780, 43, 2, '2019-09-07 22:26:38', '2019-09-07 22:26:43', 'abgeschlossen', 0, 0),
	(781, 43, 6, '2019-09-07 22:26:46', '2019-09-07 22:26:51', 'abgeschlossen', 4, 0),
	(782, 43, 11, '2019-09-07 22:26:53', '2019-09-07 22:41:37', 'abgeschlossen', 61, 0),
	(783, 43, 2, '2019-09-07 22:41:47', '2019-09-07 22:41:52', 'abgeschlossen', 0, 0),
	(784, 43, 6, '2019-09-07 22:41:54', '2019-09-07 22:41:59', 'abgeschlossen', 4, 0),
	(785, 43, 11, '2019-09-07 22:41:59', '2019-09-07 22:42:05', 'abgeschlossen', 62, 0),
	(786, 43, 2, '2019-09-07 22:43:00', '2019-09-07 22:43:05', 'abgeschlossen', 0, 0),
	(787, 43, 6, '2019-09-07 22:43:07', '2019-09-07 22:43:12', 'abgeschlossen', 4, 0),
	(788, 43, 11, '2019-09-07 22:43:12', '2019-09-07 22:43:17', 'abgeschlossen', 63, 0),
	(789, 43, 2, '2019-09-07 22:43:21', '2019-09-07 22:43:26', 'abgeschlossen', 0, 0),
	(790, 43, 6, '2019-09-07 22:43:28', '2019-09-07 22:43:33', 'abgeschlossen', 4, 0),
	(791, 43, 11, '2019-09-07 22:43:33', '2019-09-07 22:43:37', 'abgeschlossen', 64, 0),
	(792, 43, 2, '2019-09-07 22:46:31', '2019-09-07 22:46:36', 'abgeschlossen', 0, 0),
	(793, 43, 6, '2019-09-07 22:46:39', '2019-09-07 22:46:44', 'abgeschlossen', 23, 0),
	(794, 43, 11, '2019-09-07 22:46:44', '2019-09-07 22:47:07', 'abgeschlossen', 65, 0),
	(795, 45, 10, '2019-09-07 22:47:54', '2019-09-07 22:48:04', 'abgeschlossen', 5, 0),
	(796, 45, 2, '2019-09-07 22:48:08', '2019-09-07 22:48:13', 'abgeschlossen', 0, 0),
	(797, 45, 7, '2019-09-07 22:50:16', '2019-09-07 22:50:21', 'abgeschlossen', 8, 0),
	(798, 45, 2, '2019-09-07 22:50:24', '2019-09-07 22:50:29', 'abgeschlossen', 0, 0),
	(799, 45, 2, '2019-09-07 22:50:32', '2019-09-07 22:50:37', 'abgeschlossen', 0, 0),
	(800, 45, 2, '2019-09-07 22:50:41', '2019-09-07 22:50:46', 'abgeschlossen', 0, 0),
	(801, 45, 2, '2019-09-07 22:50:49', '2019-09-07 22:50:54', 'abgeschlossen', 0, 0),
	(802, 45, 10, '2019-09-07 22:50:56', '2019-09-07 22:51:06', 'abgeschlossen', 3, 0),
	(803, 45, 2, '2019-09-07 22:51:09', '2019-09-07 22:51:14', 'abgeschlossen', 0, 0),
	(804, 45, 6, '2019-09-07 22:51:16', '2019-09-07 22:51:21', 'abgeschlossen', 27, 0),
	(805, 45, 11, '2019-09-07 22:51:21', '2019-09-07 22:51:25', 'abgeschlossen', 66, 0),
	(806, 45, 2, '2019-09-07 22:57:19', '2019-09-07 22:57:24', 'abgeschlossen', 0, 0),
	(807, 45, 6, '2019-09-07 22:57:26', '2019-09-07 22:57:31', 'abgeschlossen', 10, 0),
	(808, 45, 11, '2019-09-07 22:57:31', '2019-09-07 22:57:40', 'abgeschlossen', 67, 0),
	(809, 45, 10, '2019-09-07 22:57:46', '2019-09-07 22:57:56', 'abgeschlossen', 5, 0),
	(810, 45, 10, '2019-09-09 12:07:09', '2019-09-09 12:07:19', 'abgeschlossen', 7, 0),
	(811, 45, 10, '2019-09-09 12:07:28', '2019-09-09 12:07:38', 'abgeschlossen', 11, 0),
	(812, 45, 10, '2019-09-09 12:07:41', '2019-09-09 12:07:51', 'abgeschlossen', 4, 0),
	(813, 45, 10, '2019-09-09 12:07:56', '2019-09-09 12:08:06', 'abgeschlossen', 8, 0),
	(814, 45, 10, '2019-09-09 12:08:12', '2019-09-09 12:08:22', 'abgeschlossen', 9, 0),
	(815, 45, 2, '2019-09-09 12:08:25', '2019-09-09 12:08:30', 'abgeschlossen', 0, 0),
	(816, 45, 6, '2019-09-09 12:08:33', '2019-09-09 12:08:38', 'abgeschlossen', 4, 0),
	(817, 45, 11, '2019-09-09 12:08:40', '2019-09-09 14:08:54', 'abgeschlossen', 68, 0),
	(818, 26, 2, '2019-09-09 12:44:00', '2019-09-09 12:44:05', 'abgeschlossen', 0, 0),
	(819, 26, 6, '2019-09-09 12:44:07', '2019-09-09 12:44:12', 'abgeschlossen', 4, 0),
	(820, 26, 11, '2019-09-09 12:44:12', '2019-09-09 13:12:44', 'abgeschlossen', 69, 0),
	(821, 26, 2, '2019-09-09 13:12:49', '2019-09-09 13:12:54', 'abgeschlossen', 0, 0),
	(822, 26, 6, '2019-09-09 13:12:56', '2019-09-09 13:13:01', 'abgeschlossen', 4, 0),
	(823, 26, 11, '2019-09-09 13:13:02', '2019-09-09 13:13:36', 'abgeschlossen', 70, 0),
	(824, 26, 2, '2019-09-09 13:15:45', '2019-09-09 13:15:50', 'abgeschlossen', 0, 0),
	(825, 26, 6, '2019-09-09 13:17:25', '2019-09-09 13:17:30', 'abgeschlossen', 4, 0),
	(826, 26, 11, '2019-09-09 13:17:30', '2019-09-09 14:06:04', 'abgeschlossen', 71, 0),
	(827, 45, 2, '2019-09-09 14:10:00', '2019-09-09 14:10:05', 'abgeschlossen', 0, 0),
	(828, 45, 6, '2019-09-09 14:10:08', '2019-09-09 14:10:13', 'abgeschlossen', 5, 0),
	(829, 45, 11, '2019-09-09 14:10:13', '2019-09-09 14:10:38', 'abgeschlossen', 72, 0),
	(830, 45, 2, '2019-09-09 14:11:29', '2019-09-09 14:11:34', 'abgeschlossen', 0, 0),
	(831, 45, 6, '2019-09-09 14:12:11', '2019-09-09 14:12:16', 'abgeschlossen', 36, 0),
	(832, 45, 11, '2019-09-09 14:12:18', '2019-09-09 18:58:42', 'abgeschlossen', 73, 0),
	(833, 45, 2, '2019-09-09 18:58:47', '2019-09-09 18:58:52', 'abgeschlossen', 0, 0),
	(834, 45, 6, '2019-09-09 18:59:04', '2019-09-09 18:59:09', 'abgeschlossen', 4, 0),
	(835, 45, 11, '2019-09-09 18:59:09', '2019-09-09 19:01:00', 'abgeschlossen', 74, 0),
	(836, 45, 2, '2019-09-09 19:01:03', '2019-09-09 19:01:08', 'abgeschlossen', 0, 0),
	(837, 45, 6, '2019-09-09 19:01:10', '2019-09-09 19:01:15', 'abgeschlossen', 4, 0),
	(838, 45, 11, '2019-09-09 19:01:15', '2019-09-09 19:04:32', 'abgeschlossen', 75, 0),
	(839, 45, 2, '2019-09-09 19:04:38', '2019-09-09 19:04:43', 'abgeschlossen', 0, 0),
	(840, 45, 6, '2019-09-09 19:04:44', '2019-09-09 19:04:49', 'abgeschlossen', 4, 0),
	(841, 45, 11, '2019-09-09 19:04:51', '2019-09-09 19:07:09', 'abgeschlossen', 76, 0),
	(842, 45, 2, '2019-09-09 19:07:15', '2019-09-09 19:07:20', 'abgeschlossen', 0, 0),
	(843, 45, 6, '2019-09-09 19:07:23', '2019-09-09 19:07:28', 'abgeschlossen', 4, 0),
	(844, 45, 11, '2019-09-09 19:07:28', '2019-09-12 17:10:52', 'abgeschlossen', 77, 0),
	(845, 45, 2, '2019-09-12 17:10:59', '2019-09-12 17:11:04', 'abgeschlossen', 0, 0),
	(846, 45, 6, '2019-09-12 17:11:11', '2019-09-12 17:11:16', 'abgeschlossen', 4, 0),
	(847, 45, 11, '2019-09-12 17:11:17', '2019-09-12 17:11:22', 'abgeschlossen', 78, 0),
	(848, 45, 2, '2019-09-12 17:16:00', '2019-09-12 17:16:05', 'abgeschlossen', 0, 0),
	(849, 45, 6, '2019-09-12 17:16:37', '2019-09-12 17:16:42', 'abgeschlossen', 4, 0),
	(850, 45, 11, '2019-09-12 17:16:46', '2019-09-12 17:17:38', 'abgeschlossen', 79, 0),
	(851, 45, 2, '2019-09-12 17:20:37', '2019-09-12 17:20:42', 'abgeschlossen', 0, 0),
	(852, 45, 6, '2019-09-12 17:20:45', '2019-09-12 17:20:50', 'abgeschlossen', 4, 0),
	(853, 45, 11, '2019-09-12 17:20:50', '2019-09-12 17:21:02', 'abgeschlossen', 80, 0),
	(854, 45, 2, '2019-09-12 17:21:29', '2019-09-12 17:21:34', 'abgeschlossen', 0, 0),
	(855, 45, 2, '2019-09-12 17:21:43', '2019-09-12 17:21:48', 'abgeschlossen', 0, 0),
	(856, 45, 2, '2019-09-12 17:21:58', '2019-09-12 17:22:03', 'abgeschlossen', 0, 0),
	(857, 45, 6, '2019-09-12 17:22:05', '2019-09-12 17:22:10', 'abgeschlossen', 4, 0),
	(858, 45, 11, '2019-09-12 17:22:12', '2019-09-12 17:22:14', 'abgeschlossen', 81, 0),
	(859, 45, 2, '2019-09-12 17:36:43', '2019-09-12 17:36:48', 'abgeschlossen', 0, 0),
	(860, 45, 6, '2019-09-12 17:36:52', '2019-09-12 17:36:57', 'abgeschlossen', 4, 0),
	(861, 45, 11, '2019-09-12 17:36:58', '2019-09-12 18:19:12', 'abgeschlossen', 82, 0),
	(862, 45, 2, '2019-09-12 18:19:15', '2019-09-12 18:19:20', 'abgeschlossen', 0, 0),
	(863, 45, 6, '2019-09-12 18:19:22', '2019-09-12 18:19:27', 'abgeschlossen', 4, 0),
	(864, 45, 11, '2019-09-12 18:19:27', '2019-09-12 18:21:02', 'abgeschlossen', 83, 0),
	(865, 45, 2, '2019-09-12 18:21:05', '2019-09-12 18:21:10', 'abgeschlossen', 0, 0),
	(866, 45, 6, '2019-09-12 18:21:11', '2019-09-12 18:21:16', 'abgeschlossen', 4, 0),
	(867, 45, 11, '2019-09-12 18:21:36', '2019-09-16 19:31:01', 'abgeschlossen', 84, 0),
	(868, 45, 2, '2019-09-16 19:31:19', '2019-09-16 19:31:24', 'abgeschlossen', 0, 0),
	(869, 45, 6, '2019-09-16 19:31:27', '2019-09-16 19:31:32', 'abgeschlossen', 5, 0),
	(870, 45, 11, '2019-09-16 19:31:32', '2019-09-16 19:35:33', 'abgeschlossen', 85, 0),
	(871, 45, 2, '2019-09-16 19:36:03', '2019-09-16 19:36:08', 'abgeschlossen', 0, 0),
	(872, 45, 6, '2019-09-16 19:36:10', '2019-09-16 19:36:15', 'abgeschlossen', 4, 0),
	(873, 45, 11, '2019-09-16 19:36:15', '2019-09-16 19:38:02', 'abgeschlossen', 86, 0),
	(874, 45, 2, '2019-09-16 19:41:06', '2019-09-16 19:41:11', 'abgeschlossen', 0, 0),
	(875, 45, 6, '2019-09-16 19:41:12', '2019-09-16 19:41:17', 'abgeschlossen', 4, 0),
	(876, 45, 11, '2019-09-16 19:41:17', '2019-09-16 19:43:28', 'abgeschlossen', 87, 0),
	(877, 45, 2, '2019-09-16 19:44:35', '2019-09-16 19:44:40', 'abgeschlossen', 0, 0),
	(878, 45, 6, '2019-09-16 19:44:41', '2019-09-16 19:44:46', 'abgeschlossen', 4, 0),
	(879, 45, 11, '2019-09-16 19:44:46', '2019-09-16 19:45:20', 'abgeschlossen', 88, 0),
	(880, 45, 2, '2019-09-17 18:54:41', '2019-09-17 18:54:46', 'abgeschlossen', 0, 0),
	(881, 45, 6, '2019-09-17 18:55:36', '2019-09-17 18:55:41', 'abgeschlossen', 4, 0),
	(882, 45, 11, '2019-09-17 18:55:41', '2019-09-17 18:57:04', 'abgeschlossen', 89, 0),
	(883, 45, 2, '2019-09-17 19:02:58', '2019-09-17 19:03:03', 'abgeschlossen', 0, 0),
	(884, 45, 6, '2019-09-17 19:03:04', '2019-09-17 19:03:09', 'abgeschlossen', 4, 0),
	(885, 45, 11, '2019-09-17 19:03:09', '2019-09-17 19:03:38', 'abgeschlossen', 90, 0),
	(886, 45, 2, '2019-09-17 19:20:27', '2019-09-17 19:20:32', 'abgeschlossen', 0, 0),
	(887, 45, 6, '2019-09-17 19:20:34', '2019-09-17 19:20:39', 'abgeschlossen', 4, 0),
	(888, 45, 11, '2019-09-17 19:20:39', '2019-09-17 19:22:14', 'abgeschlossen', 91, 0),
	(889, 45, 2, '2019-09-17 19:24:06', '2019-09-17 19:24:11', 'abgeschlossen', 0, 0),
	(890, 45, 6, '2019-09-17 19:24:12', '2019-09-17 19:24:17', 'abgeschlossen', 4, 0),
	(891, 45, 11, '2019-09-17 19:24:17', '2019-09-17 19:25:19', 'abgeschlossen', 92, 0),
	(892, 45, 2, '2019-09-17 19:30:32', '2019-09-17 19:30:37', 'abgeschlossen', 0, 0),
	(893, 45, 6, '2019-09-17 19:30:39', '2019-09-17 19:30:44', 'abgeschlossen', 4, 0),
	(894, 45, 11, '2019-09-17 19:30:44', '2019-09-17 19:40:44', 'abgeschlossen', 93, 0),
	(895, 45, 2, '2019-09-17 19:44:40', '2019-09-17 19:44:45', 'abgeschlossen', 0, 0),
	(896, 45, 6, '2019-09-17 19:44:46', '2019-09-17 19:44:51', 'abgeschlossen', 4, 0),
	(897, 45, 11, '2019-09-17 19:44:51', '2019-09-17 19:45:05', 'abgeschlossen', 94, 0),
	(898, 45, 2, '2019-09-17 19:45:07', '2019-09-17 19:45:12', 'abgeschlossen', 0, 0),
	(899, 45, 6, '2019-09-17 19:45:31', '2019-09-17 19:45:36', 'abgeschlossen', 4, 0),
	(900, 45, 11, '2019-09-17 19:45:36', '2019-09-17 19:46:08', 'abgeschlossen', 95, 0),
	(901, 45, 2, '2019-09-17 19:46:09', '2019-09-17 19:46:14', 'abgeschlossen', 0, 0),
	(902, 45, 6, '2019-09-17 19:46:17', '2019-09-17 19:46:22', 'abgeschlossen', 5, 0),
	(903, 45, 11, '2019-09-17 19:46:22', '2019-09-17 19:47:36', 'abgeschlossen', 96, 0),
	(904, 45, 2, '2019-09-17 19:47:39', '2019-09-17 19:47:44', 'abgeschlossen', 0, 0),
	(905, 45, 6, '2019-09-17 19:47:46', '2019-09-17 19:47:51', 'abgeschlossen', 4, 0),
	(906, 45, 11, '2019-09-17 19:48:15', '2019-09-17 19:49:58', 'abgeschlossen', 97, 0),
	(907, 45, 2, '2019-09-17 19:50:00', '2019-09-17 19:50:05', 'abgeschlossen', 0, 0),
	(908, 45, 6, '2019-09-17 19:50:06', '2019-09-17 19:50:11', 'abgeschlossen', 4, 0),
	(909, 45, 11, '2019-09-17 19:50:11', '2019-09-17 19:50:55', 'abgeschlossen', 98, 0),
	(910, 45, 2, '2019-09-17 19:51:15', '2019-09-17 19:51:20', 'abgeschlossen', 0, 0),
	(911, 45, 6, '2019-09-17 19:51:22', '2019-09-17 19:51:27', 'abgeschlossen', 4, 0),
	(912, 45, 11, '2019-09-17 19:51:27', '2019-09-17 19:52:00', 'abgeschlossen', 99, 0),
	(913, 45, 2, '2019-09-17 19:52:03', '2019-09-17 19:52:08', 'abgeschlossen', 0, 0),
	(914, 45, 6, '2019-09-17 19:52:30', '2019-09-17 19:52:35', 'abgeschlossen', 4, 0),
	(915, 45, 11, '2019-09-17 19:52:35', '2019-09-17 19:53:37', 'abgeschlossen', 100, 0),
	(916, 45, 2, '2019-09-17 19:54:23', '2019-09-17 19:54:28', 'abgeschlossen', 0, 0),
	(917, 45, 6, '2019-09-17 19:54:30', '2019-09-17 19:54:35', 'abgeschlossen', 4, 0),
	(918, 45, 11, '2019-09-17 19:54:35', '2019-09-17 19:56:37', 'abgeschlossen', 101, 0),
	(919, 45, 2, '2019-09-17 19:56:39', '2019-09-17 19:56:44', 'abgeschlossen', 0, 0),
	(920, 45, 6, '2019-09-17 19:57:26', '2019-09-17 19:57:31', 'abgeschlossen', 4, 0),
	(921, 45, 11, '2019-09-17 19:57:31', '2019-09-17 19:58:14', 'abgeschlossen', 102, 0),
	(922, 45, 2, '2019-09-17 19:58:17', '2019-09-17 19:58:22', 'abgeschlossen', 0, 0),
	(923, 45, 6, '2019-09-17 19:58:24', '2019-09-17 19:58:29', 'abgeschlossen', 35, 0),
	(924, 45, 11, '2019-09-17 19:58:29', '2019-09-17 19:59:02', 'abgeschlossen', 103, 0),
	(925, 45, 2, '2019-09-22 15:11:51', '2019-09-22 15:11:56', 'abgeschlossen', 0, 0),
	(926, 45, 6, '2019-09-22 15:11:57', '2019-09-22 15:12:02', 'abgeschlossen', 4, 0),
	(927, 45, 11, '2019-09-22 15:12:02', '2019-09-22 15:13:28', 'abgeschlossen', 104, 0),
	(928, 45, 2, '2019-09-22 15:16:34', '2019-09-22 15:16:39', 'abgeschlossen', 0, 0),
	(929, 45, 6, '2019-09-22 15:16:40', '2019-09-22 15:16:45', 'abgeschlossen', 4, 0),
	(930, 45, 11, '2019-09-22 15:16:46', '2019-09-22 15:48:05', 'abgeschlossen', 105, 0),
	(931, 45, 2, '2019-09-22 15:48:11', '2019-09-22 15:48:16', 'abgeschlossen', 0, 0),
	(932, 45, 6, '2019-09-22 15:48:17', '2019-09-22 15:48:22', 'abgeschlossen', 4, 0),
	(933, 45, 11, '2019-09-22 15:48:22', '2019-09-22 15:49:18', 'abgeschlossen', 106, 0),
	(934, 45, 2, '2019-09-22 15:49:20', '2019-09-22 15:49:25', 'abgeschlossen', 0, 0),
	(935, 45, 6, '2019-09-22 15:49:26', '2019-09-22 15:49:31', 'abgeschlossen', 4, 0),
	(936, 45, 11, '2019-09-22 15:49:31', '2019-09-22 15:50:22', 'abgeschlossen', 107, 0),
	(937, 45, 2, '2019-09-22 15:50:26', '2019-09-22 15:50:31', 'abgeschlossen', 0, 0),
	(938, 45, 6, '2019-09-22 15:50:34', '2019-09-22 15:50:39', 'abgeschlossen', 4, 0),
	(939, 45, 11, '2019-09-22 15:50:50', '2019-09-22 15:51:39', 'abgeschlossen', 108, 0),
	(940, 45, 2, '2019-09-22 15:52:21', '2019-09-22 15:52:26', 'abgeschlossen', 0, 0),
	(941, 45, 6, '2019-09-22 15:52:27', '2019-09-22 15:52:32', 'abgeschlossen', 4, 0),
	(942, 45, 11, '2019-09-22 15:52:33', '2019-09-22 15:52:48', 'abgeschlossen', 109, 0),
	(943, 45, 2, '2019-09-22 16:01:15', '2019-09-22 16:01:20', 'abgeschlossen', 0, 0),
	(944, 45, 6, '2019-09-22 16:03:28', '2019-09-22 16:03:33', 'abgeschlossen', 4, 0),
	(945, 45, 11, '2019-09-22 16:03:33', '2019-09-22 16:03:55', 'abgeschlossen', 110, 0),
	(946, 45, 2, '2019-09-22 16:55:51', '2019-09-22 16:55:56', 'abgeschlossen', 0, 0),
	(947, 45, 6, '2019-09-22 16:55:57', '2019-09-22 16:56:02', 'abgeschlossen', 4, 0),
	(948, 45, 11, '2019-09-22 16:56:03', '2019-09-22 16:57:20', 'abgeschlossen', 111, 0),
	(949, 45, 2, '2019-09-22 16:57:53', '2019-09-22 16:57:58', 'abgeschlossen', 0, 0),
	(950, 45, 6, '2019-09-22 16:57:59', '2019-09-22 16:58:04', 'abgeschlossen', 4, 0),
	(951, 45, 11, '2019-09-22 16:58:04', '2019-09-22 17:02:26', 'abgeschlossen', 112, 0),
	(952, 45, 2, '2019-09-22 17:02:39', '2019-09-22 17:02:44', 'abgeschlossen', 0, 0),
	(953, 45, 6, '2019-09-22 17:02:45', '2019-09-22 17:02:50', 'abgeschlossen', 4, 0),
	(954, 45, 11, '2019-09-22 17:02:50', '2019-09-22 17:04:06', 'abgeschlossen', 113, 0),
	(955, 45, 2, '2019-09-22 17:04:10', '2019-09-22 17:04:15', 'abgeschlossen', 0, 0),
	(956, 45, 6, '2019-09-22 17:04:52', '2019-09-22 17:04:57', 'abgeschlossen', 4, 0),
	(957, 45, 11, '2019-09-22 17:04:57', '2019-09-22 17:18:52', 'abgeschlossen', 114, 0),
	(958, 45, 2, '2019-09-22 17:47:40', '2019-09-22 17:47:45', 'abgeschlossen', 0, 0),
	(959, 45, 6, '2019-09-22 17:47:46', '2019-09-22 17:47:51', 'abgeschlossen', 4, 0),
	(960, 45, 11, '2019-09-22 17:47:51', '2019-09-22 18:27:27', 'abgeschlossen', 115, 0),
	(961, 45, 2, '2019-09-22 18:27:50', '2019-09-22 18:27:55', 'abgeschlossen', 0, 0),
	(962, 45, 6, '2019-09-22 18:27:56', '2019-09-22 18:28:01', 'abgeschlossen', 4, 0),
	(963, 45, 11, '2019-09-22 18:28:01', '2019-09-22 18:28:50', 'abgeschlossen', 116, 0),
	(964, 45, 2, '2019-09-22 18:29:46', '2019-09-22 18:29:51', 'abgeschlossen', 0, 0),
	(965, 45, 6, '2019-09-22 18:29:52', '2019-09-22 18:29:57', 'abgeschlossen', 4, 0),
	(966, 45, 11, '2019-09-22 18:29:57', '2019-09-22 18:30:46', 'abgeschlossen', 117, 0),
	(967, 45, 2, '2019-09-22 18:31:02', '2019-09-22 18:31:07', 'abgeschlossen', 0, 0),
	(968, 45, 6, '2019-09-22 18:31:11', '2019-09-22 18:31:16', 'abgeschlossen', 4, 0),
	(969, 45, 11, '2019-09-22 18:31:16', '2019-09-22 18:32:04', 'abgeschlossen', 118, 0),
	(970, 45, 2, '2019-09-22 18:37:21', '2019-09-22 18:37:26', 'abgeschlossen', 0, 0),
	(971, 45, 6, '2019-09-22 18:37:27', '2019-09-22 18:37:32', 'abgeschlossen', 4, 0),
	(972, 45, 11, '2019-09-22 18:37:32', '2037-12-31 23:59:59', 'gestartet', 119, 0);
/*!40000 ALTER TABLE `aktion_spieler` ENABLE KEYS */;

-- Exportiere Struktur von Tabelle db_dvg.bilder
DROP TABLE IF EXISTS `bilder`;
CREATE TABLE IF NOT EXISTS `bilder` (
  `id` int(10) NOT NULL AUTO_INCREMENT,
  `titel` varchar(50) COLLATE utf8_unicode_ci NOT NULL,
  `pfad` varchar(100) COLLATE utf8_unicode_ci NOT NULL,
  PRIMARY KEY (`id`)
) ENGINE=InnoDB AUTO_INCREMENT=278 DEFAULT CHARSET=utf8 COLLATE=utf8_unicode_ci COMMENT='Bilder mit Speicherpfad, separatem Bildtitel und Beschreibung';

-- Exportiere Daten aus Tabelle db_dvg.bilder: ~232 rows (ungefähr)
DELETE FROM `bilder`;
/*!40000 ALTER TABLE `bilder` DISABLE KEYS */;
INSERT INTO `bilder` (`id`, `titel`, `pfad`) VALUES
	(1, '---ohne---', ''),
	(2, 'Sumpf', '../Platzhalter_gebiete/Gross/sumpf.jpg'),
	(3, 'Vulkan', '../Platzhalter_gebiete/Gross/vulkan.jpg'),
	(4, 'Eissee', '../Platzhalter_gebiete/Gross/eissee.jpg'),
	(5, 'Dschungel', '../Platzhalter_gebiete/Gross/dschungel.jpg'),
	(6, 'Klippe', '../Platzhalter_gebiete/Gross/klippe.jpg'),
	(7, 'Kristallhoehle', '../Platzhalter_gebiete/Gross/kristallhoehle.jpg'),
	(8, 'Wueste', '../Platzhalter_gebiete/Gross/wueste.jpg'),
	(9, 'Mammutbaum', '../Platzhalter_gebiete/Gross/mammutbaum.jpg'),
	(10, 'Wald', '../Platzhalter_gebiete/Gross/wald.jpg'),
	(11, 'Oase', '../Platzhalter_gebiete/Gross/oase.jpg'),
	(12, 'Steppe', '../Platzhalter_gebiete/Gross/steppe.jpg'),
	(13, 'Drache_laufend', '../Bilder/Drache_laeuft.gif'),
	(14, 'Drache_kaempfend', '../Bilder/Drache_kaempft.gif'),
	(15, 'Drache_wartend', '../Bilder/Drache_wartet.png'),
	(37, 'Adelie Pinguin', '../Bilder/NPC/Adelie pinguin.png'),
	(38, 'Gürteltier', '../Bilder/NPC/Gürteltier.png'),
	(39, 'Hase', '../Bilder/NPC/Hase.png'),
	(40, 'Hibiskus', '../Bilder/NPC/Hibiskus.png'),
	(41, 'Alligator', '../Bilder/NPC/alligator.png'),
	(42, 'Alpaca', '../Bilder/NPC/alpaca.png'),
	(43, 'Ara', '../Bilder/NPC/ara.png'),
	(44, 'Bambus', '../Bilder/NPC/bambus.png'),
	(45, 'Eisbär', '../Bilder/NPC/eisbär.png'),
	(46, 'Erdmännchen', '../Bilder/NPC/erdmännchen.png'),
	(47, 'Frettchen', '../Bilder/NPC/frettchen.png'),
	(48, 'Hahn', '../Bilder/NPC/hahn.png'),
	(49, 'Hyäne', '../Bilder/NPC/hyäne.png'),
	(57, 'AlterDrache', '../Bilder/AlterDrache.png'),
	(58, 'AusgewachsenerDrache', '../Bilder/AusgewachsenerDrache.png'),
	(59, 'Babydrache', '../Bilder/Babydrache.png'),
	(60, 'Deckblatt', '../Bilder/Deckblatt.png'),
	(61, 'Deckblatt_alt', '../Bilder/Deckblatt_alt.png'),
	(62, 'Drachenkind', '../Bilder/Drachenkind.png'),
	(63, 'Dschungel', '../Bilder/Dschungel.png'),
	(64, 'Eissee', '../Bilder/Eissee.png'),
	(65, 'Erdei', '../Bilder/Erdei.png'),
	(66, 'Erdei_klein', '../Bilder/Erdei_klein.png'),
	(67, 'ErfahrenerDrache', '../Bilder/ErfahrenerDrache.png'),
	(68, 'ErwachsenerDrache', '../Bilder/ErwachsenerDrache.png'),
	(69, 'Feuerei', '../Bilder/Feuerei.png'),
	(70, 'Feuerei_klein', '../Bilder/Feuerei_klein.png'),
	(71, 'JugendlicherDrache', '../Bilder/JugendlicherDrache.png'),
	(72, 'Klippe', '../Bilder/Klippe.png'),
	(73, 'Luftei', '../Bilder/Luftei.png'),
	(74, 'Luftei_klein', '../Bilder/Luftei_klein.png'),
	(75, 'Perlmutterfalter', '../Bilder/NPC/Perlmutterfalter.png'),
	(76, 'Rohrkolben', '../Bilder/NPC/Rohrkolben.png'),
	(77, 'Rotfuchs', '../Bilder/NPC/Rotfuchs.png'),
	(78, 'Sonnenblume', '../Bilder/NPC/Sonnenblume.png'),
	(79, 'Tiger', '../Bilder/NPC/Tiger.png'),
	(80, 'Toco', '../Bilder/NPC/Toco.png'),
	(81, 'Trauermantel', '../Bilder/NPC/Trauermantel.png'),
	(82, 'impala', '../Bilder/NPC/impala.png'),
	(83, 'jaguar', '../Bilder/NPC/jaguar.png'),
	(84, 'knoblauch', '../Bilder/NPC/knoblauch.png'),
	(85, 'kupfer_schmetterling', '../Bilder/NPC/kupfer_schmetterling.png'),
	(86, 'kürbis', '../Bilder/NPC/kürbis.png'),
	(87, 'luchs', '../Bilder/NPC/luchs.png'),
	(88, 'löwe', '../Bilder/NPC/löwe.png'),
	(89, 'mandrill', '../Bilder/NPC/mandrill.png'),
	(90, 'marienkäfer', '../Bilder/NPC/marienkäfer.png'),
	(91, 'panda', '../Bilder/NPC/panda.png'),
	(92, 'papageitaucher', '../Bilder/NPC/papageitaucher.png'),
	(93, 'schwein', '../Bilder/NPC/schwein.png'),
	(94, 'scorpion', '../Bilder/NPC/scorpion.png'),
	(95, 'steinpilzis', '../Bilder/NPC/steinpilzis.png'),
	(96, 'stockente', '../Bilder/NPC/stockente.png'),
	(97, 'tapir', '../Bilder/NPC/tapir.png'),
	(98, 'wallaby', '../Bilder/NPC/wallaby.png'),
	(99, 'wolf', '../Bilder/NPC/wolf.png'),
	(100, 'Vulkan', '../Bilder/Vulkan.png'),
	(101, 'Wasserei', '../Bilder/Wasserei.png'),
	(102, 'Wasserei_klein', '../Bilder/Wasserei_klein.png'),
	(103, 'buchstabe_E', '../Bilder/buchstabe_E.png'),
	(104, 'buchstabe_F', '../Bilder/buchstabe_F.png'),
	(105, 'buchstabe_L', '../Bilder/buchstabe_L.png'),
	(106, 'buchstabe_W', '../Bilder/buchstabe_W.png'),
	(107, 'erde', '../Bilder/erde.png'),
	(108, 'feuer', '../Bilder/feuer.png'),
	(109, 'feuerbutton', '../Bilder/feuerbutton.png'),
	(110, 'flugbutton', '../Bilder/flugbutton.png'),
	(111, 'jagenbutton', '../Bilder/jagenbutton.png'),
	(112, 'luft', '../Bilder/luft.png'),
	(113, 'pflanzenbutton', '../Bilder/pflanzenbutton.png'),
	(114, 'wasser', '../Bilder/wasser.png'),
	(115, 'zahl_1', '../Bilder/zahl_1.png'),
	(116, 'zahl_2', '../Bilder/zahl_2.png'),
	(117, 'zahl_3', '../Bilder/zahl_3.png'),
	(118, 'zahl_4', '../Bilder/zahl_4.png'),
	(119, 'zahl_5', '../Bilder/zahl_5.png'),
	(120, 'zahl_6', '../Bilder/zahl_6.png'),
	(121, 'zahl_7', '../Bilder/zahl_7.png'),
	(122, 'Alkohol', '../Bilder/Elemente/Alkohol.png'),
	(123, 'Asche', '../Bilder/Elemente/Asche.png'),
	(124, 'Asteroid', '../Bilder/Elemente/Asteroid.png'),
	(125, 'Blitz', '../Bilder/Elemente/Blitz.png'),
	(126, 'Boee', '../Bilder/Elemente/Boee.png'),
	(127, 'Donner', '../Bilder/Elemente/Donner.png'),
	(128, 'Eissturm', '../Bilder/Elemente/Eissturm.png'),
	(129, 'Erdbeben', '../Bilder/Elemente/Erdbeben.png'),
	(130, 'Erdgas', '../Bilder/Elemente/Erdgas.png'),
	(131, 'Erdloch', '../Bilder/Elemente/Erdloch.png'),
	(132, 'Erdoel', '../Bilder/Elemente/Erdoel.png'),
	(133, 'Explosion', '../Bilder/Elemente/Explosion.png'),
	(134, 'Feueratem', '../Bilder/Elemente/Feueratem.png'),
	(135, 'Feuerball', '../Bilder/Elemente/Feuerball.png'),
	(136, 'Feuerschneisse', '../Bilder/Elemente/Feuerschneisse.png'),
	(137, 'Feuersturm', '../Bilder/Elemente/Feuersturm.png'),
	(138, 'Flamme', '../Bilder/Elemente/Flamme.png'),
	(139, 'Funke', '../Bilder/Elemente/Funke.png'),
	(140, 'Funkenflug', '../Bilder/Elemente/Funkenflug.png'),
	(141, 'Geroelllawine', '../Bilder/Elemente/Geroelllawine.png'),
	(142, 'Gewitter', '../Bilder/Elemente/Gewitter.png'),
	(143, 'Geysir', '../Bilder/Elemente/Geysir.png'),
	(144, 'Gift', '../Bilder/Elemente/Gift.png'),
	(145, 'Glas', '../Bilder/Elemente/Glas.png'),
	(146, 'Gletscher', '../Bilder/Elemente/Gletscher.png'),
	(147, 'Glut', '../Bilder/Elemente/Glut.png'),
	(148, 'Hauch', '../Bilder/Elemente/Hauch.png'),
	(149, 'Heisse_Quelle', '../Bilder/Elemente/Heisse_Quelle.png'),
	(150, 'Hurrikan', '../Bilder/Elemente/Hurrikan.png'),
	(151, 'Keramik', '../Bilder/Elemente/Keramik.png'),
	(152, 'Kohle', '../Bilder/Elemente/Kohle.png'),
	(153, 'Korrosion', '../Bilder/Elemente/Korrosion.png'),
	(154, 'Kreide', '../Bilder/Elemente/Kreide.png'),
	(155, 'Kristall', '../Bilder/Elemente/Kristall.png'),
	(156, 'Lava', '../Bilder/Elemente/Lava.png'),
	(157, 'Lehm', '../Bilder/Elemente/Lehm.png'),
	(158, 'Lichtstrahl', '../Bilder/Elemente/Lichtstrahl.png'),
	(159, 'Lichtwelle', '../Bilder/Elemente/Lichtwelle.png'),
	(160, 'Magma', '../Bilder/Elemente/Magma.png'),
	(161, 'Metall', '../Bilder/Elemente/Metall.png'),
	(162, 'Monsun', '../Bilder/Elemente/Monsun.png'),
	(163, 'Moraene', '../Bilder/Elemente/Moraene.png'),
	(164, 'Nebel', '../Bilder/Elemente/Nebel.png'),
	(165, 'Oelbrand', '../Bilder/Elemente/Oelbrand.png'),
	(166, 'Orkan', '../Bilder/Elemente/Orkan.png'),
	(167, 'Regenbogen', '../Bilder/Elemente/Regenbogen.png'),
	(168, 'Regenschauer', '../Bilder/Elemente/Regenschauer.png'),
	(169, 'Saeure', '../Bilder/Elemente/Saeure.png'),
	(170, 'Salzwasser', '../Bilder/Elemente/Salzwasser.png'),
	(171, 'Sandhoehle', '../Bilder/Elemente/Sandhoehle.png'),
	(172, 'Sandstein', '../Bilder/Elemente/Sandstein.png'),
	(173, 'Sandsturm', '../Bilder/Elemente/Sandsturm.png'),
	(174, 'Schlamm', '../Bilder/Elemente/Schlamm.png'),
	(175, 'Schneesturm', '../Bilder/Elemente/Schneesturm.png'),
	(176, 'Schwelbrand', '../Bilder/Elemente/Schwelbrand.png'),
	(177, 'Smog', '../Bilder/Elemente/Smog.png'),
	(178, 'Staub', '../Bilder/Elemente/Staub.png'),
	(179, 'Steinschlag', '../Bilder/Elemente/Steinschlag.png'),
	(180, 'Ton', '../Bilder/Elemente/Ton.png'),
	(181, 'Tornado', '../Bilder/Elemente/Tornado.png'),
	(182, 'Treibsand', '../Bilder/Elemente/Treibsand.png'),
	(183, 'Tropfstein', '../Bilder/Elemente/Tropfstein.png'),
	(184, 'Tsunami', '../Bilder/Elemente/Tsunami.png'),
	(185, 'Wanderduene', '../Bilder/Elemente/Wanderduene.png'),
	(186, 'Wasserdampf', '../Bilder/Elemente/Wasserdampf.png'),
	(187, 'Wasserfall', '../Bilder/Elemente/Wasserfall.png'),
	(188, 'Wasserstrahl', '../Bilder/Elemente/Wasserstrahl.png'),
	(189, 'Wasserwelle', '../Bilder/Elemente/Wasserwelle.png'),
	(190, 'Windhose', '../Bilder/Elemente/Windhose.png'),
	(191, 'Windstoss', '../Bilder/Elemente/Windstoss.png'),
	(192, 'Wolke', '../Bilder/Elemente/Wolke.png'),
	(193, 'Wuestenwind', '../Bilder/Elemente/Wuestenwind.png'),
	(194, 'elementbutton', '../Bilder/elementbutton.png'),
	(195, 'erdelemente', '../Bilder/erdelemente.png'),
	(196, 'erkundenbutton', '../Bilder/erkundenbutton.png'),
	(197, 'feuerelemente', '../Bilder/feuerelemente.png'),
	(198, 'gepäckbutton', '../Bilder/gepäckbutton.png'),
	(199, 'luftelemente', '../Bilder/luftelemente.png'),
	(200, 'wasserelemente', '../Bilder/wasserelemente.png'),
	(201, 'Tagebuch', '../Bilder/Tagebuch.png'),
	(202, 'gepaeckbutton', '../Bilder/gepaeckbutton.png'),
	(203, 'kap_o', '../Bilder/kap_o.png'),
	(204, 'kap_u', '../Bilder/kap_u.png'),
	(205, 'streifen', '../Bilder/streifen.png'),
	(207, 'Osterei_gruen', '../Bilder/NPC/Osterei_gruen.png'),
	(208, 'Osterei_lila', '../Bilder/NPC/Osterei_lila.png'),
	(209, 'L1_erde', '../Bilder/AlleDrachen/L1_erde.png'),
	(210, 'L1_feuer', '../Bilder/AlleDrachen/L1_feuer.png'),
	(211, 'L1_himmel', '../Bilder/AlleDrachen/L1_himmel.png'),
	(212, 'L1_wasser', '../Bilder/AlleDrachen/L1_wasser.png'),
	(213, 'L2_erde', '../Bilder/AlleDrachen/L2_erde.png'),
	(214, 'L2_feuer', '../Bilder/AlleDrachen/L2_feuer.png'),
	(215, 'L2_himmel', '../Bilder/AlleDrachen/L2_himmel.png'),
	(216, 'L2_wasser', '../Bilder/AlleDrachen/L2_wasser.png'),
	(217, 'L3_erde', '../Bilder/AlleDrachen/L3_erde.png'),
	(218, 'L3_feuer', '../Bilder/AlleDrachen/L3_feuer.png'),
	(219, 'L3_himmel', '../Bilder/AlleDrachen/L3_himmel.png'),
	(220, 'L3_wasser', '../Bilder/AlleDrachen/L3_wasser.png'),
	(221, 'L4_erde', '../Bilder/AlleDrachen/L4_erde.png'),
	(222, 'L4_feuer', '../Bilder/AlleDrachen/L4_feuer.png'),
	(223, 'L4_himmel', '../Bilder/AlleDrachen/L4_himmel.png'),
	(224, 'L4_wasser', '../Bilder/AlleDrachen/L4_wasser.png'),
	(225, 'L5_erde', '../Bilder/AlleDrachen/L5_erde.png'),
	(226, 'L5_feuer', '../Bilder/AlleDrachen/L5_feuer.png'),
	(227, 'L5_himmel', '../Bilder/AlleDrachen/L5_himmel.png'),
	(228, 'L5_wasser', '../Bilder/AlleDrachen/L5_wasser.png'),
	(229, 'L6_erde', '../Bilder/AlleDrachen/L6_erde.png'),
	(230, 'L6_feuer', '../Bilder/AlleDrachen/L6_feuer.png'),
	(231, 'L6_himmel', '../Bilder/AlleDrachen/L6_himmel.png'),
	(232, 'L6_wasser', '../Bilder/AlleDrachen/L6_wasser.png'),
	(233, 'L7_erde', '../Bilder/AlleDrachen/L7_erde.png'),
	(234, 'L7_feuer', '../Bilder/AlleDrachen/L7_feuer.png'),
	(235, 'L7_himmel', '../Bilder/AlleDrachen/L7_himmel.png'),
	(236, 'L7_wasser', '../Bilder/AlleDrachen/L7_wasser.png'),
	(237, 'apfel', '../Bilder/NPC/apfel.png'),
	(238, 'apfelbaum', '../Bilder/NPC/apfelbaum.png'),
	(240, 'Ratte', '../Bilder/NPC/Ratte.png'),
	(241, 'catfish', '../Bilder/NPC/catfish.png'),
	(244, 'fleisch', '../Bilder/NPC/fleisch.png'),
	(245, 'gorilla', '../Bilder/NPC/gorilla.png'),
	(247, 'knochen', '../Bilder/NPC/knochen.png'),
	(251, 'plueschdrache', '../Bilder/NPC/plueschdrache.png'),
	(252, 'zebra', '../Bilder/NPC/zebra.png'),
	(260, 'Adler', '../Bilder/NPC/Adler.png'),
	(261, 'Buckelwal', '../Bilder/NPC/Buckelwal.png'),
	(262, 'Delphin', '../Bilder/NPC/Delphin.png'),
	(263, 'Schaf', '../Bilder/NPC/Schaf.png'),
	(264, 'flamingo', '../Bilder/NPC/flamingo.png'),
	(265, 'koala', '../Bilder/NPC/koala.png'),
	(266, 'schwan', '../Bilder/NPC/schwan.png'),
	(267, 'Elemente_inaktiv', '../Bilder/Elemente/Elemente_inaktiv.png'),
	(268, 'Handwerk', '../Bilder/Handwerk.png'),
	(269, 'Drachenirrlicht', '../Bilder/NPC/Drachenirrlicht.png'),
	(270, 'feuerring', '../Bilder/NPC/feuerring.png'),
	(271, 'drachenkampf', '../Bilder/drachenkampf.png'),
	(274, 'wymar', '../Bilder/NPC/wymar.png'),
	(275, 'Biss', '../Bilder/Elemente/Biss.png'),
	(276, 'Schlag', '../Bilder/Elemente/Schlag.png'),
	(277, 'Stich', '../Bilder/Elemente/Stich.png');
/*!40000 ALTER TABLE `bilder` ENABLE KEYS */;

-- Exportiere Struktur von Tabelle db_dvg.element
DROP TABLE IF EXISTS `element`;
CREATE TABLE IF NOT EXISTS `element` (
  `id` int(10) NOT NULL AUTO_INCREMENT,
  `element_id` int(10) NOT NULL,
  `bilder_id` int(10) NOT NULL,
  `titel` varchar(50) COLLATE utf8_unicode_ci NOT NULL,
  `beschreibung` text COLLATE utf8_unicode_ci NOT NULL,
  PRIMARY KEY (`id`),
  UNIQUE KEY `titel` (`titel`),
  KEY `FK_bilder_id_element` (`bilder_id`),
  CONSTRAINT `FK_element_bilder` FOREIGN KEY (`bilder_id`) REFERENCES `bilder` (`id`)
) ENGINE=InnoDB AUTO_INCREMENT=6 DEFAULT CHARSET=utf8 COLLATE=utf8_unicode_ci COMMENT='Alle möglichen Elemente';

-- Exportiere Daten aus Tabelle db_dvg.element: ~5 rows (ungefähr)
DELETE FROM `element`;
/*!40000 ALTER TABLE `element` DISABLE KEYS */;
INSERT INTO `element` (`id`, `element_id`, `bilder_id`, `titel`, `beschreibung`) VALUES
	(1, 0, 1, '---ohne---', ''),
	(2, 0, 1, 'Feuer', ''),
	(3, 0, 1, 'Wasser', ''),
	(4, 0, 1, 'Erde', ''),
	(5, 0, 1, 'Luft', '');
/*!40000 ALTER TABLE `element` ENABLE KEYS */;

-- Exportiere Struktur von Tabelle db_dvg.faehigkeiten
DROP TABLE IF EXISTS `faehigkeiten`;
CREATE TABLE IF NOT EXISTS `faehigkeiten` (
  `id` int(10) NOT NULL AUTO_INCREMENT,
  `bilder_id` int(10) NOT NULL,
  `titel` varchar(50) COLLATE utf8_unicode_ci NOT NULL,
  `beschreibung` text COLLATE utf8_unicode_ci NOT NULL,
  PRIMARY KEY (`id`),
  UNIQUE KEY `titel` (`titel`),
  KEY `FK_bilder_id_faehigkeiten` (`bilder_id`),
  CONSTRAINT `FK_faehigkeiten_bilder` FOREIGN KEY (`bilder_id`) REFERENCES `bilder` (`id`)
) ENGINE=InnoDB AUTO_INCREMENT=5 DEFAULT CHARSET=utf8 COLLATE=utf8_unicode_ci COMMENT='Alle möglichen Fähigkeiten';

-- Exportiere Daten aus Tabelle db_dvg.faehigkeiten: ~4 rows (ungefähr)
DELETE FROM `faehigkeiten`;
/*!40000 ALTER TABLE `faehigkeiten` DISABLE KEYS */;
INSERT INTO `faehigkeiten` (`id`, `bilder_id`, `titel`, `beschreibung`) VALUES
	(1, 1, 'Fliegen', ''),
	(2, 1, 'Töpfern', ''),
	(3, 1, 'Sprinten', ''),
	(4, 1, 'Lyrik', '');
/*!40000 ALTER TABLE `faehigkeiten` ENABLE KEYS */;

-- Exportiere Struktur von Tabelle db_dvg.faehigkeiten_spieler
DROP TABLE IF EXISTS `faehigkeiten_spieler`;
CREATE TABLE IF NOT EXISTS `faehigkeiten_spieler` (
  `id` int(10) NOT NULL AUTO_INCREMENT,
  `spieler_id` int(10) NOT NULL,
  `faehigkeiten_id` int(10) NOT NULL,
  `wert` float NOT NULL,
  `stufe` int(10) NOT NULL,
  PRIMARY KEY (`id`),
  KEY `FK_faehigkeiten_id_faehigkeiten_spieler` (`faehigkeiten_id`),
  KEY `FK_spieler_id_faehigkeiten_spieler` (`spieler_id`),
  CONSTRAINT `FK_faehigkeiten_spieler_faehigkeiten` FOREIGN KEY (`faehigkeiten_id`) REFERENCES `faehigkeiten` (`id`) ON DELETE CASCADE,
  CONSTRAINT `FK_faehigkeiten_spieler_spieler` FOREIGN KEY (`spieler_id`) REFERENCES `spieler` (`id`) ON DELETE CASCADE
) ENGINE=InnoDB DEFAULT CHARSET=utf8 COLLATE=utf8_unicode_ci COMMENT='Fähigkeiten die die einzelnen Spieler besitzen bzw. beherrschen';

-- Exportiere Daten aus Tabelle db_dvg.faehigkeiten_spieler: ~0 rows (ungefähr)
DELETE FROM `faehigkeiten_spieler`;
/*!40000 ALTER TABLE `faehigkeiten_spieler` DISABLE KEYS */;
/*!40000 ALTER TABLE `faehigkeiten_spieler` ENABLE KEYS */;

-- Exportiere Struktur von Tabelle db_dvg.gattung
DROP TABLE IF EXISTS `gattung`;
CREATE TABLE IF NOT EXISTS `gattung` (
  `id` int(10) NOT NULL AUTO_INCREMENT,
  `bilder_id` int(10) NOT NULL,
  `titel` varchar(50) COLLATE utf8_unicode_ci NOT NULL,
  `start_staerke` float NOT NULL,
  `start_intelligenz` float NOT NULL,
  `start_magie` float NOT NULL,
  `start_element_feuer` float NOT NULL,
  `start_element_wasser` float NOT NULL,
  `start_element_erde` float NOT NULL,
  `start_element_luft` float NOT NULL,
  `beschreibung` text COLLATE utf8_unicode_ci NOT NULL,
  PRIMARY KEY (`id`),
  UNIQUE KEY `titel` (`titel`),
  KEY `FK_bilder_id_gattung` (`bilder_id`),
  CONSTRAINT `FK_gattung_bilder` FOREIGN KEY (`bilder_id`) REFERENCES `bilder` (`id`)
) ENGINE=InnoDB AUTO_INCREMENT=11 DEFAULT CHARSET=utf8 COLLATE=utf8_unicode_ci COMMENT='Gattungen aller möglichen Lebewesen';

-- Exportiere Daten aus Tabelle db_dvg.gattung: ~10 rows (ungefähr)
DELETE FROM `gattung`;
/*!40000 ALTER TABLE `gattung` DISABLE KEYS */;
INSERT INTO `gattung` (`id`, `bilder_id`, `titel`, `start_staerke`, `start_intelligenz`, `start_magie`, `start_element_feuer`, `start_element_wasser`, `start_element_erde`, `start_element_luft`, `beschreibung`) VALUES
	(1, 210, 'Feuerdrache', 10, 5, 0, 5, 1, 1, 1, ''),
	(2, 212, 'Wasserdrache', 10, 5, 0, 1, 5, 1, 1, ''),
	(3, 209, 'Erddrache', 10, 5, 0, 1, 1, 5, 1, ''),
	(4, 211, 'Luftdrache', 10, 5, 0, 1, 1, 1, 5, ''),
	(5, 1, 'Zayine', 10, 10, 10, 10, 10, 10, 10, ''),
	(6, 1, 'Fisch', 2, 1, 0, 0, 30, 0, 0, ''),
	(7, 1, 'Paarhufer', 5, 4, 1, 0, 5, 10, 10, ''),
	(8, 1, 'Vogel', 1, 3, 0, 0, 3, 1, 30, ''),
	(9, 1, 'Nager', 1, 2, 0, 1, 1, 20, 0, ''),
	(10, 1, 'Raubtier', 10, 7, 0, 5, 3, 10, 3, '');
/*!40000 ALTER TABLE `gattung` ENABLE KEYS */;

-- Exportiere Struktur von Tabelle db_dvg.gebiet
DROP TABLE IF EXISTS `gebiet`;
CREATE TABLE IF NOT EXISTS `gebiet` (
  `id` int(10) NOT NULL AUTO_INCREMENT,
  `bilder_id` int(10) NOT NULL,
  `titel` varchar(50) COLLATE utf8_unicode_ci NOT NULL,
  `beschreibung` text COLLATE utf8_unicode_ci NOT NULL,
  PRIMARY KEY (`id`),
  UNIQUE KEY `titel` (`titel`),
  KEY `FK_bilder_id_gebiet` (`bilder_id`),
  CONSTRAINT `FK_gebiet_bilder` FOREIGN KEY (`bilder_id`) REFERENCES `bilder` (`id`)
) ENGINE=InnoDB AUTO_INCREMENT=13 DEFAULT CHARSET=utf8 COLLATE=utf8_unicode_ci COMMENT='Vorhandene Gebiete';

-- Exportiere Daten aus Tabelle db_dvg.gebiet: ~12 rows (ungefähr)
DELETE FROM `gebiet`;
/*!40000 ALTER TABLE `gebiet` DISABLE KEYS */;
INSERT INTO `gebiet` (`id`, `bilder_id`, `titel`, `beschreibung`) VALUES
	(1, 2, 'Sumpf', 'Nass, schmutzig und schauerlich. Ein Sumpf eben!'),
	(2, 3, 'Vulkan', 'Das feurige Herz von Gaia. Vorsicht heiß!'),
	(3, 4, 'Eissee', 'Ein schöner großer See lädt euch zum Baden gehen ein. An die Hacke, fertig, los!'),
	(4, 5, 'Dschungel', 'Gestrüpp soweit das Auge reicht. Was hier alles kreucht und fleucht, wollt ihr euch gar nicht erst ausmalen.'),
	(5, 6, 'Klippe', 'Ihr schaut in den Abgrund und sogleich juckt es euch in den Flügeln. Traut euch!'),
	(6, 7, 'Kristallhöhle', 'Funkelnde Steine weit und breit. Ein wahres Paradies ... wenn man es kalt, muffig und feucht mag.'),
	(7, 8, 'Wüste', 'Naaaa, wollt ihr etwas zu trinken? Hier ganz sicher nicht!'),
	(8, 9, 'Mammutbaum', 'Ein mächtiger Stamm, gewaltiges Blattwerk und die schier endlose Höhe lassen auf einen Mammutbaum schließen.'),
	(9, 10, 'Wald', 'Manchereins sieht den Wald vor lauter Bäumen nicht. Hinweis: Ihr steht gerade in einem!'),
	(10, 11, 'Oase', 'Träumt ihr oder halluziniert ihr nur? Wasser und Grün mitten in der Wüste. Das kann doch nicht mit rechten Dingen zugehen.'),
	(11, 12, 'Steppe', 'Gras überall Gras. Ihr schlagt die Hände über dem Kopf zusammen und denkt: \'Wenn man es wenigstens rauchen könnte ...\''),
	(12, 1, '---ohne---', '---ohne---');
/*!40000 ALTER TABLE `gebiet` ENABLE KEYS */;

-- Exportiere Struktur von Tabelle db_dvg.gebiet_gebiet
DROP TABLE IF EXISTS `gebiet_gebiet`;
CREATE TABLE IF NOT EXISTS `gebiet_gebiet` (
  `id` int(10) NOT NULL AUTO_INCREMENT,
  `von_gebiet_id` int(10) NOT NULL,
  `nach_gebiet_id` int(10) NOT NULL,
  `pos_x` int(10) unsigned NOT NULL DEFAULT '0',
  `pos_y` int(10) unsigned NOT NULL DEFAULT '0',
  PRIMARY KEY (`id`),
  KEY `FK_gebiet_id_(von)_gebiet_gebiet` (`von_gebiet_id`),
  KEY `FK_gebiet_id_(nach)_gebiet_gebiet` (`nach_gebiet_id`),
  CONSTRAINT `FK_gebiet_gebiet_gebiet_(nach)` FOREIGN KEY (`nach_gebiet_id`) REFERENCES `gebiet` (`id`) ON DELETE CASCADE,
  CONSTRAINT `FK_gebiet_gebiet_gebiet_(von)` FOREIGN KEY (`von_gebiet_id`) REFERENCES `gebiet` (`id`) ON DELETE CASCADE
) ENGINE=InnoDB AUTO_INCREMENT=27 DEFAULT CHARSET=utf8 COLLATE=utf8_unicode_ci COMMENT='Verbindungen von Gebieten untereinander';

-- Exportiere Daten aus Tabelle db_dvg.gebiet_gebiet: ~26 rows (ungefähr)
DELETE FROM `gebiet_gebiet`;
/*!40000 ALTER TABLE `gebiet_gebiet` DISABLE KEYS */;
INSERT INTO `gebiet_gebiet` (`id`, `von_gebiet_id`, `nach_gebiet_id`, `pos_x`, `pos_y`) VALUES
	(1, 1, 4, 0, 51),
	(2, 1, 9, 75, 32),
	(3, 2, 5, 17, 56),
	(4, 2, 6, 88, 29),
	(5, 3, 5, 39, 51),
	(6, 3, 6, 69, 88),
	(7, 4, 1, 11, 69),
	(8, 4, 8, 47, 59),
	(9, 4, 11, 85, 28),
	(10, 5, 2, 11, 79),
	(11, 5, 3, 47, 45),
	(12, 5, 7, 10, 2),
	(13, 6, 2, 88, 88),
	(14, 6, 3, 0, 88),
	(15, 6, 9, 15, 45),
	(16, 7, 5, 9, 29),
	(17, 7, 10, 65, 23),
	(18, 7, 11, 88, 26),
	(19, 8, 4, 0, 88),
	(20, 8, 9, 85, 75),
	(21, 9, 1, 0, 60),
	(22, 9, 6, 57, 52),
	(23, 9, 8, 16, 0),
	(24, 10, 7, 88, 25),
	(25, 11, 4, 0, 55),
	(26, 11, 7, 58, 59);
/*!40000 ALTER TABLE `gebiet_gebiet` ENABLE KEYS */;

-- Exportiere Struktur von Tabelle db_dvg.items
DROP TABLE IF EXISTS `items`;
CREATE TABLE IF NOT EXISTS `items` (
  `id` int(10) NOT NULL AUTO_INCREMENT,
  `titel` varchar(100) COLLATE utf8_unicode_ci NOT NULL,
  `beschreibung` text COLLATE utf8_unicode_ci NOT NULL,
  `typ` enum('Pflanze','Pilz','Werkzeug','Kleidung','Material','Nahrung','Spielzeug') COLLATE utf8_unicode_ci NOT NULL,
  `bilder_id` int(10) NOT NULL,
  PRIMARY KEY (`id`),
  KEY `FK_bilder_id_items` (`bilder_id`),
  CONSTRAINT `FK_items_bilder` FOREIGN KEY (`bilder_id`) REFERENCES `bilder` (`id`)
) ENGINE=InnoDB AUTO_INCREMENT=24 DEFAULT CHARSET=utf8 COLLATE=utf8_unicode_ci COMMENT='Alle möglichen Items';

-- Exportiere Daten aus Tabelle db_dvg.items: ~20 rows (ungefähr)
DELETE FROM `items`;
/*!40000 ALTER TABLE `items` DISABLE KEYS */;
INSERT INTO `items` (`id`, `titel`, `beschreibung`, `typ`, `bilder_id`) VALUES
	(1, 'Apfel', 'Eine Hälfte knallrot, die andere goldgelb. Ein klassischer Apfel.', 'Nahrung', 237),
	(2, 'Rinde', 'Die äußere Schale eines Apfelbaumes. Wozu die wohl gut ist?', 'Material', 1),
	(3, 'Knoblauchlauchknolle', 'Ein Leckerbissen für die die\'s wissen.', 'Pflanze', 84),
	(4, 'Fuchsfell', 'Ein rotes Fell von einem Fuchs. Schön flauschig!', 'Material', 1),
	(5, 'Steinpilz', 'Ein schöner Pilz. Hoffentlich ist er nicht so hart, wie der Name es verspricht.', 'Pilz', 95),
	(6, 'Ring des Feuers', 'Ein funkelnder Ring in dem kleine Flammen züngeln. Passt wunderbar an eine Drachenklaue.', 'Kleidung', 270),
	(7, 'Messer', 'Ein kleines scharfes Messer. Nützlich um so allerlei Dinge zu ernten, zu teilen, zu filetieren oder was man sonst noch damit anstellen kann. Auf jeden Fall präziser als eine klobige Drachenkralle.', 'Werkzeug', 1),
	(8, 'Knochen', 'Grau, staubig, schaurig ... ein Knochen wie er im Buche steht.', 'Material', 247),
	(9, 'Schokoladendrache', 'Süßer Drache zum Vernaschen', 'Nahrung', 1),
	(10, 'Drachenfigur', 'Nicht zum Verzehr geeignet!', 'Spielzeug', 1),
	(11, 'Plüschdrache', 'Einfach zum Knuddeln ... für einsame Stunden', 'Spielzeug', 251),
	(12, 'Drachenpuzzleteil 1', 'Das 1. Teil des 4-Teile Puzzles', 'Spielzeug', 1),
	(13, 'Drachenpuzzleteil 2', 'Das 2. Teil des 4-Teile Puzzles', 'Spielzeug', 1),
	(14, 'Drachenpuzzleteil 3', 'Das 3. Teil des 4-Teile Puzzles', 'Spielzeug', 1),
	(15, 'Drachenpuzzleteil 4', 'Das 4. Teil des 4-Teile Puzzles', 'Spielzeug', 1),
	(18, 'Fleisch', 'Ein Stück Fleisch !', 'Nahrung', 244),
	(19, 'Kürbis', 'Oranges Riesengemüse', 'Nahrung', 86),
	(21, 'Katzenfisch', 'Eine Katze die im Wasser zu finden ist.', 'Nahrung', 241),
	(22, 'Koala', 'Ein Haustier zum knuddeln.', 'Spielzeug', 265),
	(23, 'Drachenirrlicht', 'Ein funkelndes Drachenirrlicht aus alter Zeit. Ein sehr seltener, aber magischer neuer Freund.', 'Material', 269);
/*!40000 ALTER TABLE `items` ENABLE KEYS */;

-- Exportiere Struktur von Tabelle db_dvg.items_spieler
DROP TABLE IF EXISTS `items_spieler`;
CREATE TABLE IF NOT EXISTS `items_spieler` (
  `id` int(10) NOT NULL AUTO_INCREMENT,
  `items_id` int(10) NOT NULL,
  `spieler_id` int(10) NOT NULL,
  `anzahl` int(10) NOT NULL,
  PRIMARY KEY (`id`),
  KEY `FK_items_id_items_spieler` (`items_id`),
  KEY `FK_spieler_id_items_spieler` (`spieler_id`),
  CONSTRAINT `FK_items_spieler_items` FOREIGN KEY (`items_id`) REFERENCES `items` (`id`) ON DELETE CASCADE,
  CONSTRAINT `FK_items_spieler_spieler` FOREIGN KEY (`spieler_id`) REFERENCES `spieler` (`id`) ON DELETE CASCADE
) ENGINE=InnoDB AUTO_INCREMENT=61 DEFAULT CHARSET=utf8 COLLATE=utf8_unicode_ci COMMENT='Items die ein Spieler im Besitz hat';

-- Exportiere Daten aus Tabelle db_dvg.items_spieler: ~35 rows (ungefähr)
DELETE FROM `items_spieler`;
/*!40000 ALTER TABLE `items_spieler` DISABLE KEYS */;
INSERT INTO `items_spieler` (`id`, `items_id`, `spieler_id`, `anzahl`) VALUES
	(1, 3, 26, 6),
	(2, 6, 26, 3),
	(3, 7, 26, 2),
	(4, 1, 19, 7),
	(5, 2, 19, 1),
	(6, 8, 19, 1),
	(8, 8, 26, 29),
	(9, 5, 26, 9),
	(10, 11, 26, 3),
	(11, 1, 26, 22),
	(12, 2, 26, 1),
	(13, 14, 26, 1),
	(14, 2, 32, 1),
	(15, 15, 26, 1),
	(16, 18, 26, 5),
	(34, 4, 26, 3),
	(35, 1, 39, 1),
	(36, 8, 39, 2),
	(37, 10, 26, 2),
	(38, 21, 26, 1),
	(39, 19, 26, 0),
	(40, 12, 26, 2),
	(41, 18, 39, 1),
	(49, 8, 43, 26),
	(50, 4, 43, 12),
	(51, 6, 43, 2),
	(52, 1, 43, 4),
	(53, 3, 45, 1),
	(54, 21, 45, 1),
	(55, 8, 45, 102),
	(56, 4, 45, 33),
	(57, 1, 45, 6),
	(58, 7, 45, 2),
	(59, 6, 45, 4),
	(60, 18, 45, 1);
/*!40000 ALTER TABLE `items_spieler` ENABLE KEYS */;

-- Exportiere Struktur von Tabelle db_dvg.kampf
DROP TABLE IF EXISTS `kampf`;
CREATE TABLE IF NOT EXISTS `kampf` (
  `id` int(10) NOT NULL AUTO_INCREMENT,
  `gebiet_id` int(10) DEFAULT NULL,
  PRIMARY KEY (`id`),
  KEY `gebiet_id` (`gebiet_id`),
  CONSTRAINT `FK_kampf_gebiet` FOREIGN KEY (`gebiet_id`) REFERENCES `gebiet` (`id`)
) ENGINE=InnoDB AUTO_INCREMENT=120 DEFAULT CHARSET=utf8 COLLATE=utf8_unicode_ci COMMENT='Stellt das Grundelement für einen Kampf';

-- Exportiere Daten aus Tabelle db_dvg.kampf: ~91 rows (ungefähr)
DELETE FROM `kampf`;
/*!40000 ALTER TABLE `kampf` DISABLE KEYS */;
INSERT INTO `kampf` (`id`, `gebiet_id`) VALUES
	(66, 3),
	(67, 3),
	(29, 9),
	(30, 9),
	(31, 9),
	(32, 9),
	(33, 9),
	(34, 9),
	(35, 9),
	(36, 9),
	(37, 9),
	(38, 9),
	(39, 9),
	(40, 9),
	(41, 9),
	(42, 9),
	(43, 9),
	(44, 9),
	(45, 9),
	(46, 9),
	(47, 9),
	(48, 9),
	(49, 9),
	(50, 9),
	(51, 9),
	(52, 9),
	(53, 9),
	(54, 9),
	(55, 9),
	(56, 9),
	(57, 9),
	(58, 9),
	(59, 9),
	(60, 9),
	(61, 9),
	(62, 9),
	(63, 9),
	(64, 9),
	(65, 9),
	(68, 9),
	(69, 9),
	(70, 9),
	(71, 9),
	(72, 9),
	(73, 9),
	(74, 9),
	(75, 9),
	(76, 9),
	(77, 9),
	(78, 9),
	(79, 9),
	(80, 9),
	(81, 9),
	(82, 9),
	(83, 9),
	(84, 9),
	(85, 9),
	(86, 9),
	(87, 9),
	(88, 9),
	(89, 9),
	(90, 9),
	(91, 9),
	(92, 9),
	(93, 9),
	(94, 9),
	(95, 9),
	(96, 9),
	(97, 9),
	(98, 9),
	(99, 9),
	(100, 9),
	(101, 9),
	(102, 9),
	(103, 9),
	(104, 9),
	(105, 9),
	(106, 9),
	(107, 9),
	(108, 9),
	(109, 9),
	(110, 9),
	(111, 9),
	(112, 9),
	(113, 9),
	(114, 9),
	(115, 9),
	(116, 9),
	(117, 9),
	(118, 9),
	(119, 9);
/*!40000 ALTER TABLE `kampf` ENABLE KEYS */;

-- Exportiere Struktur von Tabelle db_dvg.kampf_aktion
DROP TABLE IF EXISTS `kampf_aktion`;
CREATE TABLE IF NOT EXISTS `kampf_aktion` (
  `id` int(10) NOT NULL AUTO_INCREMENT,
  `kampf_id` int(10) NOT NULL,
  `timer` float NOT NULL,
  `kampf_teilnehmer_id` int(10) NOT NULL,
  `ziel_kampf_teilnehmer_id` int(10) NOT NULL,
  `zauber_id` int(10) NOT NULL,
  `angriff_erfolg` tinyint(1) NOT NULL,
  `ausweichen_erfolg` tinyint(1) NOT NULL,
  `abwehr_erfolg` tinyint(1) NOT NULL,
  `zauberpunkte_verbrauch` int(10) unsigned NOT NULL,
  `timer_verbrauch` float unsigned NOT NULL,
  `zeitpunkt` datetime NOT NULL,
  PRIMARY KEY (`id`),
  KEY `kampf_id` (`kampf_id`),
  KEY `kampf_teilnehmer_id` (`kampf_teilnehmer_id`),
  KEY `zauber_id` (`zauber_id`),
  KEY `ziel_kampf_teilnehmer_id` (`ziel_kampf_teilnehmer_id`),
  CONSTRAINT `FK_kampf_aktion_kampf` FOREIGN KEY (`kampf_id`) REFERENCES `kampf` (`id`),
  CONSTRAINT `FK_kampf_aktion_kampf_teilnehmer` FOREIGN KEY (`kampf_teilnehmer_id`) REFERENCES `kampf_teilnehmer` (`id`),
  CONSTRAINT `FK_kampf_aktion_kampf_teilnehmer_2` FOREIGN KEY (`ziel_kampf_teilnehmer_id`) REFERENCES `kampf_teilnehmer` (`id`),
  CONSTRAINT `FK_kampf_aktion_zauber` FOREIGN KEY (`zauber_id`) REFERENCES `zauber` (`id`)
) ENGINE=InnoDB AUTO_INCREMENT=966 DEFAULT CHARSET=utf8 COLLATE=utf8_unicode_ci COMMENT='Aktionen die von Spielern oder NPCs in einem Kampf ausgeführt werden';

-- Exportiere Daten aus Tabelle db_dvg.kampf_aktion: ~637 rows (ungefähr)
DELETE FROM `kampf_aktion`;
/*!40000 ALTER TABLE `kampf_aktion` DISABLE KEYS */;
INSERT INTO `kampf_aktion` (`id`, `kampf_id`, `timer`, `kampf_teilnehmer_id`, `ziel_kampf_teilnehmer_id`, `zauber_id`, `angriff_erfolg`, `ausweichen_erfolg`, `abwehr_erfolg`, `zauberpunkte_verbrauch`, `timer_verbrauch`, `zeitpunkt`) VALUES
	(329, 89, 95.238, 143, 144, 77, 1, 0, 0, 0, 95.238, '2019-09-17 18:55:51'),
	(330, 89, 95.238, 144, 143, 77, 0, 0, 0, 0, 95.238, '2019-09-17 18:55:51'),
	(331, 89, 190.476, 143, 144, 77, 0, 0, 1, 0, 95.238, '2019-09-17 18:56:20'),
	(332, 89, 190.476, 144, 143, 77, 1, 1, 1, 0, 95.238, '2019-09-17 18:56:20'),
	(333, 89, 285.714, 143, 144, 77, 1, 0, 0, 0, 95.238, '2019-09-17 18:56:28'),
	(334, 89, 285.714, 144, 143, 77, 1, 0, 0, 0, 95.238, '2019-09-17 18:56:28'),
	(335, 89, 380.952, 143, 144, 77, 1, 0, 0, 0, 95.238, '2019-09-17 18:56:37'),
	(336, 89, 380.952, 144, 143, 77, 1, 0, 0, 0, 95.238, '2019-09-17 18:56:37'),
	(337, 89, 476.19, 143, 144, 77, 1, 0, 0, 0, 95.238, '2019-09-17 18:56:41'),
	(338, 89, 476.19, 144, 143, 77, 1, 0, 0, 0, 95.238, '2019-09-17 18:56:41'),
	(339, 89, 571.428, 143, 144, 77, 1, 0, 0, 0, 95.238, '2019-09-17 18:56:45'),
	(340, 89, 571.428, 144, 143, 77, 1, 1, 0, 0, 95.238, '2019-09-17 18:56:45'),
	(341, 89, 666.666, 143, 144, 77, 1, 0, 0, 0, 95.238, '2019-09-17 18:56:49'),
	(342, 89, 666.666, 144, 143, 77, 1, 0, 0, 0, 95.238, '2019-09-17 18:56:49'),
	(343, 89, 761.904, 143, 144, 77, 1, 1, 0, 0, 95.238, '2019-09-17 18:56:53'),
	(344, 89, 761.904, 144, 143, 77, 1, 0, 0, 0, 95.238, '2019-09-17 18:56:53'),
	(345, 89, 857.142, 143, 144, 77, 1, 0, 0, 0, 95.238, '2019-09-17 18:56:55'),
	(346, 89, 857.142, 144, 143, 77, 1, 0, 0, 0, 95.238, '2019-09-17 18:56:55'),
	(347, 89, 952.38, 143, 144, 77, 0, 0, 0, 0, 95.238, '2019-09-17 18:56:58'),
	(348, 89, 952.38, 144, 143, 77, 1, 0, 1, 0, 95.238, '2019-09-17 18:56:58'),
	(349, 89, 1047.62, 143, 144, 77, 1, 0, 0, 0, 95.238, '2019-09-17 18:57:01'),
	(350, 89, 1047.62, 144, 143, 77, 1, 0, 1, 0, 95.238, '2019-09-17 18:57:01'),
	(351, 90, 95.238, 145, 146, 77, 1, 0, 0, 0, 95.238, '2019-09-17 19:03:17'),
	(352, 90, 95.238, 146, 145, 77, 1, 1, 1, 0, 95.238, '2019-09-17 19:03:17'),
	(353, 90, 190.476, 145, 146, 77, 1, 1, 0, 0, 95.238, '2019-09-17 19:03:19'),
	(354, 90, 190.476, 146, 145, 77, 1, 0, 0, 0, 95.238, '2019-09-17 19:03:19'),
	(355, 90, 285.714, 145, 146, 77, 1, 0, 0, 0, 95.238, '2019-09-17 19:03:20'),
	(356, 90, 285.714, 146, 145, 77, 1, 0, 1, 0, 95.238, '2019-09-17 19:03:20'),
	(357, 90, 380.952, 145, 146, 77, 1, 0, 0, 0, 95.238, '2019-09-17 19:03:23'),
	(358, 90, 380.952, 146, 145, 77, 1, 0, 1, 0, 95.238, '2019-09-17 19:03:23'),
	(359, 90, 476.19, 145, 146, 77, 1, 1, 0, 0, 95.238, '2019-09-17 19:03:25'),
	(360, 90, 476.19, 146, 145, 77, 1, 1, 0, 0, 95.238, '2019-09-17 19:03:25'),
	(361, 90, 571.428, 145, 146, 77, 1, 0, 0, 0, 95.238, '2019-09-17 19:03:26'),
	(362, 90, 571.428, 146, 145, 77, 1, 0, 1, 0, 95.238, '2019-09-17 19:03:26'),
	(363, 90, 666.666, 145, 146, 77, 1, 0, 0, 0, 95.238, '2019-09-17 19:03:28'),
	(364, 90, 666.666, 146, 145, 77, 1, 0, 1, 0, 95.238, '2019-09-17 19:03:28'),
	(365, 90, 761.904, 145, 146, 77, 1, 0, 0, 0, 95.238, '2019-09-17 19:03:29'),
	(366, 90, 761.904, 146, 145, 77, 0, 0, 0, 0, 95.238, '2019-09-17 19:03:29'),
	(367, 90, 857.142, 145, 146, 77, 1, 0, 0, 0, 95.238, '2019-09-17 19:03:31'),
	(368, 90, 857.142, 146, 145, 77, 1, 0, 0, 0, 95.238, '2019-09-17 19:03:31'),
	(369, 91, 95.238, 147, 148, 16, 1, 0, 0, 5, 95.238, '2019-09-17 19:20:49'),
	(370, 91, 95.238, 148, 147, 77, 1, 0, 0, 0, 95.238, '2019-09-17 19:20:49'),
	(371, 91, 190.476, 147, 147, 75, 1, 0, 0, 4, 95.238, '2019-09-17 19:21:21'),
	(372, 91, 190.476, 148, 147, 77, 1, 1, 0, 0, 95.238, '2019-09-17 19:21:21'),
	(373, 91, 285.714, 147, 148, 16, 1, 1, 0, 5, 90.909, '2019-09-17 19:21:31'),
	(374, 91, 285.714, 148, 147, 77, 1, 1, 0, 0, 90.909, '2019-09-17 19:21:31'),
	(375, 91, 376.623, 147, 148, 19, 1, 0, 0, 3, 86.956, '2019-09-17 19:21:48'),
	(376, 91, 376.623, 148, 147, 77, 1, 0, 1, 0, 90.909, '2019-09-17 19:21:48'),
	(377, 91, 463.579, 147, 148, 77, 1, 1, 0, 0, 86.956, '2019-09-17 19:21:55'),
	(378, 91, 467.532, 148, 147, 77, 1, 0, 0, 0, 90.909, '2019-09-17 19:21:55'),
	(379, 91, 550.535, 147, 148, 77, 1, 1, 0, 0, 86.956, '2019-09-17 19:21:57'),
	(380, 91, 558.441, 148, 147, 77, 1, 0, 0, 0, 90.909, '2019-09-17 19:21:57'),
	(381, 91, 637.491, 147, 148, 77, 1, 0, 0, 0, 86.956, '2019-09-17 19:21:59'),
	(382, 91, 649.35, 148, 147, 77, 1, 0, 1, 0, 90.909, '2019-09-17 19:21:59'),
	(383, 91, 724.447, 147, 148, 77, 1, 0, 0, 0, 86.956, '2019-09-17 19:22:01'),
	(384, 91, 740.259, 148, 147, 77, 1, 0, 0, 0, 90.909, '2019-09-17 19:22:01'),
	(385, 91, 811.403, 147, 148, 77, 1, 0, 0, 0, 86.956, '2019-09-17 19:22:04'),
	(386, 91, 831.168, 148, 147, 77, 1, 0, 0, 0, 90.909, '2019-09-17 19:22:04'),
	(387, 91, 898.359, 147, 148, 77, 1, 0, 0, 0, 86.956, '2019-09-17 19:22:11'),
	(388, 92, 95.238, 149, 150, 16, 1, 0, 0, 5, 95.238, '2019-09-17 19:24:23'),
	(389, 92, 95.238, 150, 149, 77, 1, 0, 0, 0, 100, '2019-09-17 19:24:23'),
	(390, 92, 190.476, 149, 150, 77, 1, 1, 0, 0, 95.238, '2019-09-17 19:24:40'),
	(391, 92, 195.238, 150, 149, 77, 1, 0, 0, 0, 100, '2019-09-17 19:24:40'),
	(392, 92, 285.714, 149, 150, 77, 1, 1, 0, 0, 95.238, '2019-09-17 19:24:49'),
	(393, 92, 295.238, 150, 149, 77, 1, 0, 0, 0, 95.238, '2019-09-17 19:24:49'),
	(394, 92, 380.952, 149, 150, 77, 1, 0, 0, 0, 95.238, '2019-09-17 19:24:53'),
	(395, 92, 390.476, 150, 149, 77, 1, 0, 0, 0, 95.238, '2019-09-17 19:24:53'),
	(396, 92, 476.19, 149, 149, 75, 1, 0, 0, 4, 95.238, '2019-09-17 19:24:57'),
	(397, 92, 485.714, 150, 149, 77, 1, 0, 1, 0, 95.238, '2019-09-17 19:24:57'),
	(398, 92, 571.428, 149, 150, 77, 1, 1, 0, 0, 90.909, '2019-09-17 19:25:02'),
	(399, 92, 580.952, 150, 149, 77, 1, 0, 1, 0, 95.238, '2019-09-17 19:25:02'),
	(400, 92, 662.337, 149, 150, 77, 1, 0, 0, 0, 86.956, '2019-09-17 19:25:04'),
	(401, 92, 676.19, 150, 149, 77, 1, 0, 0, 0, 95.238, '2019-09-17 19:25:04'),
	(402, 92, 749.293, 149, 150, 77, 1, 1, 0, 0, 86.956, '2019-09-17 19:25:06'),
	(403, 92, 771.428, 150, 149, 77, 1, 1, 1, 0, 95.238, '2019-09-17 19:25:06'),
	(404, 92, 836.249, 149, 150, 77, 1, 1, 0, 0, 86.956, '2019-09-17 19:25:07'),
	(405, 92, 866.666, 150, 149, 77, 1, 0, 0, 0, 95.238, '2019-09-17 19:25:07'),
	(406, 92, 923.205, 149, 150, 77, 1, 0, 0, 0, 86.956, '2019-09-17 19:25:09'),
	(407, 92, 961.904, 150, 149, 77, 1, 0, 0, 0, 95.238, '2019-09-17 19:25:09'),
	(408, 92, 1010.16, 149, 150, 77, 1, 0, 0, 0, 86.956, '2019-09-17 19:25:10'),
	(409, 92, 1057.14, 150, 149, 77, 1, 0, 1, 0, 95.238, '2019-09-17 19:25:10'),
	(410, 92, 1097.12, 149, 150, 77, 0, 1, 0, 0, 86.956, '2019-09-17 19:25:12'),
	(411, 92, 1152.38, 150, 149, 77, 0, 0, 0, 0, 95.238, '2019-09-17 19:25:12'),
	(412, 92, 1184.08, 149, 150, 77, 1, 0, 0, 0, 86.956, '2019-09-17 19:25:13'),
	(413, 92, 1247.62, 150, 149, 77, 1, 0, 1, 0, 95.238, '2019-09-17 19:25:14'),
	(414, 92, 1271.04, 149, 150, 77, 1, 0, 0, 0, 86.956, '2019-09-17 19:25:15'),
	(415, 92, 1342.86, 150, 149, 77, 1, 0, 1, 0, 95.238, '2019-09-17 19:25:15'),
	(416, 93, 95.238, 152, 151, 77, 1, 0, 1, 0, 95.238, '2019-09-17 19:31:57'),
	(417, 93, 190.476, 152, 151, 77, 1, 0, 0, 0, 95.238, '2019-09-17 19:32:05'),
	(418, 93, 285.714, 152, 151, 77, 1, 0, 0, 0, 95.238, '2019-09-17 19:39:34'),
	(419, 93, 95.238, 151, 152, 19, 1, 0, 0, 3, 95.238, '2019-09-17 19:39:47'),
	(420, 93, 190.476, 151, 152, 19, 1, 0, 0, 3, 95.238, '2019-09-17 19:39:56'),
	(421, 93, 285.714, 151, 152, 19, 1, 0, 1, 3, 95.238, '2019-09-17 19:40:06'),
	(422, 93, 380.952, 151, 152, 19, 1, 0, 0, 3, 95.238, '2019-09-17 19:40:18'),
	(423, 93, 380.952, 152, 151, 77, 0, 0, 0, 0, 95.238, '2019-09-17 19:40:18'),
	(424, 93, 476.19, 151, 152, 19, 1, 0, 0, 3, 95.238, '2019-09-17 19:40:30'),
	(425, 93, 476.19, 152, 151, 77, 1, 0, 0, 0, 95.238, '2019-09-17 19:40:30'),
	(426, 94, 95.238, 153, 154, 19, 1, 0, 0, 3, 95.238, '2019-09-17 19:44:54'),
	(427, 94, 95.238, 154, 153, 77, 1, 1, 1, 0, 95.238, '2019-09-17 19:44:54'),
	(428, 94, 190.476, 153, 154, 19, 1, 1, 0, 3, 95.238, '2019-09-17 19:44:56'),
	(429, 94, 190.476, 154, 153, 77, 1, 0, 1, 0, 95.238, '2019-09-17 19:44:56'),
	(430, 94, 285.714, 153, 154, 19, 1, 0, 0, 3, 95.238, '2019-09-17 19:44:58'),
	(431, 94, 285.714, 154, 153, 77, 1, 0, 0, 0, 95.238, '2019-09-17 19:44:58'),
	(432, 94, 380.952, 153, 154, 19, 1, 0, 0, 3, 95.238, '2019-09-17 19:45:01'),
	(433, 94, 380.952, 154, 153, 77, 1, 0, 1, 0, 95.238, '2019-09-17 19:45:01'),
	(434, 95, 95.238, 155, 156, 19, 1, 1, 0, 3, 95.238, '2019-09-17 19:45:39'),
	(435, 95, 95.238, 156, 155, 77, 1, 0, 0, 0, 95.238, '2019-09-17 19:45:39'),
	(436, 95, 190.476, 155, 156, 19, 0, 0, 0, 3, 95.238, '2019-09-17 19:45:42'),
	(437, 95, 190.476, 156, 155, 77, 1, 0, 0, 0, 95.238, '2019-09-17 19:45:42'),
	(438, 95, 285.714, 155, 156, 19, 1, 0, 0, 3, 95.238, '2019-09-17 19:45:43'),
	(439, 95, 285.714, 156, 155, 77, 1, 0, 1, 0, 95.238, '2019-09-17 19:45:43'),
	(440, 95, 380.952, 155, 156, 19, 1, 0, 0, 3, 95.238, '2019-09-17 19:45:45'),
	(441, 95, 380.952, 156, 155, 77, 1, 0, 1, 0, 95.238, '2019-09-17 19:45:45'),
	(442, 95, 476.19, 155, 156, 19, 1, 1, 0, 3, 95.238, '2019-09-17 19:45:47'),
	(443, 95, 476.19, 156, 155, 77, 1, 0, 0, 0, 95.238, '2019-09-17 19:45:47'),
	(444, 96, 95.238, 157, 158, 16, 1, 0, 0, 5, 95.238, '2019-09-17 19:46:29'),
	(445, 96, 100, 158, 157, 77, 0, 0, 0, 0, 10000000, '2019-09-17 19:46:29'),
	(446, 96, 190.476, 157, 158, 16, 1, 0, 0, 5, 95.238, '2019-09-17 19:46:32'),
	(447, 96, 285.714, 157, 158, 16, 1, 0, 0, 5, 95.238, '2019-09-17 19:46:36'),
	(448, 96, 380.952, 157, 158, 77, 1, 0, 0, 0, 95.238, '2019-09-17 19:46:43'),
	(449, 96, 476.19, 157, 158, 77, 1, 0, 0, 0, 95.238, '2019-09-17 19:46:45'),
	(450, 96, 571.428, 157, 158, 77, 1, 0, 0, 0, 95.238, '2019-09-17 19:46:47'),
	(451, 96, 666.666, 157, 158, 77, 1, 0, 0, 0, 95.238, '2019-09-17 19:46:49'),
	(452, 97, 95.238, 159, 160, 16, 1, 0, 0, 5, 95.238, '2019-09-17 19:48:26'),
	(453, 97, 95.238, 160, 159, 77, 1, 1, 1, 0, 10000000, '2019-09-17 19:48:26'),
	(454, 97, 190.476, 159, 160, 16, 1, 0, 0, 5, 95.238, '2019-09-17 19:49:56'),
	(455, 98, 95.238, 161, 162, 16, 1, 1, 0, 5, 95.238, '2019-09-17 19:50:15'),
	(456, 98, 95.238, 162, 161, 77, 1, 0, 1, 0, 95.238, '2019-09-17 19:50:15'),
	(457, 98, 190.476, 161, 162, 16, 0, 1, 0, 5, 95.238, '2019-09-17 19:50:22'),
	(458, 98, 190.476, 162, 161, 77, 1, 0, 1, 0, 95.238, '2019-09-17 19:50:22'),
	(459, 98, 285.714, 161, 162, 16, 1, 1, 0, 5, 95.238, '2019-09-17 19:50:26'),
	(460, 98, 285.714, 162, 161, 77, 1, 0, 0, 0, 95.238, '2019-09-17 19:50:26'),
	(461, 98, 380.952, 161, 162, 77, 1, 0, 0, 0, 95.238, '2019-09-17 19:50:39'),
	(462, 98, 380.952, 162, 161, 77, 1, 0, 0, 0, 95.238, '2019-09-17 19:50:39'),
	(463, 98, 476.19, 161, 162, 77, 1, 1, 1, 0, 95.238, '2019-09-17 19:50:40'),
	(464, 98, 476.19, 162, 161, 77, 1, 0, 1, 0, 95.238, '2019-09-17 19:50:40'),
	(465, 98, 571.428, 161, 162, 77, 1, 0, 0, 0, 95.238, '2019-09-17 19:50:41'),
	(466, 98, 571.428, 162, 161, 77, 1, 0, 0, 0, 95.238, '2019-09-17 19:50:41'),
	(467, 98, 666.666, 161, 162, 77, 1, 0, 0, 0, 95.238, '2019-09-17 19:50:43'),
	(468, 98, 666.666, 162, 161, 77, 1, 0, 0, 0, 95.238, '2019-09-17 19:50:43'),
	(469, 98, 761.904, 161, 162, 77, 1, 0, 0, 0, 95.238, '2019-09-17 19:50:44'),
	(470, 98, 761.904, 162, 161, 77, 1, 1, 0, 0, 95.238, '2019-09-17 19:50:44'),
	(471, 98, 857.142, 161, 162, 77, 1, 0, 0, 0, 95.238, '2019-09-17 19:50:45'),
	(472, 98, 857.142, 162, 161, 77, 1, 1, 0, 0, 95.238, '2019-09-17 19:50:45'),
	(473, 98, 952.38, 161, 162, 77, 1, 1, 0, 0, 95.238, '2019-09-17 19:50:46'),
	(474, 98, 952.38, 162, 161, 77, 0, 0, 0, 0, 95.238, '2019-09-17 19:50:46'),
	(475, 98, 1047.62, 161, 162, 77, 1, 1, 0, 0, 95.238, '2019-09-17 19:50:48'),
	(476, 98, 1047.62, 162, 161, 77, 0, 0, 0, 0, 95.238, '2019-09-17 19:50:48'),
	(477, 98, 1142.86, 161, 162, 77, 1, 1, 0, 0, 95.238, '2019-09-17 19:50:49'),
	(478, 98, 1142.86, 162, 161, 77, 1, 0, 0, 0, 95.238, '2019-09-17 19:50:49'),
	(479, 98, 1238.1, 161, 162, 77, 1, 0, 0, 0, 95.238, '2019-09-17 19:50:50'),
	(480, 98, 1238.1, 162, 161, 77, 1, 0, 1, 0, 95.238, '2019-09-17 19:50:50'),
	(481, 98, 1333.34, 161, 162, 77, 1, 1, 0, 0, 95.238, '2019-09-17 19:50:52'),
	(482, 98, 1333.34, 162, 161, 77, 0, 0, 1, 0, 95.238, '2019-09-17 19:50:52'),
	(483, 98, 1428.58, 161, 162, 77, 1, 0, 0, 0, 95.238, '2019-09-17 19:50:53'),
	(484, 98, 1428.58, 162, 161, 77, 1, 0, 1, 0, 95.238, '2019-09-17 19:50:53'),
	(485, 99, 95.238, 163, 164, 16, 1, 0, 1, 5, 95.238, '2019-09-17 19:51:32'),
	(486, 99, 95.238, 164, 163, 77, 1, 0, 0, 0, 95.238, '2019-09-17 19:51:32'),
	(487, 99, 190.476, 163, 164, 16, 1, 1, 0, 5, 95.238, '2019-09-17 19:51:35'),
	(488, 99, 190.476, 164, 163, 77, 1, 0, 0, 0, 95.238, '2019-09-17 19:51:35'),
	(489, 99, 285.714, 163, 164, 16, 0, 0, 0, 5, 95.238, '2019-09-17 19:51:38'),
	(490, 99, 285.714, 164, 163, 77, 1, 1, 0, 0, 95.238, '2019-09-17 19:51:38'),
	(491, 99, 380.952, 163, 164, 77, 1, 0, 0, 0, 95.238, '2019-09-17 19:51:43'),
	(492, 99, 380.952, 164, 163, 77, 1, 0, 0, 0, 95.238, '2019-09-17 19:51:43'),
	(493, 99, 476.19, 163, 164, 77, 1, 0, 0, 0, 95.238, '2019-09-17 19:51:45'),
	(494, 99, 476.19, 164, 163, 77, 1, 0, 1, 0, 95.238, '2019-09-17 19:51:45'),
	(495, 99, 571.428, 163, 164, 77, 1, 1, 0, 0, 95.238, '2019-09-17 19:51:46'),
	(496, 99, 571.428, 164, 163, 77, 1, 1, 0, 0, 95.238, '2019-09-17 19:51:46'),
	(497, 99, 666.666, 163, 164, 77, 1, 1, 0, 0, 95.238, '2019-09-17 19:51:48'),
	(498, 99, 666.666, 164, 163, 77, 1, 0, 1, 0, 95.238, '2019-09-17 19:51:48'),
	(499, 99, 761.904, 163, 164, 77, 1, 0, 0, 0, 95.238, '2019-09-17 19:51:49'),
	(500, 99, 761.904, 164, 163, 77, 1, 0, 0, 0, 95.238, '2019-09-17 19:51:49'),
	(501, 99, 857.142, 163, 164, 77, 1, 0, 0, 0, 95.238, '2019-09-17 19:51:50'),
	(502, 99, 857.142, 164, 163, 77, 1, 0, 1, 0, 95.238, '2019-09-17 19:51:50'),
	(503, 99, 952.38, 163, 164, 77, 1, 1, 0, 0, 95.238, '2019-09-17 19:51:51'),
	(504, 99, 952.38, 164, 163, 77, 1, 0, 0, 0, 95.238, '2019-09-17 19:51:51'),
	(505, 99, 1047.62, 163, 164, 77, 1, 0, 0, 0, 95.238, '2019-09-17 19:51:53'),
	(506, 99, 1047.62, 164, 163, 77, 1, 0, 1, 0, 95.238, '2019-09-17 19:51:53'),
	(507, 99, 1142.86, 163, 164, 77, 1, 1, 0, 0, 95.238, '2019-09-17 19:51:54'),
	(508, 99, 1142.86, 164, 163, 77, 1, 0, 0, 0, 95.238, '2019-09-17 19:51:54'),
	(509, 99, 1238.1, 163, 164, 77, 1, 1, 0, 0, 95.238, '2019-09-17 19:51:56'),
	(510, 99, 1238.1, 164, 163, 77, 1, 0, 1, 0, 95.238, '2019-09-17 19:51:56'),
	(511, 99, 1333.34, 163, 164, 77, 1, 0, 0, 0, 95.238, '2019-09-17 19:51:57'),
	(512, 99, 1333.34, 164, 163, 77, 1, 0, 0, 0, 95.238, '2019-09-17 19:51:57'),
	(513, 99, 1428.58, 163, 164, 77, 1, 0, 0, 0, 95.238, '2019-09-17 19:51:59'),
	(514, 99, 1428.58, 164, 163, 77, 1, 0, 0, 0, 95.238, '2019-09-17 19:51:59'),
	(515, 100, 95.238, 165, 166, 16, 1, 0, 0, 5, 95.238, '2019-09-17 19:52:59'),
	(516, 100, 95.238, 166, 165, 77, 1, 0, 0, 0, 100, '2019-09-17 19:52:59'),
	(517, 100, 190.476, 165, 166, 16, 1, 0, 0, 5, 95.238, '2019-09-17 19:53:01'),
	(518, 100, 195.238, 166, 165, 77, 1, 0, 0, 0, 105.263, '2019-09-17 19:53:01'),
	(519, 100, 285.714, 165, 166, 16, 0, 1, 0, 5, 95.238, '2019-09-17 19:53:03'),
	(520, 100, 300.501, 166, 165, 77, 1, 0, 0, 0, 100, '2019-09-17 19:53:03'),
	(521, 100, 380.952, 165, 165, 75, 1, 0, 0, 4, 95.238, '2019-09-17 19:53:11'),
	(522, 100, 400.501, 166, 165, 77, 1, 0, 0, 0, 95.238, '2019-09-17 19:53:11'),
	(523, 100, 476.19, 165, 165, 75, 1, 0, 0, 4, 90.909, '2019-09-17 19:53:13'),
	(524, 100, 495.739, 166, 165, 77, 1, 0, 1, 0, 95.238, '2019-09-17 19:53:13'),
	(525, 100, 567.099, 165, 166, 19, 1, 0, 0, 3, 83.333, '2019-09-17 19:53:17'),
	(526, 100, 590.977, 166, 165, 77, 1, 0, 1, 0, 95.238, '2019-09-17 19:53:17'),
	(527, 100, 650.432, 165, 166, 19, 1, 0, 1, 3, 80, '2019-09-17 19:53:19'),
	(528, 100, 686.215, 166, 165, 77, 1, 0, 0, 0, 95.238, '2019-09-17 19:53:19'),
	(529, 100, 730.432, 165, 166, 77, 1, 0, 0, 0, 80, '2019-09-17 19:53:21'),
	(530, 100, 781.453, 166, 165, 77, 1, 1, 0, 0, 95.238, '2019-09-17 19:53:21'),
	(531, 100, 810.432, 165, 166, 77, 1, 0, 0, 0, 80, '2019-09-17 19:53:22'),
	(532, 100, 876.691, 166, 165, 77, 1, 0, 0, 0, 95.238, '2019-09-17 19:53:22'),
	(533, 101, 95.238, 168, 168, 29, 1, 0, 0, 1, 95.238, '2019-09-17 19:54:39'),
	(534, 101, 95.238, 167, 168, 16, 1, 1, 0, 5, 95.238, '2019-09-17 19:54:53'),
	(535, 101, 190.476, 167, 168, 16, 1, 1, 0, 5, 95.238, '2019-09-17 19:54:55'),
	(536, 101, 190.476, 168, 167, 77, 1, 0, 0, 0, 95.238, '2019-09-17 19:54:55'),
	(537, 101, 285.714, 167, 168, 16, 1, 1, 0, 5, 95.238, '2019-09-17 19:54:58'),
	(538, 101, 285.714, 168, 167, 77, 1, 0, 1, 0, 95.238, '2019-09-17 19:54:58'),
	(539, 101, 380.952, 167, 168, 16, 1, 1, 1, 5, 95.238, '2019-09-17 19:55:00'),
	(540, 101, 380.952, 168, 167, 77, 1, 0, 0, 0, 95.238, '2019-09-17 19:55:00'),
	(541, 101, 476.19, 167, 168, 16, 1, 1, 0, 5, 95.238, '2019-09-17 19:55:01'),
	(542, 101, 476.19, 168, 167, 77, 1, 0, 0, 0, 95.238, '2019-09-17 19:55:01'),
	(543, 101, 571.428, 167, 168, 16, 1, 1, 0, 5, 95.238, '2019-09-17 19:55:02'),
	(544, 101, 571.428, 168, 167, 77, 1, 0, 0, 0, 95.238, '2019-09-17 19:55:02'),
	(545, 101, 666.666, 167, 168, 77, 1, 1, 1, 0, 95.238, '2019-09-17 19:55:10'),
	(546, 101, 666.666, 168, 167, 77, 1, 0, 0, 0, 95.238, '2019-09-17 19:55:10'),
	(547, 101, 761.904, 167, 168, 77, 1, 1, 0, 0, 95.238, '2019-09-17 19:55:12'),
	(548, 101, 761.904, 168, 167, 77, 1, 0, 1, 0, 95.238, '2019-09-17 19:55:12'),
	(549, 101, 857.142, 167, 168, 77, 1, 1, 0, 0, 95.238, '2019-09-17 19:55:15'),
	(550, 101, 857.142, 168, 167, 77, 1, 0, 0, 0, 95.238, '2019-09-17 19:55:15'),
	(551, 101, 952.38, 167, 168, 77, 1, 1, 0, 0, 95.238, '2019-09-17 19:55:16'),
	(552, 101, 952.38, 168, 167, 77, 1, 0, 0, 0, 95.238, '2019-09-17 19:55:16'),
	(553, 101, 1047.62, 167, 168, 77, 1, 1, 0, 0, 95.238, '2019-09-17 19:55:17'),
	(554, 101, 1047.62, 168, 167, 77, 1, 0, 0, 0, 95.238, '2019-09-17 19:55:18'),
	(555, 101, 1142.86, 167, 168, 77, 1, 1, 0, 0, 95.238, '2019-09-17 19:55:19'),
	(556, 101, 1142.86, 168, 167, 77, 1, 0, 0, 0, 95.238, '2019-09-17 19:55:19'),
	(557, 101, 1238.1, 167, 168, 77, 1, 1, 0, 0, 95.238, '2019-09-17 19:55:21'),
	(558, 101, 1238.1, 168, 167, 77, 1, 0, 0, 0, 95.238, '2019-09-17 19:55:21'),
	(559, 101, 1333.34, 167, 168, 77, 1, 1, 0, 0, 95.238, '2019-09-17 19:55:22'),
	(560, 101, 1333.34, 168, 167, 77, 1, 0, 1, 0, 95.238, '2019-09-17 19:55:22'),
	(561, 101, 1428.58, 167, 168, 77, 1, 1, 0, 0, 95.238, '2019-09-17 19:56:03'),
	(562, 101, 1428.58, 168, 167, 77, 1, 0, 0, 0, 95.238, '2019-09-17 19:56:03'),
	(563, 101, 1523.82, 167, 168, 77, 1, 1, 1, 0, 95.238, '2019-09-17 19:56:15'),
	(564, 101, 1523.82, 168, 167, 77, 1, 1, 0, 0, 95.238, '2019-09-17 19:56:15'),
	(565, 101, 1619.06, 167, 168, 77, 1, 1, 0, 0, 95.238, '2019-09-17 19:56:17'),
	(566, 101, 1619.06, 168, 167, 77, 1, 0, 1, 0, 95.238, '2019-09-17 19:56:17'),
	(567, 101, 1714.3, 167, 168, 77, 1, 1, 0, 0, 95.238, '2019-09-17 19:56:19'),
	(568, 101, 1714.3, 168, 167, 77, 1, 0, 1, 0, 95.238, '2019-09-17 19:56:19'),
	(569, 101, 1809.54, 167, 168, 77, 1, 1, 0, 0, 95.238, '2019-09-17 19:56:21'),
	(570, 101, 1809.54, 168, 167, 77, 1, 0, 0, 0, 95.238, '2019-09-17 19:56:21'),
	(571, 102, 95.238, 170, 170, 29, 1, 0, 0, 1, 95.238, '2019-09-17 19:57:36'),
	(572, 102, 95.238, 169, 170, 16, 1, 0, 1, 5, 95.238, '2019-09-17 19:57:44'),
	(573, 102, 190.476, 169, 170, 16, 1, 1, 0, 5, 95.238, '2019-09-17 19:57:49'),
	(574, 102, 190.476, 170, 169, 77, 1, 0, 0, 0, 95.238, '2019-09-17 19:57:49'),
	(575, 102, 285.714, 169, 170, 16, 1, 0, 0, 5, 95.238, '2019-09-17 19:57:52'),
	(576, 102, 285.714, 170, 169, 77, 1, 0, 0, 0, 100, '2019-09-17 19:57:52'),
	(577, 102, 380.952, 169, 170, 16, 1, 0, 0, 5, 95.238, '2019-09-17 19:57:55'),
	(578, 102, 385.714, 170, 169, 77, 1, 0, 0, 0, 105.263, '2019-09-17 19:57:55'),
	(579, 102, 476.19, 169, 170, 16, 1, 1, 0, 5, 95.238, '2019-09-17 19:57:56'),
	(580, 102, 490.977, 170, 169, 77, 1, 0, 0, 0, 100, '2019-09-17 19:57:56'),
	(581, 102, 571.428, 169, 169, 75, 1, 0, 0, 4, 95.238, '2019-09-17 19:57:58'),
	(582, 102, 590.977, 170, 169, 77, 1, 0, 0, 0, 95.238, '2019-09-17 19:57:58'),
	(583, 102, 666.666, 169, 170, 77, 1, 0, 0, 0, 90.909, '2019-09-17 19:58:04'),
	(584, 102, 686.215, 170, 169, 77, 1, 1, 1, 0, 95.238, '2019-09-17 19:58:04'),
	(585, 102, 757.575, 169, 170, 77, 1, 0, 0, 0, 86.956, '2019-09-17 19:58:05'),
	(586, 102, 781.453, 170, 169, 77, 1, 0, 1, 0, 95.238, '2019-09-17 19:58:05'),
	(587, 102, 844.531, 169, 170, 77, 1, 0, 0, 0, 86.956, '2019-09-17 19:58:08'),
	(588, 102, 876.691, 170, 169, 77, 0, 0, 0, 0, 95.238, '2019-09-17 19:58:08'),
	(589, 102, 931.487, 169, 170, 77, 1, 0, 0, 0, 86.956, '2019-09-17 19:58:09'),
	(590, 102, 971.929, 170, 169, 77, 1, 0, 0, 0, 95.238, '2019-09-17 19:58:09'),
	(591, 102, 1018.44, 169, 170, 77, 1, 0, 0, 0, 86.956, '2019-09-17 19:58:11'),
	(592, 102, 1067.17, 170, 169, 77, 1, 0, 0, 0, 95.238, '2019-09-17 19:58:11'),
	(593, 103, 95.238, 171, 172, 77, 1, 0, 0, 0, 95.238, '2019-09-17 19:58:39'),
	(594, 103, 100, 172, 171, 77, 1, 0, 0, 0, 100, '2019-09-17 19:58:39'),
	(595, 103, 190.476, 171, 172, 77, 1, 0, 0, 0, 95.238, '2019-09-17 19:58:43'),
	(596, 103, 200, 172, 171, 77, 1, 0, 0, 0, 100, '2019-09-17 19:58:43'),
	(597, 103, 285.714, 171, 172, 77, 1, 0, 0, 0, 95.238, '2019-09-17 19:58:44'),
	(598, 103, 300, 172, 171, 77, 1, 0, 1, 0, 100, '2019-09-17 19:58:44'),
	(599, 103, 380.952, 171, 172, 77, 1, 0, 0, 0, 95.238, '2019-09-17 19:58:46'),
	(600, 103, 400, 172, 171, 77, 1, 1, 1, 0, 100, '2019-09-17 19:58:46'),
	(601, 103, 476.19, 171, 171, 75, 1, 0, 0, 4, 95.238, '2019-09-17 19:58:47'),
	(602, 103, 500, 172, 171, 77, 1, 0, 0, 0, 100, '2019-09-17 19:58:47'),
	(603, 103, 571.428, 171, 171, 75, 1, 0, 0, 4, 90.909, '2019-09-17 19:58:50'),
	(604, 103, 600, 172, 171, 77, 1, 1, 0, 0, 100, '2019-09-17 19:58:50'),
	(605, 103, 662.337, 171, 171, 75, 1, 0, 0, 4, 83.333, '2019-09-17 19:58:51'),
	(606, 103, 700, 172, 171, 77, 1, 0, 0, 0, 100, '2019-09-17 19:58:51'),
	(607, 103, 745.67, 171, 171, 75, 1, 0, 0, 4, 76.923, '2019-09-17 19:58:52'),
	(608, 103, 800, 172, 171, 77, 1, 0, 0, 0, 100, '2019-09-17 19:58:52'),
	(609, 103, 822.593, 171, 172, 77, 1, 0, 0, 0, 71.428, '2019-09-17 19:58:54'),
	(610, 103, 894.021, 171, 172, 77, 1, 0, 0, 0, 68.965, '2019-09-17 19:58:56'),
	(611, 103, 900, 172, 171, 77, 1, 0, 0, 0, 100, '2019-09-17 19:58:56'),
	(612, 104, 95.238, 173, 173, 75, 1, 0, 0, 4, 95.238, '2019-09-22 15:12:12'),
	(613, 104, 95.238, 174, 173, 77, 0, 0, 0, 0, 95.238, '2019-09-22 15:12:12'),
	(614, 104, 190.476, 173, 173, 75, 1, 0, 0, 4, 90.909, '2019-09-22 15:12:17'),
	(615, 104, 190.476, 174, 173, 77, 1, 0, 1, 0, 95.238, '2019-09-22 15:12:17'),
	(616, 104, 281.385, 173, 173, 75, 0, 0, 0, 4, 83.333, '2019-09-22 15:12:18'),
	(617, 104, 285.714, 174, 173, 77, 1, 0, 0, 0, 95.238, '2019-09-22 15:12:18'),
	(618, 104, 364.718, 173, 173, 75, 1, 0, 0, 4, 80, '2019-09-22 15:12:19'),
	(619, 104, 380.952, 174, 173, 77, 1, 0, 0, 0, 95.238, '2019-09-22 15:12:19'),
	(620, 104, 444.718, 173, 173, 75, 1, 0, 0, 4, 76.923, '2019-09-22 15:12:21'),
	(621, 104, 476.19, 174, 173, 77, 1, 0, 1, 0, 95.238, '2019-09-22 15:12:21'),
	(622, 104, 521.641, 173, 173, 75, 1, 0, 0, 4, 71.428, '2019-09-22 15:12:22'),
	(623, 104, 571.428, 174, 173, 77, 1, 0, 1, 0, 95.238, '2019-09-22 15:12:22'),
	(624, 104, 593.069, 173, 173, 75, 1, 0, 0, 4, 66.666, '2019-09-22 15:12:23'),
	(625, 104, 666.666, 174, 174, 29, 0, 0, 0, 1, 95.238, '2019-09-22 15:12:43'),
	(626, 104, 761.904, 174, 174, 29, 1, 0, 0, 1, 95.238, '2019-09-22 15:12:47'),
	(627, 104, 857.142, 174, 174, 29, 1, 0, 0, 1, 95.238, '2019-09-22 15:12:49'),
	(628, 104, 952.38, 174, 173, 77, 1, 0, 0, 0, 95.238, '2019-09-22 15:13:00'),
	(629, 104, 659.735, 173, 174, 77, 1, 0, 0, 0, 62.5, '2019-09-22 15:13:04'),
	(630, 104, 722.235, 173, 174, 77, 1, 1, 0, 0, 60.606, '2019-09-22 15:13:06'),
	(631, 104, 782.841, 173, 174, 77, 0, 0, 0, 0, 60.606, '2019-09-22 15:13:08'),
	(632, 104, 843.447, 173, 174, 77, 1, 0, 0, 0, 60.606, '2019-09-22 15:13:09'),
	(633, 104, 904.053, 173, 174, 77, 1, 0, 0, 0, 60.606, '2019-09-22 15:13:11'),
	(634, 104, 964.659, 173, 174, 77, 1, 1, 0, 0, 60.606, '2019-09-22 15:13:12'),
	(635, 104, 1025.27, 173, 174, 77, 1, 1, 0, 0, 60.606, '2019-09-22 15:13:14'),
	(636, 104, 1047.62, 174, 173, 77, 1, 0, 0, 0, 95.238, '2019-09-22 15:13:14'),
	(637, 104, 1085.88, 173, 174, 77, 1, 1, 0, 0, 60.606, '2019-09-22 15:13:15'),
	(638, 104, 1142.86, 174, 173, 77, 1, 0, 0, 0, 95.238, '2019-09-22 15:13:15'),
	(639, 104, 1146.49, 173, 174, 77, 1, 0, 0, 0, 60.606, '2019-09-22 15:13:17'),
	(640, 104, 1207.1, 173, 174, 77, 0, 0, 0, 0, 60.606, '2019-09-22 15:13:18'),
	(641, 104, 1238.1, 174, 173, 77, 1, 0, 1, 0, 95.238, '2019-09-22 15:13:18'),
	(642, 104, 1267.71, 173, 174, 77, 0, 0, 0, 0, 60.606, '2019-09-22 15:13:20'),
	(643, 104, 1328.32, 173, 174, 77, 1, 1, 0, 0, 60.606, '2019-09-22 15:13:21'),
	(644, 104, 1333.34, 174, 173, 77, 1, 0, 0, 0, 95.238, '2019-09-22 15:13:21'),
	(645, 104, 1388.93, 173, 174, 77, 1, 0, 0, 0, 60.606, '2019-09-22 15:13:23'),
	(646, 104, 1428.58, 174, 173, 77, 1, 1, 0, 0, 95.238, '2019-09-22 15:13:23'),
	(647, 104, 1449.54, 173, 174, 77, 1, 0, 0, 0, 60.606, '2019-09-22 15:13:24'),
	(648, 104, 1510.15, 173, 174, 77, 1, 0, 0, 0, 60.606, '2019-09-22 15:13:26'),
	(649, 104, 1523.82, 174, 173, 77, 1, 0, 0, 0, 95.238, '2019-09-22 15:13:26'),
	(650, 105, 95.238, 176, 176, 29, 1, 0, 0, 1, 95.238, '2019-09-22 15:16:54'),
	(651, 105, 190.476, 176, 176, 29, 1, 0, 0, 1, 95.238, '2019-09-22 15:16:56'),
	(652, 105, 285.714, 176, 176, 29, 1, 0, 0, 1, 95.238, '2019-09-22 15:16:57'),
	(653, 105, 95.238, 175, 175, 75, 1, 0, 0, 4, 95.238, '2019-09-22 15:17:02'),
	(654, 105, 190.476, 175, 175, 75, 1, 0, 0, 4, 90.909, '2019-09-22 15:17:03'),
	(655, 105, 281.385, 175, 175, 75, 1, 0, 0, 4, 83.333, '2019-09-22 15:17:04'),
	(656, 105, 364.718, 175, 175, 75, 1, 0, 0, 4, 76.923, '2019-09-22 15:17:05'),
	(657, 105, 380.952, 176, 175, 77, 1, 0, 1, 0, 95.238, '2019-09-22 15:17:05'),
	(658, 105, 441.641, 175, 175, 75, 1, 0, 0, 4, 71.428, '2019-09-22 15:17:07'),
	(659, 105, 476.19, 176, 175, 77, 1, 0, 0, 0, 95.238, '2019-09-22 15:17:07'),
	(660, 105, 513.069, 175, 175, 75, 1, 0, 0, 4, 66.666, '2019-09-22 15:17:08'),
	(661, 105, 571.428, 176, 175, 77, 1, 0, 0, 0, 95.238, '2019-09-22 15:17:08'),
	(662, 105, 579.735, 175, 175, 75, 0, 0, 0, 4, 62.5, '2019-09-22 15:17:09'),
	(663, 105, 666.666, 176, 175, 77, 1, 1, 1, 0, 95.238, '2019-09-22 15:17:15'),
	(664, 105, 761.904, 176, 175, 77, 1, 1, 1, 0, 95.238, '2019-09-22 15:25:28'),
	(665, 105, 642.235, 175, 176, 77, 1, 0, 0, 0, 60.606, '2019-09-22 15:26:48'),
	(666, 105, 702.841, 175, 176, 77, 1, 0, 0, 0, 60.606, '2019-09-22 15:47:37'),
	(667, 105, 763.447, 175, 176, 77, 1, 0, 0, 0, 60.606, '2019-09-22 15:47:52'),
	(668, 105, 824.053, 175, 176, 77, 1, 0, 0, 0, 60.606, '2019-09-22 15:47:54'),
	(669, 105, 857.142, 176, 175, 77, 1, 0, 0, 0, 95.238, '2019-09-22 15:47:54'),
	(670, 105, 884.659, 175, 176, 77, 1, 1, 0, 0, 60.606, '2019-09-22 15:47:55'),
	(671, 105, 945.265, 175, 176, 77, 1, 1, 0, 0, 60.606, '2019-09-22 15:47:57'),
	(672, 105, 952.38, 176, 175, 77, 1, 0, 0, 0, 95.238, '2019-09-22 15:47:57'),
	(673, 105, 1005.87, 175, 176, 77, 1, 0, 0, 0, 60.606, '2019-09-22 15:47:59'),
	(674, 105, 1047.62, 176, 175, 77, 1, 0, 0, 0, 95.238, '2019-09-22 15:47:59'),
	(675, 105, 1066.48, 175, 176, 77, 1, 0, 0, 0, 60.606, '2019-09-22 15:48:01'),
	(676, 105, 1127.09, 175, 176, 77, 1, 0, 0, 0, 60.606, '2019-09-22 15:48:03'),
	(677, 105, 1142.86, 176, 175, 77, 1, 0, 0, 0, 95.238, '2019-09-22 15:48:04'),
	(678, 106, 95.238, 178, 178, 29, 1, 0, 0, 1, 95.238, '2019-09-22 15:48:30'),
	(679, 106, 190.476, 178, 178, 29, 1, 0, 0, 1, 95.238, '2019-09-22 15:48:31'),
	(680, 106, 285.714, 178, 178, 29, 1, 0, 0, 1, 95.238, '2019-09-22 15:48:32'),
	(681, 106, 95.238, 177, 178, 77, 1, 1, 0, 0, 95.238, '2019-09-22 15:48:37'),
	(682, 106, 190.476, 177, 178, 77, 1, 1, 0, 0, 95.238, '2019-09-22 15:48:38'),
	(683, 106, 285.714, 177, 178, 77, 1, 1, 0, 0, 95.238, '2019-09-22 15:48:41'),
	(684, 106, 380.952, 177, 178, 77, 1, 1, 0, 0, 95.238, '2019-09-22 15:48:43'),
	(685, 106, 380.952, 178, 177, 77, 1, 0, 0, 0, 95.238, '2019-09-22 15:48:43'),
	(686, 106, 476.19, 177, 178, 77, 1, 0, 0, 0, 95.238, '2019-09-22 15:48:46'),
	(687, 106, 476.19, 178, 177, 77, 1, 0, 0, 0, 95.238, '2019-09-22 15:48:46'),
	(688, 106, 571.428, 177, 178, 77, 1, 1, 0, 0, 95.238, '2019-09-22 15:48:48'),
	(689, 106, 571.428, 178, 177, 77, 1, 0, 0, 0, 95.238, '2019-09-22 15:48:48'),
	(690, 106, 666.666, 177, 177, 75, 1, 0, 0, 4, 95.238, '2019-09-22 15:48:50'),
	(691, 106, 666.666, 178, 177, 77, 1, 0, 1, 0, 95.238, '2019-09-22 15:48:50'),
	(692, 106, 761.904, 177, 177, 75, 1, 0, 0, 4, 90.909, '2019-09-22 15:48:51'),
	(693, 106, 761.904, 178, 177, 77, 1, 0, 0, 0, 95.238, '2019-09-22 15:48:51'),
	(694, 106, 852.813, 177, 177, 75, 1, 0, 0, 4, 83.333, '2019-09-22 15:48:52'),
	(695, 106, 857.142, 178, 177, 77, 1, 0, 1, 0, 95.238, '2019-09-22 15:48:52'),
	(696, 106, 936.146, 177, 177, 75, 1, 0, 0, 4, 76.923, '2019-09-22 15:48:55'),
	(697, 106, 952.38, 178, 177, 77, 1, 0, 1, 0, 95.238, '2019-09-22 15:48:55'),
	(698, 106, 1013.07, 177, 177, 75, 1, 0, 0, 4, 71.428, '2019-09-22 15:48:56'),
	(699, 106, 1047.62, 178, 177, 77, 0, 0, 1, 0, 95.238, '2019-09-22 15:48:56'),
	(700, 106, 1084.5, 177, 178, 16, 1, 0, 0, 5, 66.666, '2019-09-22 15:49:00'),
	(701, 106, 1142.86, 178, 177, 77, 1, 1, 1, 0, 100, '2019-09-22 15:49:00'),
	(702, 106, 1151.17, 177, 178, 19, 1, 0, 0, 3, 64.516, '2019-09-22 15:49:10'),
	(703, 106, 1215.69, 177, 178, 77, 1, 1, 0, 0, 64.516, '2019-09-22 15:49:14'),
	(704, 106, 1242.86, 178, 177, 77, 1, 0, 0, 0, 100, '2019-09-22 15:49:14'),
	(705, 106, 1280.21, 177, 178, 77, 1, 0, 0, 0, 64.516, '2019-09-22 15:49:15'),
	(706, 106, 1342.86, 178, 177, 77, 1, 0, 0, 0, 95.238, '2019-09-22 15:49:15'),
	(707, 106, 1344.73, 177, 178, 77, 1, 1, 0, 0, 64.516, '2019-09-22 15:49:17'),
	(708, 107, 95.238, 179, 180, 19, 1, 1, 0, 3, 95.238, '2019-09-22 15:49:39'),
	(709, 107, 95.238, 180, 179, 77, 1, 1, 0, 0, 95.238, '2019-09-22 15:49:39'),
	(710, 107, 190.476, 179, 179, 75, 1, 0, 0, 4, 95.238, '2019-09-22 15:49:41'),
	(711, 107, 190.476, 180, 179, 77, 1, 0, 0, 0, 95.238, '2019-09-22 15:49:41'),
	(712, 107, 285.714, 179, 179, 75, 1, 0, 0, 4, 90.909, '2019-09-22 15:49:42'),
	(713, 107, 285.714, 180, 179, 77, 1, 0, 0, 0, 95.238, '2019-09-22 15:49:42'),
	(714, 107, 376.623, 179, 179, 75, 1, 0, 0, 4, 83.333, '2019-09-22 15:49:42'),
	(715, 107, 380.952, 180, 179, 77, 0, 0, 0, 0, 95.238, '2019-09-22 15:49:43'),
	(716, 107, 459.956, 179, 180, 19, 1, 0, 0, 3, 76.923, '2019-09-22 15:49:52'),
	(717, 107, 476.19, 180, 179, 77, 1, 1, 0, 0, 95.238, '2019-09-22 15:49:52'),
	(718, 107, 536.879, 179, 179, 75, 1, 0, 0, 4, 74.074, '2019-09-22 15:49:55'),
	(719, 107, 571.428, 180, 179, 77, 1, 1, 1, 0, 95.238, '2019-09-22 15:49:56'),
	(720, 107, 610.953, 179, 179, 75, 1, 0, 0, 4, 71.428, '2019-09-22 15:49:58'),
	(721, 107, 666.666, 180, 179, 77, 1, 0, 0, 0, 95.238, '2019-09-22 15:49:58'),
	(722, 107, 682.381, 179, 180, 19, 1, 1, 1, 3, 66.666, '2019-09-22 15:50:08'),
	(723, 107, 749.047, 179, 180, 77, 1, 1, 0, 0, 64.516, '2019-09-22 15:50:11'),
	(724, 107, 761.904, 180, 179, 77, 1, 0, 0, 0, 95.238, '2019-09-22 15:50:11'),
	(725, 107, 813.563, 179, 180, 77, 1, 0, 0, 0, 64.516, '2019-09-22 15:50:13'),
	(726, 107, 857.142, 180, 179, 77, 1, 0, 0, 0, 95.238, '2019-09-22 15:50:13'),
	(727, 107, 878.079, 179, 180, 77, 1, 1, 0, 0, 64.516, '2019-09-22 15:50:14'),
	(728, 107, 942.595, 179, 180, 77, 1, 0, 1, 0, 64.516, '2019-09-22 15:50:16'),
	(729, 107, 952.38, 180, 179, 77, 1, 0, 1, 0, 95.238, '2019-09-22 15:50:16'),
	(730, 107, 1007.11, 179, 180, 77, 1, 0, 0, 0, 64.516, '2019-09-22 15:50:17'),
	(731, 107, 1047.62, 180, 179, 77, 1, 0, 1, 0, 95.238, '2019-09-22 15:50:17'),
	(732, 107, 1071.63, 179, 180, 77, 1, 0, 0, 0, 64.516, '2019-09-22 15:50:18'),
	(733, 107, 1136.15, 179, 180, 77, 1, 0, 0, 0, 64.516, '2019-09-22 15:50:19'),
	(734, 107, 1142.86, 180, 179, 77, 1, 0, 0, 0, 95.238, '2019-09-22 15:50:19'),
	(735, 108, 95.238, 182, 182, 29, 1, 0, 0, 1, 95.238, '2019-09-22 15:50:58'),
	(736, 108, 190.476, 182, 182, 29, 1, 0, 0, 1, 95.238, '2019-09-22 15:51:00'),
	(737, 108, 285.714, 182, 182, 29, 1, 0, 0, 1, 95.238, '2019-09-22 15:51:01'),
	(738, 108, 95.238, 181, 182, 19, 1, 1, 0, 3, 95.238, '2019-09-22 15:51:11'),
	(739, 108, 190.476, 181, 182, 19, 1, 0, 0, 3, 95.238, '2019-09-22 15:51:13'),
	(740, 108, 285.714, 181, 181, 75, 1, 0, 0, 4, 95.238, '2019-09-22 15:51:15'),
	(741, 108, 380.952, 181, 181, 75, 1, 0, 0, 4, 90.909, '2019-09-22 15:51:16'),
	(742, 108, 380.952, 182, 181, 77, 1, 0, 0, 0, 95.238, '2019-09-22 15:51:16'),
	(743, 108, 471.861, 181, 181, 75, 1, 0, 0, 4, 83.333, '2019-09-22 15:51:16'),
	(744, 108, 476.19, 182, 181, 77, 1, 0, 0, 0, 95.238, '2019-09-22 15:51:17'),
	(745, 108, 555.194, 181, 181, 75, 1, 0, 0, 4, 76.923, '2019-09-22 15:51:17'),
	(746, 108, 571.428, 182, 181, 77, 1, 0, 0, 0, 95.238, '2019-09-22 15:51:17'),
	(747, 108, 632.117, 181, 181, 75, 0, 0, 0, 4, 71.428, '2019-09-22 15:51:18'),
	(748, 108, 666.666, 182, 181, 77, 1, 1, 1, 0, 95.238, '2019-09-22 15:51:18'),
	(749, 108, 703.545, 181, 182, 19, 1, 1, 0, 3, 68.965, '2019-09-22 15:51:25'),
	(750, 108, 761.904, 182, 181, 77, 1, 0, 0, 0, 95.238, '2019-09-22 15:51:25'),
	(751, 108, 772.51, 181, 182, 77, 1, 1, 0, 0, 68.965, '2019-09-22 15:51:28'),
	(752, 108, 841.475, 181, 182, 77, 1, 1, 0, 0, 68.965, '2019-09-22 15:51:29'),
	(753, 108, 857.142, 182, 181, 77, 1, 0, 1, 0, 95.238, '2019-09-22 15:51:29'),
	(754, 108, 910.44, 181, 182, 77, 1, 0, 0, 0, 68.965, '2019-09-22 15:51:31'),
	(755, 108, 952.38, 182, 181, 77, 1, 0, 1, 0, 95.238, '2019-09-22 15:51:31'),
	(756, 108, 979.405, 181, 182, 77, 1, 1, 0, 0, 68.965, '2019-09-22 15:51:32'),
	(757, 108, 1047.62, 182, 181, 77, 1, 0, 0, 0, 95.238, '2019-09-22 15:51:32'),
	(758, 108, 1048.37, 181, 182, 77, 1, 0, 0, 0, 68.965, '2019-09-22 15:51:34'),
	(759, 108, 1117.33, 181, 182, 77, 1, 0, 0, 0, 68.965, '2019-09-22 15:51:37'),
	(760, 108, 1142.86, 182, 181, 77, 1, 0, 0, 0, 95.238, '2019-09-22 15:51:37'),
	(761, 109, 95.238, 183, 184, 77, 1, 0, 0, 0, 95.238, '2019-09-22 15:52:39'),
	(762, 109, 95.238, 184, 183, 77, 1, 0, 1, 0, 95.238, '2019-09-22 15:52:39'),
	(763, 109, 190.476, 183, 184, 77, 1, 1, 0, 0, 95.238, '2019-09-22 15:52:41'),
	(764, 109, 190.476, 184, 183, 77, 1, 0, 1, 0, 95.238, '2019-09-22 15:52:41'),
	(765, 109, 285.714, 183, 184, 77, 0, 1, 0, 0, 95.238, '2019-09-22 15:52:42'),
	(766, 109, 285.714, 184, 183, 77, 1, 0, 0, 0, 95.238, '2019-09-22 15:52:42'),
	(767, 109, 380.952, 183, 184, 77, 1, 0, 0, 0, 95.238, '2019-09-22 15:52:43'),
	(768, 109, 380.952, 184, 183, 77, 1, 1, 0, 0, 95.238, '2019-09-22 15:52:43'),
	(769, 109, 476.19, 183, 184, 19, 1, 0, 0, 3, 95.238, '2019-09-22 15:52:44'),
	(770, 109, 476.19, 184, 183, 77, 1, 0, 0, 0, 95.238, '2019-09-22 15:52:44'),
	(771, 109, 571.428, 183, 184, 19, 1, 0, 0, 3, 95.238, '2019-09-22 15:52:45'),
	(772, 109, 571.428, 184, 183, 77, 1, 1, 0, 0, 95.238, '2019-09-22 15:52:45'),
	(773, 110, 95.238, 185, 186, 77, 1, 1, 0, 0, 95.238, '2019-09-22 16:03:37'),
	(774, 110, 95.238, 186, 185, 77, 1, 0, 1, 0, 95.238, '2019-09-22 16:03:37'),
	(775, 110, 190.476, 185, 186, 77, 1, 1, 0, 0, 95.238, '2019-09-22 16:03:40'),
	(776, 110, 190.476, 186, 185, 77, 1, 0, 1, 0, 95.238, '2019-09-22 16:03:40'),
	(777, 110, 285.714, 185, 186, 77, 1, 0, 0, 0, 95.238, '2019-09-22 16:03:42'),
	(778, 110, 285.714, 186, 185, 77, 1, 0, 0, 0, 95.238, '2019-09-22 16:03:42'),
	(779, 110, 380.952, 185, 186, 77, 1, 0, 0, 0, 95.238, '2019-09-22 16:03:45'),
	(780, 110, 380.952, 186, 185, 77, 1, 0, 1, 0, 95.238, '2019-09-22 16:03:45'),
	(781, 110, 476.19, 185, 185, 75, 1, 0, 0, 4, 95.238, '2019-09-22 16:03:48'),
	(782, 110, 476.19, 186, 185, 77, 1, 0, 1, 0, 95.238, '2019-09-22 16:03:48'),
	(783, 110, 571.428, 185, 186, 77, 1, 0, 0, 0, 90.909, '2019-09-22 16:03:50'),
	(784, 110, 571.428, 186, 185, 77, 1, 1, 1, 0, 95.238, '2019-09-22 16:03:50'),
	(785, 110, 662.337, 185, 186, 19, 1, 0, 0, 3, 86.956, '2019-09-22 16:03:52'),
	(786, 110, 666.666, 186, 185, 77, 1, 0, 0, 0, 95.238, '2019-09-22 16:03:52'),
	(787, 110, 749.293, 185, 186, 19, 1, 0, 0, 3, 86.956, '2019-09-22 16:03:53'),
	(788, 110, 761.904, 186, 185, 77, 1, 0, 0, 0, 95.238, '2019-09-22 16:03:53'),
	(789, 111, 95.238, 187, 188, 77, 1, 1, 0, 0, 95.238, '2019-09-22 16:56:10'),
	(790, 111, 95.238, 188, 187, 77, 1, 0, 1, 0, 95.238, '2019-09-22 16:56:10'),
	(791, 111, 190.476, 187, 187, 75, 1, 0, 0, 4, 95.238, '2019-09-22 16:56:14'),
	(792, 111, 190.476, 188, 187, 77, 1, 0, 0, 0, 95.238, '2019-09-22 16:56:14'),
	(793, 111, 285.714, 187, 187, 75, 1, 0, 0, 4, 90.909, '2019-09-22 16:56:16'),
	(794, 111, 285.714, 188, 187, 77, 1, 0, 0, 0, 95.238, '2019-09-22 16:56:16'),
	(795, 111, 376.623, 187, 187, 75, 1, 0, 0, 4, 83.333, '2019-09-22 16:56:17'),
	(796, 111, 380.952, 188, 187, 77, 1, 0, 1, 0, 95.238, '2019-09-22 16:56:18'),
	(797, 111, 459.956, 187, 187, 75, 1, 0, 0, 4, 76.923, '2019-09-22 16:56:19'),
	(798, 111, 476.19, 188, 187, 77, 1, 0, 1, 0, 95.238, '2019-09-22 16:56:19'),
	(799, 111, 536.879, 187, 187, 75, 1, 0, 0, 4, 71.428, '2019-09-22 16:56:20'),
	(800, 111, 571.428, 188, 187, 77, 1, 0, 1, 0, 95.238, '2019-09-22 16:56:20'),
	(801, 111, 608.307, 187, 187, 75, 1, 0, 0, 4, 66.666, '2019-09-22 16:56:21'),
	(802, 111, 666.666, 188, 187, 77, 1, 0, 1, 0, 95.238, '2019-09-22 16:56:21'),
	(803, 111, 674.973, 187, 187, 75, 1, 0, 0, 4, 62.5, '2019-09-22 16:56:21'),
	(804, 111, 737.473, 187, 188, 77, 0, 0, 0, 0, 58.823, '2019-09-22 16:56:30'),
	(805, 111, 761.904, 188, 187, 77, 1, 0, 0, 0, 95.238, '2019-09-22 16:56:30'),
	(806, 111, 796.296, 187, 188, 77, 1, 0, 0, 0, 57.142, '2019-09-22 16:56:37'),
	(807, 111, 853.438, 187, 188, 77, 1, 0, 0, 0, 57.142, '2019-09-22 16:56:47'),
	(808, 111, 857.142, 188, 187, 77, 1, 1, 0, 0, 95.238, '2019-09-22 16:56:47'),
	(809, 111, 910.58, 187, 188, 77, 1, 0, 0, 0, 57.142, '2019-09-22 16:56:56'),
	(810, 111, 952.38, 188, 187, 77, 1, 0, 0, 0, 95.238, '2019-09-22 16:56:56'),
	(811, 111, 967.722, 187, 188, 77, 1, 0, 0, 0, 57.142, '2019-09-22 16:56:59'),
	(812, 111, 1024.86, 187, 188, 77, 1, 0, 0, 0, 57.142, '2019-09-22 16:57:01'),
	(813, 111, 1047.62, 188, 187, 77, 1, 0, 0, 0, 95.238, '2019-09-22 16:57:01'),
	(814, 111, 1082, 187, 188, 77, 1, 1, 0, 0, 57.142, '2019-09-22 16:57:03'),
	(815, 111, 1139.14, 187, 188, 77, 1, 0, 1, 0, 57.142, '2019-09-22 16:57:13'),
	(816, 111, 1142.86, 188, 187, 77, 1, 1, 0, 0, 95.238, '2019-09-22 16:57:13'),
	(817, 111, 1196.28, 187, 188, 77, 1, 0, 0, 0, 57.142, '2019-09-22 16:57:16'),
	(818, 111, 1238.1, 188, 187, 77, 1, 0, 0, 0, 95.238, '2019-09-22 16:57:16'),
	(819, 111, 1253.42, 187, 188, 77, 1, 0, 0, 0, 57.142, '2019-09-22 16:57:18'),
	(820, 112, 95.238, 189, 190, 19, 1, 0, 0, 3, 95.238, '2019-09-22 16:58:13'),
	(821, 112, 190.476, 189, 190, 77, 1, 1, 1, 0, 95.238, '2019-09-22 16:58:20'),
	(822, 112, 285.714, 189, 190, 77, 1, 0, 0, 0, 95.238, '2019-09-22 16:58:25'),
	(823, 112, 380.952, 189, 190, 77, 1, 1, 0, 0, 95.238, '2019-09-22 16:58:30'),
	(824, 112, 476.19, 189, 190, 77, 1, 0, 0, 0, 95.238, '2019-09-22 16:58:34'),
	(825, 112, 500, 190, 189, 77, 1, 0, 0, 0, 500, '2019-09-22 16:58:34'),
	(826, 112, 571.428, 189, 190, 77, 1, 1, 0, 0, 95.238, '2019-09-22 17:02:08'),
	(827, 112, 666.666, 189, 190, 77, 1, 0, 0, 0, 95.238, '2019-09-22 17:02:11'),
	(828, 112, 761.904, 189, 190, 19, 1, 0, 0, 3, 95.238, '2019-09-22 17:02:14'),
	(829, 112, 857.142, 189, 189, 75, 1, 0, 0, 4, 95.238, '2019-09-22 17:02:18'),
	(830, 112, 952.38, 189, 189, 75, 1, 0, 0, 4, 90.909, '2019-09-22 17:02:20'),
	(831, 112, 1000, 190, 189, 77, 1, 0, 0, 0, 500, '2019-09-22 17:02:20'),
	(832, 112, 1043.29, 189, 189, 75, 1, 0, 0, 4, 83.333, '2019-09-22 17:02:21'),
	(833, 113, 95.238, 191, 192, 16, 1, 0, 0, 5, 95.238, '2019-09-22 17:02:57'),
	(834, 113, 190.476, 191, 192, 77, 1, 0, 0, 0, 95.238, '2019-09-22 17:03:07'),
	(835, 113, 200, 192, 191, 77, 1, 0, 0, 0, 222.222, '2019-09-22 17:03:07'),
	(836, 113, 285.714, 191, 192, 77, 1, 0, 0, 0, 95.238, '2019-09-22 17:03:20'),
	(837, 113, 380.952, 191, 192, 77, 1, 1, 0, 0, 95.238, '2019-09-22 17:03:25'),
	(838, 113, 422.222, 192, 191, 77, 1, 0, 0, 0, 222.222, '2019-09-22 17:03:25'),
	(839, 113, 476.19, 191, 192, 77, 1, 0, 0, 0, 95.238, '2019-09-22 17:03:33'),
	(840, 113, 571.428, 191, 192, 77, 1, 0, 0, 0, 95.238, '2019-09-22 17:03:43'),
	(841, 113, 644.444, 192, 191, 77, 1, 0, 0, 0, 200, '2019-09-22 17:03:43'),
	(842, 113, 666.666, 191, 192, 77, 1, 1, 0, 0, 95.238, '2019-09-22 17:03:46'),
	(843, 113, 761.904, 191, 192, 77, 1, 0, 0, 0, 95.238, '2019-09-22 17:03:49'),
	(844, 113, 844.444, 192, 191, 77, 1, 0, 1, 0, 200, '2019-09-22 17:03:49'),
	(845, 113, 857.142, 191, 191, 75, 1, 0, 0, 4, 95.238, '2019-09-22 17:03:51'),
	(846, 113, 952.38, 191, 191, 75, 1, 0, 0, 4, 90.909, '2019-09-22 17:03:52'),
	(847, 113, 1043.29, 191, 191, 75, 1, 0, 0, 4, 83.333, '2019-09-22 17:03:53'),
	(848, 113, 1044.44, 192, 191, 77, 1, 0, 0, 0, 200, '2019-09-22 17:03:53'),
	(849, 113, 1126.62, 191, 192, 77, 1, 0, 0, 0, 76.923, '2019-09-22 17:03:56'),
	(850, 114, 95.238, 193, 193, 75, 1, 0, 0, 4, 95.238, '2019-09-22 17:05:03'),
	(851, 114, 190.476, 193, 194, 77, 1, 1, 0, 0, 90.909, '2019-09-22 17:05:09'),
	(852, 114, 200, 194, 193, 77, 1, 0, 0, 0, 200, '2019-09-22 17:05:09'),
	(853, 114, 281.385, 193, 194, 77, 0, 1, 0, 0, 86.956, '2019-09-22 17:05:11'),
	(854, 114, 368.341, 193, 194, 77, 1, 0, 0, 0, 86.956, '2019-09-22 17:05:12'),
	(855, 114, 400, 194, 193, 77, 1, 1, 1, 0, 200, '2019-09-22 17:05:13'),
	(856, 114, 455.297, 193, 194, 77, 1, 0, 0, 0, 86.956, '2019-09-22 17:05:14'),
	(857, 114, 542.253, 193, 194, 77, 0, 1, 0, 0, 86.956, '2019-09-22 17:05:18'),
	(858, 114, 600, 194, 193, 77, 1, 0, 0, 0, 200, '2019-09-22 17:05:18'),
	(859, 114, 629.209, 193, 194, 16, 1, 0, 0, 5, 86.956, '2019-09-22 17:05:29'),
	(860, 114, 716.165, 193, 194, 19, 1, 0, 0, 3, 86.956, '2019-09-22 17:05:47'),
	(861, 114, 800, 194, 193, 77, 1, 0, 1, 0, 222.222, '2019-09-22 17:05:47'),
	(862, 114, 803.121, 193, 194, 77, 1, 0, 0, 0, 86.956, '2019-09-22 17:06:43'),
	(863, 114, 890.077, 193, 194, 77, 1, 0, 0, 0, 86.956, '2019-09-22 17:07:26'),
	(864, 114, 977.033, 193, 194, 77, 1, 0, 0, 0, 86.956, '2019-09-22 17:07:31'),
	(865, 114, 1022.22, 194, 193, 77, 1, 0, 1, 0, 222.222, '2019-09-22 17:07:31'),
	(866, 114, 1063.99, 193, 194, 77, 1, 0, 0, 0, 86.956, '2019-09-22 17:07:47'),
	(867, 114, 1150.95, 193, 194, 77, 1, 1, 0, 0, 86.956, '2019-09-22 17:07:53'),
	(868, 114, 1237.91, 193, 194, 77, 1, 0, 0, 0, 86.956, '2019-09-22 17:07:57'),
	(869, 114, 1244.44, 194, 193, 77, 1, 0, 0, 0, 200, '2019-09-22 17:07:57'),
	(870, 114, 1324.87, 193, 194, 77, 1, 1, 0, 0, 86.956, '2019-09-22 17:08:03'),
	(871, 114, 1411.83, 193, 194, 77, 1, 0, 0, 0, 86.956, '2019-09-22 17:13:13'),
	(872, 114, 1444.44, 194, 193, 77, 1, 0, 0, 0, 200, '2019-09-22 17:13:13'),
	(873, 114, 1498.79, 193, 193, 75, 1, 0, 0, 4, 86.956, '2019-09-22 17:13:20'),
	(874, 114, 1585.75, 193, 194, 77, 1, 0, 0, 0, 83.333, '2019-09-22 17:13:24'),
	(875, 114, 1644.44, 194, 193, 77, 0, 0, 0, 0, 200, '2019-09-22 17:13:24'),
	(876, 114, 1669.08, 193, 194, 77, 1, 1, 0, 0, 80, '2019-09-22 17:13:27'),
	(877, 114, 1749.08, 193, 194, 77, 1, 1, 0, 0, 80, '2019-09-22 17:13:29'),
	(878, 114, 1829.08, 193, 194, 77, 1, 0, 0, 0, 80, '2019-09-22 17:13:32'),
	(879, 114, 1844.44, 194, 193, 77, 1, 0, 1, 0, 200, '2019-09-22 17:13:32'),
	(880, 114, 1909.08, 193, 194, 16, 1, 0, 0, 5, 80, '2019-09-22 17:13:39'),
	(881, 114, 1989.08, 193, 194, 77, 1, 1, 0, 0, 80, '2019-09-22 17:13:46'),
	(882, 114, 2044.44, 194, 193, 77, 1, 0, 0, 0, 222.222, '2019-09-22 17:13:46'),
	(883, 114, 2069.08, 193, 194, 77, 1, 0, 0, 0, 80, '2019-09-22 17:14:11'),
	(884, 114, 2149.08, 193, 194, 77, 1, 0, 0, 0, 80, '2019-09-22 17:14:15'),
	(885, 114, 2229.08, 193, 194, 77, 1, 1, 0, 0, 80, '2019-09-22 17:15:12'),
	(886, 114, 2266.66, 194, 193, 77, 1, 0, 1, 0, 200, '2019-09-22 17:15:12'),
	(887, 114, 2309.08, 193, 194, 77, 1, 0, 0, 0, 80, '2019-09-22 17:15:49'),
	(888, 114, 2389.08, 193, 194, 77, 1, 0, 0, 0, 80, '2019-09-22 17:15:58'),
	(889, 114, 2466.66, 194, 193, 77, 1, 1, 1, 0, 200, '2019-09-22 17:15:58'),
	(890, 114, 2469.08, 193, 194, 77, 1, 0, 0, 0, 80, '2019-09-22 17:16:05'),
	(891, 114, 2549.08, 193, 194, 16, 1, 0, 0, 5, 80, '2019-09-22 17:16:16'),
	(892, 114, 2629.08, 193, 194, 77, 1, 0, 0, 0, 80, '2019-09-22 17:16:22'),
	(893, 114, 2666.66, 194, 193, 77, 0, 0, 0, 0, 222.222, '2019-09-22 17:16:22'),
	(894, 114, 2709.08, 193, 194, 77, 1, 0, 0, 0, 80, '2019-09-22 17:16:42'),
	(895, 114, 2789.08, 193, 194, 77, 1, 0, 0, 0, 80, '2019-09-22 17:16:48'),
	(896, 114, 2869.08, 193, 194, 77, 1, 0, 0, 0, 80, '2019-09-22 17:18:04'),
	(897, 114, 2888.88, 194, 193, 77, 1, 0, 0, 0, 200, '2019-09-22 17:18:04'),
	(898, 114, 2949.08, 193, 194, 19, 1, 1, 0, 3, 80, '2019-09-22 17:18:09'),
	(899, 114, 3029.08, 193, 194, 77, 1, 0, 0, 0, 80, '2019-09-22 17:18:12'),
	(900, 114, 3088.88, 194, 193, 77, 1, 0, 0, 0, 200, '2019-09-22 17:18:12'),
	(901, 114, 3109.08, 193, 194, 77, 1, 0, 0, 0, 80, '2019-09-22 17:18:14'),
	(902, 114, 3189.08, 193, 194, 77, 1, 0, 0, 0, 80, '2019-09-22 17:18:23'),
	(903, 114, 3269.08, 193, 194, 77, 1, 0, 0, 0, 80, '2019-09-22 17:18:24'),
	(904, 114, 3288.88, 194, 193, 77, 1, 0, 1, 0, 200, '2019-09-22 17:18:24'),
	(905, 114, 3349.08, 193, 194, 77, 0, 0, 1, 0, 80, '2019-09-22 17:18:26'),
	(906, 114, 3429.08, 193, 194, 77, 1, 0, 1, 0, 80, '2019-09-22 17:18:46'),
	(907, 114, 3488.88, 194, 193, 77, 1, 0, 0, 0, 200, '2019-09-22 17:18:46'),
	(908, 114, 3509.08, 193, 194, 77, 1, 1, 0, 0, 80, '2019-09-22 17:18:48'),
	(909, 114, 3589.08, 193, 194, 77, 1, 0, 0, 0, 80, '2019-09-22 17:18:50'),
	(910, 115, 95.238, 195, 195, 75, 1, 0, 0, 4, 95.238, '2019-09-22 17:47:54'),
	(911, 115, 190.476, 195, 195, 75, 1, 0, 0, 4, 90.909, '2019-09-22 17:47:55'),
	(912, 115, 200, 196, 195, 77, 1, 0, 0, 0, 200, '2019-09-22 17:47:56'),
	(913, 115, 281.385, 195, 195, 75, 1, 0, 0, 4, 83.333, '2019-09-22 17:47:56'),
	(914, 115, 364.718, 195, 195, 75, 1, 0, 0, 4, 76.923, '2019-09-22 17:47:57'),
	(915, 115, 400, 196, 195, 77, 1, 0, 0, 0, 200, '2019-09-22 17:47:57'),
	(916, 115, 441.641, 195, 195, 75, 1, 0, 0, 4, 71.428, '2019-09-22 17:47:58'),
	(917, 115, 513.069, 195, 195, 75, 1, 0, 0, 4, 66.666, '2019-09-22 17:47:58'),
	(918, 115, 579.735, 195, 195, 75, 1, 0, 0, 4, 62.5, '2019-09-22 17:47:59'),
	(919, 115, 600, 196, 195, 77, 1, 0, 0, 0, 200, '2019-09-22 17:47:59'),
	(920, 115, 642.235, 195, 196, 19, 1, 1, 0, 3, 58.823, '2019-09-22 18:13:35'),
	(921, 115, 701.058, 195, 196, 77, 1, 0, 0, 0, 57.142, '2019-09-22 18:27:12'),
	(922, 115, 758.2, 195, 196, 77, 1, 0, 1, 0, 57.142, '2019-09-22 18:27:13'),
	(923, 115, 800, 196, 195, 77, 1, 0, 1, 0, 200, '2019-09-22 18:27:13'),
	(924, 115, 815.342, 195, 196, 77, 1, 0, 0, 0, 57.142, '2019-09-22 18:27:15'),
	(925, 115, 872.484, 195, 196, 77, 1, 0, 0, 0, 57.142, '2019-09-22 18:27:15'),
	(926, 115, 929.626, 195, 196, 77, 1, 0, 0, 0, 57.142, '2019-09-22 18:27:17'),
	(927, 115, 986.768, 195, 196, 77, 0, 0, 0, 0, 57.142, '2019-09-22 18:27:17'),
	(928, 115, 1000, 196, 195, 77, 1, 0, 0, 0, 200, '2019-09-22 18:27:17'),
	(929, 115, 1043.91, 195, 196, 77, 1, 1, 0, 0, 57.142, '2019-09-22 18:27:19'),
	(930, 115, 1101.05, 195, 196, 77, 0, 1, 0, 0, 57.142, '2019-09-22 18:27:20'),
	(931, 115, 1158.19, 195, 196, 77, 1, 1, 0, 0, 57.142, '2019-09-22 18:27:21'),
	(932, 115, 1200, 196, 195, 77, 1, 0, 1, 0, 200, '2019-09-22 18:27:21'),
	(933, 115, 1215.33, 195, 196, 77, 1, 1, 0, 0, 57.142, '2019-09-22 18:27:22'),
	(934, 115, 1272.47, 195, 196, 77, 1, 0, 0, 0, 57.142, '2019-09-22 18:27:23'),
	(935, 115, 1329.61, 195, 196, 77, 1, 0, 0, 0, 57.142, '2019-09-22 18:27:24'),
	(936, 115, 1386.75, 195, 196, 77, 1, 0, 0, 0, 57.142, '2019-09-22 18:27:25'),
	(937, 116, 95.238, 197, 199, 19, 1, 1, 0, 3, 95.238, '2019-09-22 18:28:18'),
	(938, 116, 90.909, 199, 197, 77, 1, 0, 1, 0, 90.909, '2019-09-22 18:28:18'),
	(939, 116, 181.818, 199, 197, 77, 1, 0, 1, 0, 90.909, '2019-09-22 18:28:18'),
	(940, 116, 190.476, 197, 199, 19, 1, 0, 0, 3, 95.238, '2019-09-22 18:28:22'),
	(941, 116, 200, 198, 197, 77, 1, 0, 0, 0, 200, '2019-09-22 18:28:22'),
	(942, 116, 272.727, 199, 197, 77, 1, 1, 0, 0, 90.909, '2019-09-22 18:28:22'),
	(943, 116, 285.714, 197, 198, 19, 1, 0, 0, 3, 95.238, '2019-09-22 18:28:27'),
	(944, 116, 380.952, 197, 198, 19, 1, 0, 0, 3, 95.238, '2019-09-22 18:28:30'),
	(945, 116, 400, 198, 197, 77, 1, 0, 1, 0, 200, '2019-09-22 18:28:30'),
	(946, 116, 476.19, 197, 198, 77, 1, 1, 0, 0, 95.238, '2019-09-22 18:28:33'),
	(947, 116, 571.428, 197, 198, 77, 1, 0, 0, 0, 95.238, '2019-09-22 18:28:37'),
	(948, 116, 666.666, 197, 197, 75, 0, 0, 0, 4, 95.238, '2019-09-22 18:28:45'),
	(949, 116, 761.904, 197, 198, 77, 0, 0, 0, 0, 95.238, '2019-09-22 18:28:47'),
	(950, 118, 95.238, 203, 205, 19, 1, 0, 0, 3, 95.238, '2019-09-22 18:31:27'),
	(951, 118, 90.909, 205, 203, 77, 1, 0, 0, 0, 90.909, '2019-09-22 18:31:27'),
	(952, 118, 90.909, 206, 203, 77, 1, 0, 0, 0, 90.909, '2019-09-22 18:31:27'),
	(953, 118, 181.818, 205, 203, 77, 1, 1, 0, 0, 90.909, '2019-09-22 18:31:27'),
	(954, 118, 181.818, 206, 203, 77, 0, 0, 0, 0, 90.909, '2019-09-22 18:31:27'),
	(955, 118, 190.476, 203, 206, 19, 1, 0, 0, 3, 95.238, '2019-09-22 18:31:44'),
	(956, 118, 200, 204, 203, 77, 1, 0, 0, 0, 200, '2019-09-22 18:31:44'),
	(957, 118, 272.727, 206, 203, 77, 0, 0, 1, 0, 90.909, '2019-09-22 18:31:44'),
	(958, 118, 285.714, 203, 203, 75, 1, 0, 0, 4, 95.238, '2019-09-22 18:31:50'),
	(959, 118, 380.952, 203, 204, 16, 1, 0, 0, 5, 90.909, '2019-09-22 18:31:55'),
	(960, 118, 400, 204, 203, 77, 1, 0, 0, 0, 222.222, '2019-09-22 18:31:55'),
	(961, 118, 471.861, 203, 204, 19, 1, 0, 0, 3, 86.956, '2019-09-22 18:31:56'),
	(962, 118, 558.817, 203, 204, 19, 1, 0, 0, 3, 86.956, '2019-09-22 18:31:58'),
	(963, 118, 622.222, 204, 203, 77, 1, 0, 1, 0, 200, '2019-09-22 18:31:58'),
	(964, 118, 645.773, 203, 204, 77, 1, 1, 0, 0, 86.956, '2019-09-22 18:32:01'),
	(965, 118, 732.729, 203, 203, 75, 1, 0, 0, 4, 86.956, '2019-09-22 18:32:02');
/*!40000 ALTER TABLE `kampf_aktion` ENABLE KEYS */;

-- Exportiere Struktur von Tabelle db_dvg.kampf_effekt
DROP TABLE IF EXISTS `kampf_effekt`;
CREATE TABLE IF NOT EXISTS `kampf_effekt` (
  `id` int(10) NOT NULL AUTO_INCREMENT,
  `kampf_aktion_id` int(10) NOT NULL,
  `kampf_teilnehmer_id` int(10) NOT NULL,
  `art` enum('angriff','verteidigung') COLLATE utf8_unicode_ci NOT NULL DEFAULT 'angriff',
  `attribut` enum('gesundheit','zauberpunkte','staerke','intelligenz','magie','element_feuer','element_wasser','element_erde','element_luft','timer','initiative','abwehr','ausweichen') COLLATE utf8_unicode_ci NOT NULL DEFAULT 'gesundheit',
  `wert` float NOT NULL DEFAULT '0',
  `runden` int(10) NOT NULL DEFAULT '0',
  `runden_max` int(10) NOT NULL DEFAULT '1',
  `jede_runde` tinyint(1) NOT NULL DEFAULT '1',
  `ausgefuehrt` tinyint(1) NOT NULL DEFAULT '0',
  `beendet` tinyint(1) NOT NULL DEFAULT '0',
  PRIMARY KEY (`id`),
  KEY `kampf_teilnehmer_id` (`kampf_teilnehmer_id`),
  KEY `kampf_aktion_id` (`kampf_aktion_id`),
  CONSTRAINT `FK_kampf_effekt_kampf_aktion` FOREIGN KEY (`kampf_aktion_id`) REFERENCES `kampf_aktion` (`id`),
  CONSTRAINT `FK_kampf_effekt_kampf_teilnehmer` FOREIGN KEY (`kampf_teilnehmer_id`) REFERENCES `kampf_teilnehmer` (`id`)
) ENGINE=InnoDB AUTO_INCREMENT=739 DEFAULT CHARSET=utf8 COLLATE=utf8_unicode_ci COMMENT='Effekte die von Zaubern und anderen Aktionen in einem Kampf erzeugt werden und auf die Kampfteilnehmer angewendet werden, wenn diese an der Reihe sind';

-- Exportiere Daten aus Tabelle db_dvg.kampf_effekt: ~493 rows (ungefähr)
DELETE FROM `kampf_effekt`;
/*!40000 ALTER TABLE `kampf_effekt` DISABLE KEYS */;
INSERT INTO `kampf_effekt` (`id`, `kampf_aktion_id`, `kampf_teilnehmer_id`, `art`, `attribut`, `wert`, `runden`, `runden_max`, `jede_runde`, `ausgefuehrt`, `beendet`) VALUES
	(246, 329, 144, 'angriff', 'gesundheit', -5, 1, 1, 1, 0, 1),
	(247, 333, 144, 'angriff', 'gesundheit', -5, 1, 1, 1, 0, 1),
	(248, 334, 143, 'angriff', 'gesundheit', -5, 1, 1, 1, 0, 1),
	(249, 335, 144, 'angriff', 'gesundheit', -5, 1, 1, 1, 0, 1),
	(250, 336, 143, 'angriff', 'gesundheit', -5, 1, 1, 1, 0, 1),
	(251, 337, 144, 'angriff', 'gesundheit', -5, 1, 1, 1, 0, 1),
	(252, 338, 143, 'angriff', 'gesundheit', -5, 1, 1, 1, 0, 1),
	(253, 339, 144, 'angriff', 'gesundheit', -5, 1, 1, 1, 0, 1),
	(254, 341, 144, 'angriff', 'gesundheit', -5, 1, 1, 1, 0, 1),
	(255, 342, 143, 'angriff', 'gesundheit', -5, 1, 1, 1, 0, 1),
	(256, 344, 143, 'angriff', 'gesundheit', -5, 1, 1, 1, 0, 1),
	(257, 345, 144, 'angriff', 'gesundheit', -5, 1, 1, 1, 0, 1),
	(258, 346, 143, 'angriff', 'gesundheit', -5, 1, 1, 1, 0, 1),
	(259, 349, 144, 'angriff', 'gesundheit', -5, 1, 1, 1, 0, 1),
	(260, 351, 146, 'angriff', 'gesundheit', -5, 1, 1, 1, 0, 1),
	(261, 354, 145, 'angriff', 'gesundheit', -5, 1, 1, 1, 0, 1),
	(262, 355, 146, 'angriff', 'gesundheit', -5, 1, 1, 1, 0, 1),
	(263, 357, 146, 'angriff', 'gesundheit', -5, 1, 1, 1, 0, 1),
	(264, 361, 146, 'angriff', 'gesundheit', -5, 1, 1, 1, 0, 1),
	(265, 363, 146, 'angriff', 'gesundheit', -5, 1, 1, 1, 0, 1),
	(266, 365, 146, 'angriff', 'gesundheit', -5, 1, 1, 1, 0, 1),
	(267, 367, 146, 'angriff', 'gesundheit', -5, 1, 1, 1, 0, 1),
	(268, 368, 145, 'angriff', 'gesundheit', -5, 1, 1, 1, 0, 1),
	(269, 369, 148, 'angriff', 'gesundheit', -5, 1, 1, 1, 0, 1),
	(270, 369, 148, 'angriff', 'initiative', -5, 2, 2, 0, 0, 1),
	(271, 369, 148, 'angriff', 'element_feuer', -10, 3, 3, 0, 0, 1),
	(272, 370, 147, 'angriff', 'gesundheit', -5, 1, 1, 1, 0, 1),
	(273, 371, 147, 'verteidigung', 'gesundheit', 7, 2, 2, 1, 0, 1),
	(274, 371, 147, 'verteidigung', 'initiative', 5, 2, 2, 1, 0, 1),
	(275, 375, 148, 'angriff', 'gesundheit', -9, 2, 2, 1, 0, 1),
	(276, 378, 147, 'angriff', 'gesundheit', -5, 1, 1, 1, 0, 1),
	(277, 380, 147, 'angriff', 'gesundheit', -5, 1, 1, 1, 0, 1),
	(278, 381, 148, 'angriff', 'gesundheit', -5, 1, 1, 1, 0, 1),
	(279, 383, 148, 'angriff', 'gesundheit', -5, 1, 1, 1, 0, 1),
	(280, 384, 147, 'angriff', 'gesundheit', -5, 1, 1, 1, 0, 1),
	(281, 385, 148, 'angriff', 'gesundheit', -5, 1, 1, 1, 0, 1),
	(282, 386, 147, 'angriff', 'gesundheit', -5, 1, 1, 1, 0, 1),
	(283, 387, 148, 'angriff', 'gesundheit', -5, 0, 1, 1, 0, 0),
	(284, 388, 150, 'angriff', 'gesundheit', -5, 1, 1, 1, 0, 1),
	(285, 388, 150, 'angriff', 'initiative', -5, 2, 2, 0, 0, 1),
	(286, 388, 150, 'angriff', 'element_feuer', -10, 3, 3, 0, 0, 1),
	(287, 389, 149, 'angriff', 'gesundheit', -5, 1, 1, 1, 0, 1),
	(288, 391, 149, 'angriff', 'gesundheit', -5, 1, 1, 1, 0, 1),
	(289, 393, 149, 'angriff', 'gesundheit', -5, 1, 1, 1, 0, 1),
	(290, 394, 150, 'angriff', 'gesundheit', -5, 1, 1, 1, 0, 1),
	(291, 395, 149, 'angriff', 'gesundheit', -5, 1, 1, 1, 0, 1),
	(292, 396, 149, 'verteidigung', 'gesundheit', 7, 2, 2, 1, 0, 1),
	(293, 396, 149, 'verteidigung', 'initiative', 5, 2, 2, 1, 0, 1),
	(294, 400, 150, 'angriff', 'gesundheit', -5, 1, 1, 1, 0, 1),
	(295, 401, 149, 'angriff', 'gesundheit', -5, 1, 1, 1, 0, 1),
	(296, 405, 149, 'angriff', 'gesundheit', -5, 1, 1, 1, 0, 1),
	(297, 406, 150, 'angriff', 'gesundheit', -5, 1, 1, 1, 0, 1),
	(298, 407, 149, 'angriff', 'gesundheit', -5, 1, 1, 1, 0, 1),
	(299, 408, 150, 'angriff', 'gesundheit', -5, 1, 1, 1, 0, 1),
	(300, 412, 150, 'angriff', 'gesundheit', -5, 1, 1, 1, 0, 1),
	(301, 414, 150, 'angriff', 'gesundheit', -5, 1, 1, 1, 0, 1),
	(302, 417, 151, 'angriff', 'gesundheit', -5, 1, 1, 1, 0, 1),
	(303, 418, 151, 'angriff', 'gesundheit', -5, 1, 1, 1, 0, 1),
	(304, 419, 152, 'angriff', 'gesundheit', -9, 2, 2, 1, 0, 1),
	(305, 420, 152, 'angriff', 'gesundheit', -9, 2, 2, 1, 0, 1),
	(306, 422, 152, 'angriff', 'gesundheit', -9, 2, 2, 1, 0, 1),
	(307, 424, 152, 'angriff', 'gesundheit', -9, 1, 2, 1, 0, 0),
	(308, 425, 151, 'angriff', 'gesundheit', -5, 1, 1, 1, 0, 1),
	(309, 426, 154, 'angriff', 'gesundheit', -9, 2, 2, 1, 0, 1),
	(310, 430, 154, 'angriff', 'gesundheit', -9, 2, 2, 1, 0, 1),
	(311, 431, 153, 'angriff', 'gesundheit', -5, 1, 1, 1, 0, 1),
	(312, 432, 154, 'angriff', 'gesundheit', -9, 1, 2, 1, 0, 0),
	(313, 435, 155, 'angriff', 'gesundheit', -5, 1, 1, 1, 0, 1),
	(314, 437, 155, 'angriff', 'gesundheit', -5, 1, 1, 1, 0, 1),
	(315, 438, 156, 'angriff', 'gesundheit', -9, 2, 2, 1, 0, 1),
	(316, 440, 156, 'angriff', 'gesundheit', -9, 2, 2, 1, 0, 1),
	(317, 443, 155, 'angriff', 'gesundheit', -5, 1, 1, 1, 0, 1),
	(318, 444, 158, 'angriff', 'gesundheit', -5, 1, 1, 1, 0, 1),
	(319, 444, 158, 'angriff', 'initiative', -5, 1, 2, 0, 0, 0),
	(320, 444, 158, 'angriff', 'element_feuer', -10, 1, 3, 0, 0, 0),
	(321, 446, 158, 'angriff', 'gesundheit', -5, 0, 1, 1, 0, 0),
	(322, 446, 158, 'angriff', 'initiative', -5, 0, 2, 0, 0, 0),
	(323, 446, 158, 'angriff', 'element_feuer', -10, 0, 3, 0, 0, 0),
	(324, 447, 158, 'angriff', 'gesundheit', -5, 0, 1, 1, 0, 0),
	(325, 447, 158, 'angriff', 'initiative', -5, 0, 2, 0, 0, 0),
	(326, 447, 158, 'angriff', 'element_feuer', -10, 0, 3, 0, 0, 0),
	(327, 448, 158, 'angriff', 'gesundheit', -5, 0, 1, 1, 0, 0),
	(328, 449, 158, 'angriff', 'gesundheit', -5, 0, 1, 1, 0, 0),
	(329, 450, 158, 'angriff', 'gesundheit', -5, 0, 1, 1, 0, 0),
	(330, 451, 158, 'angriff', 'gesundheit', -5, 0, 1, 1, 0, 0),
	(331, 452, 160, 'angriff', 'gesundheit', -5, 1, 1, 1, 0, 1),
	(332, 452, 160, 'angriff', 'initiative', -5, 1, 2, 0, 0, 0),
	(333, 452, 160, 'angriff', 'element_feuer', -10, 1, 3, 0, 0, 0),
	(334, 454, 160, 'angriff', 'gesundheit', -5, 0, 1, 1, 0, 0),
	(335, 454, 160, 'angriff', 'initiative', -5, 0, 2, 0, 0, 0),
	(336, 454, 160, 'angriff', 'element_feuer', -10, 0, 3, 0, 0, 0),
	(337, 460, 161, 'angriff', 'gesundheit', -5, 1, 1, 1, 0, 1),
	(338, 461, 162, 'angriff', 'gesundheit', -5, 1, 1, 1, 0, 1),
	(339, 462, 161, 'angriff', 'gesundheit', -5, 1, 1, 1, 0, 1),
	(340, 465, 162, 'angriff', 'gesundheit', -5, 1, 1, 1, 0, 1),
	(341, 466, 161, 'angriff', 'gesundheit', -5, 1, 1, 1, 0, 1),
	(342, 467, 162, 'angriff', 'gesundheit', -5, 1, 1, 1, 0, 1),
	(343, 468, 161, 'angriff', 'gesundheit', -5, 1, 1, 1, 0, 1),
	(344, 469, 162, 'angriff', 'gesundheit', -5, 1, 1, 1, 0, 1),
	(345, 471, 162, 'angriff', 'gesundheit', -5, 1, 1, 1, 0, 1),
	(346, 478, 161, 'angriff', 'gesundheit', -5, 1, 1, 1, 0, 1),
	(347, 479, 162, 'angriff', 'gesundheit', -5, 1, 1, 1, 0, 1),
	(348, 483, 162, 'angriff', 'gesundheit', -5, 1, 1, 1, 0, 1),
	(349, 486, 163, 'angriff', 'gesundheit', -5, 1, 1, 1, 0, 1),
	(350, 488, 163, 'angriff', 'gesundheit', -5, 1, 1, 1, 0, 1),
	(351, 491, 164, 'angriff', 'gesundheit', -5, 1, 1, 1, 0, 1),
	(352, 492, 163, 'angriff', 'gesundheit', -5, 1, 1, 1, 0, 1),
	(353, 493, 164, 'angriff', 'gesundheit', -5, 1, 1, 1, 0, 1),
	(354, 499, 164, 'angriff', 'gesundheit', -5, 1, 1, 1, 0, 1),
	(355, 500, 163, 'angriff', 'gesundheit', -5, 1, 1, 1, 0, 1),
	(356, 501, 164, 'angriff', 'gesundheit', -5, 1, 1, 1, 0, 1),
	(357, 504, 163, 'angriff', 'gesundheit', -5, 1, 1, 1, 0, 1),
	(358, 505, 164, 'angriff', 'gesundheit', -5, 1, 1, 1, 0, 1),
	(359, 508, 163, 'angriff', 'gesundheit', -5, 1, 1, 1, 0, 1),
	(360, 511, 164, 'angriff', 'gesundheit', -5, 1, 1, 1, 0, 1),
	(361, 512, 163, 'angriff', 'gesundheit', -5, 1, 1, 1, 0, 1),
	(362, 513, 164, 'angriff', 'gesundheit', -5, 1, 1, 1, 0, 1),
	(363, 514, 163, 'angriff', 'gesundheit', -5, 1, 1, 1, 0, 1),
	(364, 515, 166, 'angriff', 'gesundheit', -5, 1, 1, 1, 0, 1),
	(365, 515, 166, 'angriff', 'initiative', -5, 2, 2, 0, 0, 1),
	(366, 515, 166, 'angriff', 'element_feuer', -10, 3, 3, 0, 0, 1),
	(367, 516, 165, 'angriff', 'gesundheit', -5, 1, 1, 1, 0, 1),
	(368, 517, 166, 'angriff', 'gesundheit', -5, 1, 1, 1, 0, 1),
	(369, 517, 166, 'angriff', 'initiative', -5, 2, 2, 0, 0, 1),
	(370, 517, 166, 'angriff', 'element_feuer', -10, 3, 3, 0, 0, 1),
	(371, 518, 165, 'angriff', 'gesundheit', -5, 1, 1, 1, 0, 1),
	(372, 520, 165, 'angriff', 'gesundheit', -5, 1, 1, 1, 0, 1),
	(373, 521, 165, 'verteidigung', 'gesundheit', 7, 2, 2, 1, 0, 1),
	(374, 521, 165, 'verteidigung', 'initiative', 5, 2, 2, 1, 0, 1),
	(375, 522, 165, 'angriff', 'gesundheit', -5, 1, 1, 1, 0, 1),
	(376, 523, 165, 'verteidigung', 'gesundheit', 7, 2, 2, 1, 0, 1),
	(377, 523, 165, 'verteidigung', 'initiative', 5, 2, 2, 1, 0, 1),
	(378, 525, 166, 'angriff', 'gesundheit', -9, 2, 2, 1, 0, 1),
	(379, 528, 165, 'angriff', 'gesundheit', -5, 1, 1, 1, 0, 1),
	(380, 529, 166, 'angriff', 'gesundheit', -5, 1, 1, 1, 0, 1),
	(381, 531, 166, 'angriff', 'gesundheit', -5, 1, 1, 1, 0, 1),
	(382, 532, 165, 'angriff', 'gesundheit', -5, 1, 1, 1, 0, 1),
	(383, 533, 168, 'verteidigung', 'ausweichen', 20, 3, 3, 0, 0, 1),
	(384, 533, 168, 'verteidigung', 'gesundheit', -1, 3, 3, 1, 0, 1),
	(385, 536, 167, 'angriff', 'gesundheit', -5, 1, 1, 1, 0, 1),
	(386, 540, 167, 'angriff', 'gesundheit', -5, 1, 1, 1, 0, 1),
	(387, 542, 167, 'angriff', 'gesundheit', -5, 1, 1, 1, 0, 1),
	(388, 544, 167, 'angriff', 'gesundheit', -5, 1, 1, 1, 0, 1),
	(389, 546, 167, 'angriff', 'gesundheit', -5, 1, 1, 1, 0, 1),
	(390, 550, 167, 'angriff', 'gesundheit', -5, 1, 1, 1, 0, 1),
	(391, 552, 167, 'angriff', 'gesundheit', -5, 1, 1, 1, 0, 1),
	(392, 554, 167, 'angriff', 'gesundheit', -5, 1, 1, 1, 0, 1),
	(393, 556, 167, 'angriff', 'gesundheit', -5, 1, 1, 1, 0, 1),
	(394, 558, 167, 'angriff', 'gesundheit', -5, 1, 1, 1, 0, 1),
	(395, 562, 167, 'angriff', 'gesundheit', -5, 1, 1, 1, 0, 1),
	(396, 570, 167, 'angriff', 'gesundheit', -5, 1, 1, 1, 0, 1),
	(397, 571, 170, 'verteidigung', 'ausweichen', 20, 3, 3, 0, 0, 1),
	(398, 571, 170, 'verteidigung', 'gesundheit', -1, 3, 3, 1, 0, 1),
	(399, 574, 169, 'angriff', 'gesundheit', -5, 1, 1, 1, 0, 1),
	(400, 575, 170, 'angriff', 'gesundheit', -5, 1, 1, 1, 0, 1),
	(401, 575, 170, 'angriff', 'initiative', -5, 2, 2, 0, 0, 1),
	(402, 575, 170, 'angriff', 'element_feuer', -10, 3, 3, 0, 0, 1),
	(403, 576, 169, 'angriff', 'gesundheit', -5, 1, 1, 1, 0, 1),
	(404, 577, 170, 'angriff', 'gesundheit', -5, 1, 1, 1, 0, 1),
	(405, 577, 170, 'angriff', 'initiative', -5, 2, 2, 0, 0, 1),
	(406, 577, 170, 'angriff', 'element_feuer', -10, 3, 3, 0, 0, 1),
	(407, 578, 169, 'angriff', 'gesundheit', -5, 1, 1, 1, 0, 1),
	(408, 580, 169, 'angriff', 'gesundheit', -5, 1, 1, 1, 0, 1),
	(409, 581, 169, 'verteidigung', 'gesundheit', 7, 2, 2, 1, 0, 1),
	(410, 581, 169, 'verteidigung', 'initiative', 5, 2, 2, 1, 0, 1),
	(411, 582, 169, 'angriff', 'gesundheit', -5, 1, 1, 1, 0, 1),
	(412, 583, 170, 'angriff', 'gesundheit', -5, 1, 1, 1, 0, 1),
	(413, 585, 170, 'angriff', 'gesundheit', -5, 1, 1, 1, 0, 1),
	(414, 587, 170, 'angriff', 'gesundheit', -5, 1, 1, 1, 0, 1),
	(415, 589, 170, 'angriff', 'gesundheit', -5, 1, 1, 1, 0, 1),
	(416, 590, 169, 'angriff', 'gesundheit', -5, 1, 1, 1, 0, 1),
	(417, 591, 170, 'angriff', 'gesundheit', -5, 1, 1, 1, 0, 1),
	(418, 592, 169, 'angriff', 'gesundheit', -5, 1, 1, 1, 0, 1),
	(419, 593, 172, 'angriff', 'gesundheit', -5, 1, 1, 1, 0, 1),
	(420, 594, 171, 'angriff', 'gesundheit', -5, 1, 1, 1, 0, 1),
	(421, 595, 172, 'angriff', 'gesundheit', -5, 1, 1, 1, 0, 1),
	(422, 596, 171, 'angriff', 'gesundheit', -5, 1, 1, 1, 0, 1),
	(423, 597, 172, 'angriff', 'gesundheit', -5, 1, 1, 1, 0, 1),
	(424, 599, 172, 'angriff', 'gesundheit', -5, 1, 1, 1, 0, 1),
	(425, 601, 171, 'verteidigung', 'gesundheit', 7, 2, 2, 1, 0, 1),
	(426, 601, 171, 'verteidigung', 'initiative', 5, 2, 2, 1, 0, 1),
	(427, 602, 171, 'angriff', 'gesundheit', -5, 1, 1, 1, 0, 1),
	(428, 603, 171, 'verteidigung', 'gesundheit', 7, 2, 2, 1, 0, 1),
	(429, 603, 171, 'verteidigung', 'initiative', 5, 2, 2, 1, 0, 1),
	(430, 605, 171, 'verteidigung', 'gesundheit', 7, 2, 2, 1, 0, 1),
	(431, 605, 171, 'verteidigung', 'initiative', 5, 2, 2, 1, 0, 1),
	(432, 606, 171, 'angriff', 'gesundheit', -5, 1, 1, 1, 0, 1),
	(433, 607, 171, 'verteidigung', 'gesundheit', 7, 2, 2, 1, 0, 1),
	(434, 607, 171, 'verteidigung', 'initiative', 5, 2, 2, 1, 0, 1),
	(435, 608, 171, 'angriff', 'gesundheit', -5, 1, 1, 1, 0, 1),
	(436, 609, 172, 'angriff', 'gesundheit', -5, 1, 1, 1, 0, 1),
	(437, 610, 172, 'angriff', 'gesundheit', -5, 1, 1, 1, 0, 1),
	(438, 611, 171, 'angriff', 'gesundheit', -5, 1, 1, 1, 0, 1),
	(439, 612, 173, 'verteidigung', 'gesundheit', 7, 2, 2, 1, 0, 1),
	(440, 612, 173, 'verteidigung', 'initiative', 5, 2, 2, 1, 0, 1),
	(441, 614, 173, 'verteidigung', 'gesundheit', 7, 2, 2, 1, 0, 1),
	(442, 614, 173, 'verteidigung', 'initiative', 5, 2, 2, 1, 0, 1),
	(443, 617, 173, 'angriff', 'gesundheit', -5, 1, 1, 1, 0, 1),
	(444, 618, 173, 'verteidigung', 'gesundheit', 7, 2, 2, 1, 0, 1),
	(445, 618, 173, 'verteidigung', 'initiative', 5, 2, 2, 1, 0, 1),
	(446, 619, 173, 'angriff', 'gesundheit', -5, 1, 1, 1, 0, 1),
	(447, 620, 173, 'verteidigung', 'gesundheit', 7, 2, 2, 1, 0, 1),
	(448, 620, 173, 'verteidigung', 'initiative', 5, 2, 2, 1, 0, 1),
	(449, 622, 173, 'verteidigung', 'gesundheit', 7, 2, 2, 1, 0, 1),
	(450, 622, 173, 'verteidigung', 'initiative', 5, 2, 2, 1, 0, 1),
	(451, 624, 173, 'verteidigung', 'gesundheit', 7, 2, 2, 1, 0, 1),
	(452, 624, 173, 'verteidigung', 'initiative', 5, 2, 2, 1, 0, 1),
	(453, 626, 174, 'verteidigung', 'ausweichen', 20, 3, 3, 0, 0, 1),
	(454, 626, 174, 'verteidigung', 'gesundheit', -1, 3, 3, 1, 0, 1),
	(455, 627, 174, 'verteidigung', 'ausweichen', 20, 3, 3, 0, 0, 1),
	(456, 627, 174, 'verteidigung', 'gesundheit', -1, 3, 3, 1, 0, 1),
	(457, 628, 173, 'angriff', 'gesundheit', -5, 1, 1, 1, 0, 1),
	(458, 629, 174, 'angriff', 'gesundheit', -5, 1, 1, 1, 0, 1),
	(459, 632, 174, 'angriff', 'gesundheit', -5, 1, 1, 1, 0, 1),
	(460, 633, 174, 'angriff', 'gesundheit', -5, 1, 1, 1, 0, 1),
	(461, 636, 173, 'angriff', 'gesundheit', -5, 1, 1, 1, 0, 1),
	(462, 638, 173, 'angriff', 'gesundheit', -5, 1, 1, 1, 0, 1),
	(463, 639, 174, 'angriff', 'gesundheit', -5, 1, 1, 1, 0, 1),
	(464, 644, 173, 'angriff', 'gesundheit', -5, 1, 1, 1, 0, 1),
	(465, 645, 174, 'angriff', 'gesundheit', -5, 1, 1, 1, 0, 1),
	(466, 647, 174, 'angriff', 'gesundheit', -5, 1, 1, 1, 0, 1),
	(467, 648, 174, 'angriff', 'gesundheit', -5, 1, 1, 1, 0, 1),
	(468, 649, 173, 'angriff', 'gesundheit', -5, 1, 1, 1, 0, 1),
	(469, 650, 176, 'verteidigung', 'ausweichen', 20, 3, 3, 0, 0, 1),
	(470, 650, 176, 'verteidigung', 'gesundheit', -1, 3, 3, 1, 0, 1),
	(471, 651, 176, 'verteidigung', 'ausweichen', 20, 3, 3, 0, 0, 1),
	(472, 651, 176, 'verteidigung', 'gesundheit', -1, 3, 3, 1, 0, 1),
	(473, 652, 176, 'verteidigung', 'ausweichen', 20, 3, 3, 0, 0, 1),
	(474, 652, 176, 'verteidigung', 'gesundheit', -1, 3, 3, 1, 0, 1),
	(475, 653, 175, 'verteidigung', 'gesundheit', 7, 2, 2, 1, 0, 1),
	(476, 653, 175, 'verteidigung', 'initiative', 5, 2, 2, 1, 0, 1),
	(477, 654, 175, 'verteidigung', 'gesundheit', 7, 2, 2, 1, 0, 1),
	(478, 654, 175, 'verteidigung', 'initiative', 5, 2, 2, 1, 0, 1),
	(479, 655, 175, 'verteidigung', 'gesundheit', 7, 2, 2, 1, 0, 1),
	(480, 655, 175, 'verteidigung', 'initiative', 5, 2, 2, 1, 0, 1),
	(481, 656, 175, 'verteidigung', 'gesundheit', 7, 2, 2, 1, 0, 1),
	(482, 656, 175, 'verteidigung', 'initiative', 5, 2, 2, 1, 0, 1),
	(483, 658, 175, 'verteidigung', 'gesundheit', 7, 2, 2, 1, 0, 1),
	(484, 658, 175, 'verteidigung', 'initiative', 5, 2, 2, 1, 0, 1),
	(485, 659, 175, 'angriff', 'gesundheit', -5, 1, 1, 1, 0, 1),
	(486, 660, 175, 'verteidigung', 'gesundheit', 7, 2, 2, 1, 0, 1),
	(487, 660, 175, 'verteidigung', 'initiative', 5, 2, 2, 1, 0, 1),
	(488, 661, 175, 'angriff', 'gesundheit', -5, 1, 1, 1, 0, 1),
	(489, 665, 176, 'angriff', 'gesundheit', -5, 1, 1, 1, 0, 1),
	(490, 666, 176, 'angriff', 'gesundheit', -5, 1, 1, 1, 0, 1),
	(491, 667, 176, 'angriff', 'gesundheit', -5, 1, 1, 1, 0, 1),
	(492, 668, 176, 'angriff', 'gesundheit', -5, 1, 1, 1, 0, 1),
	(493, 669, 175, 'angriff', 'gesundheit', -5, 1, 1, 1, 0, 1),
	(494, 672, 175, 'angriff', 'gesundheit', -5, 1, 1, 1, 0, 1),
	(495, 673, 176, 'angriff', 'gesundheit', -5, 1, 1, 1, 0, 1),
	(496, 674, 175, 'angriff', 'gesundheit', -5, 1, 1, 1, 0, 1),
	(497, 675, 176, 'angriff', 'gesundheit', -5, 1, 1, 1, 0, 1),
	(498, 676, 176, 'angriff', 'gesundheit', -5, 1, 1, 1, 0, 1),
	(499, 677, 175, 'angriff', 'gesundheit', -5, 1, 1, 1, 0, 1),
	(500, 678, 178, 'verteidigung', 'ausweichen', 20, 3, 3, 0, 0, 1),
	(501, 678, 178, 'verteidigung', 'gesundheit', -1, 3, 3, 1, 0, 1),
	(502, 679, 178, 'verteidigung', 'ausweichen', 20, 3, 3, 0, 0, 1),
	(503, 679, 178, 'verteidigung', 'gesundheit', -1, 3, 3, 1, 0, 1),
	(504, 680, 178, 'verteidigung', 'ausweichen', 20, 3, 3, 0, 0, 1),
	(505, 680, 178, 'verteidigung', 'gesundheit', -1, 3, 3, 1, 0, 1),
	(506, 685, 177, 'angriff', 'gesundheit', -5, 1, 1, 1, 0, 1),
	(507, 686, 178, 'angriff', 'gesundheit', -5, 1, 1, 1, 0, 1),
	(508, 687, 177, 'angriff', 'gesundheit', -5, 1, 1, 1, 0, 1),
	(509, 689, 177, 'angriff', 'gesundheit', -5, 1, 1, 1, 0, 1),
	(510, 690, 177, 'verteidigung', 'gesundheit', 7, 2, 2, 1, 0, 1),
	(511, 690, 177, 'verteidigung', 'initiative', 5, 2, 2, 1, 0, 1),
	(512, 692, 177, 'verteidigung', 'gesundheit', 7, 2, 2, 1, 0, 1),
	(513, 692, 177, 'verteidigung', 'initiative', 5, 2, 2, 1, 0, 1),
	(514, 693, 177, 'angriff', 'gesundheit', -5, 1, 1, 1, 0, 1),
	(515, 694, 177, 'verteidigung', 'gesundheit', 7, 2, 2, 1, 0, 1),
	(516, 694, 177, 'verteidigung', 'initiative', 5, 2, 2, 1, 0, 1),
	(517, 696, 177, 'verteidigung', 'gesundheit', 7, 2, 2, 1, 0, 1),
	(518, 696, 177, 'verteidigung', 'initiative', 5, 2, 2, 1, 0, 1),
	(519, 698, 177, 'verteidigung', 'gesundheit', 7, 2, 2, 1, 0, 1),
	(520, 698, 177, 'verteidigung', 'initiative', 5, 2, 2, 1, 0, 1),
	(521, 700, 178, 'angriff', 'gesundheit', -5, 1, 1, 1, 0, 1),
	(522, 700, 178, 'angriff', 'initiative', -5, 2, 2, 0, 0, 1),
	(523, 700, 178, 'angriff', 'element_feuer', -10, 3, 3, 0, 0, 0),
	(524, 702, 178, 'angriff', 'gesundheit', -9, 2, 2, 1, 0, 1),
	(525, 704, 177, 'angriff', 'gesundheit', -5, 1, 1, 1, 0, 1),
	(526, 705, 178, 'angriff', 'gesundheit', -5, 1, 1, 1, 0, 1),
	(527, 706, 177, 'angriff', 'gesundheit', -5, 1, 1, 1, 0, 1),
	(528, 710, 179, 'verteidigung', 'gesundheit', 7, 2, 2, 1, 0, 1),
	(529, 710, 179, 'verteidigung', 'initiative', 5, 2, 2, 1, 0, 1),
	(530, 711, 179, 'angriff', 'gesundheit', -5, 1, 1, 1, 0, 1),
	(531, 712, 179, 'verteidigung', 'gesundheit', 7, 2, 2, 1, 0, 1),
	(532, 712, 179, 'verteidigung', 'initiative', 5, 2, 2, 1, 0, 1),
	(533, 713, 179, 'angriff', 'gesundheit', -5, 1, 1, 1, 0, 1),
	(534, 714, 179, 'verteidigung', 'gesundheit', 7, 2, 2, 1, 0, 1),
	(535, 714, 179, 'verteidigung', 'initiative', 5, 2, 2, 1, 0, 1),
	(536, 716, 180, 'angriff', 'gesundheit', -9, 2, 2, 1, 0, 1),
	(537, 718, 179, 'verteidigung', 'gesundheit', 7, 2, 2, 1, 0, 1),
	(538, 718, 179, 'verteidigung', 'initiative', 5, 2, 2, 1, 0, 1),
	(539, 720, 179, 'verteidigung', 'gesundheit', 7, 2, 2, 1, 0, 1),
	(540, 720, 179, 'verteidigung', 'initiative', 5, 2, 2, 1, 0, 1),
	(541, 721, 179, 'angriff', 'gesundheit', -5, 1, 1, 1, 0, 1),
	(542, 724, 179, 'angriff', 'gesundheit', -5, 1, 1, 1, 0, 1),
	(543, 725, 180, 'angriff', 'gesundheit', -5, 1, 1, 1, 0, 1),
	(544, 726, 179, 'angriff', 'gesundheit', -5, 1, 1, 1, 0, 1),
	(545, 730, 180, 'angriff', 'gesundheit', -5, 1, 1, 1, 0, 1),
	(546, 732, 180, 'angriff', 'gesundheit', -5, 1, 1, 1, 0, 1),
	(547, 733, 180, 'angriff', 'gesundheit', -5, 1, 1, 1, 0, 1),
	(548, 734, 179, 'angriff', 'gesundheit', -5, 1, 1, 1, 0, 1),
	(549, 735, 182, 'verteidigung', 'ausweichen', 20, 3, 3, 0, 0, 1),
	(550, 735, 182, 'verteidigung', 'gesundheit', -1, 3, 3, 1, 0, 1),
	(551, 736, 182, 'verteidigung', 'ausweichen', 20, 3, 3, 0, 0, 1),
	(552, 736, 182, 'verteidigung', 'gesundheit', -1, 3, 3, 1, 0, 1),
	(553, 737, 182, 'verteidigung', 'ausweichen', 20, 3, 3, 0, 0, 1),
	(554, 737, 182, 'verteidigung', 'gesundheit', -1, 3, 3, 1, 0, 1),
	(555, 739, 182, 'angriff', 'gesundheit', -9, 2, 2, 1, 0, 1),
	(556, 740, 181, 'verteidigung', 'gesundheit', 7, 2, 2, 1, 0, 1),
	(557, 740, 181, 'verteidigung', 'initiative', 5, 2, 2, 1, 0, 1),
	(558, 741, 181, 'verteidigung', 'gesundheit', 7, 2, 2, 1, 0, 1),
	(559, 741, 181, 'verteidigung', 'initiative', 5, 2, 2, 1, 0, 1),
	(560, 742, 181, 'angriff', 'gesundheit', -5, 1, 1, 1, 0, 1),
	(561, 743, 181, 'verteidigung', 'gesundheit', 7, 2, 2, 1, 0, 1),
	(562, 743, 181, 'verteidigung', 'initiative', 5, 2, 2, 1, 0, 1),
	(563, 744, 181, 'angriff', 'gesundheit', -5, 1, 1, 1, 0, 1),
	(564, 745, 181, 'verteidigung', 'gesundheit', 7, 2, 2, 1, 0, 1),
	(565, 745, 181, 'verteidigung', 'initiative', 5, 2, 2, 1, 0, 1),
	(566, 746, 181, 'angriff', 'gesundheit', -5, 1, 1, 1, 0, 1),
	(567, 750, 181, 'angriff', 'gesundheit', -5, 1, 1, 1, 0, 1),
	(568, 754, 182, 'angriff', 'gesundheit', -5, 1, 1, 1, 0, 1),
	(569, 757, 181, 'angriff', 'gesundheit', -5, 1, 1, 1, 0, 1),
	(570, 758, 182, 'angriff', 'gesundheit', -5, 1, 1, 1, 0, 1),
	(571, 759, 182, 'angriff', 'gesundheit', -5, 1, 1, 1, 0, 1),
	(572, 760, 181, 'angriff', 'gesundheit', -5, 1, 1, 1, 0, 1),
	(573, 761, 184, 'angriff', 'gesundheit', -5, 1, 1, 1, 0, 1),
	(574, 766, 183, 'angriff', 'gesundheit', -5, 1, 1, 1, 0, 1),
	(575, 767, 184, 'angriff', 'gesundheit', -5, 1, 1, 1, 0, 1),
	(576, 769, 184, 'angriff', 'gesundheit', -9, 2, 2, 1, 0, 1),
	(577, 770, 183, 'angriff', 'gesundheit', -5, 1, 1, 1, 0, 1),
	(578, 771, 184, 'angriff', 'gesundheit', -9, 1, 2, 1, 0, 0),
	(579, 777, 186, 'angriff', 'gesundheit', -5, 1, 1, 1, 0, 1),
	(580, 778, 185, 'angriff', 'gesundheit', -5, 1, 1, 1, 0, 1),
	(581, 779, 186, 'angriff', 'gesundheit', -5, 1, 1, 1, 0, 1),
	(582, 781, 185, 'verteidigung', 'gesundheit', 7, 2, 2, 1, 0, 1),
	(583, 781, 185, 'verteidigung', 'initiative', 5, 2, 2, 1, 0, 1),
	(584, 783, 186, 'angriff', 'gesundheit', -5, 1, 1, 1, 0, 1),
	(585, 785, 186, 'angriff', 'gesundheit', -9, 2, 2, 1, 0, 1),
	(586, 786, 185, 'angriff', 'gesundheit', -5, 1, 1, 1, 0, 1),
	(587, 787, 186, 'angriff', 'gesundheit', -9, 1, 2, 1, 0, 0),
	(588, 788, 185, 'angriff', 'gesundheit', -5, 1, 1, 1, 0, 1),
	(589, 791, 187, 'verteidigung', 'gesundheit', 7, 2, 2, 1, 0, 1),
	(590, 791, 187, 'verteidigung', 'initiative', 5, 2, 2, 1, 0, 1),
	(591, 792, 187, 'angriff', 'gesundheit', -5, 1, 1, 1, 0, 1),
	(592, 793, 187, 'verteidigung', 'gesundheit', 7, 2, 2, 1, 0, 1),
	(593, 793, 187, 'verteidigung', 'initiative', 5, 2, 2, 1, 0, 1),
	(594, 794, 187, 'angriff', 'gesundheit', -5, 1, 1, 1, 0, 1),
	(595, 795, 187, 'verteidigung', 'gesundheit', 7, 2, 2, 1, 0, 1),
	(596, 795, 187, 'verteidigung', 'initiative', 5, 2, 2, 1, 0, 1),
	(597, 797, 187, 'verteidigung', 'gesundheit', 7, 2, 2, 1, 0, 1),
	(598, 797, 187, 'verteidigung', 'initiative', 5, 2, 2, 1, 0, 1),
	(599, 799, 187, 'verteidigung', 'gesundheit', 7, 2, 2, 1, 0, 1),
	(600, 799, 187, 'verteidigung', 'initiative', 5, 2, 2, 1, 0, 1),
	(601, 801, 187, 'verteidigung', 'gesundheit', 7, 2, 2, 1, 0, 1),
	(602, 801, 187, 'verteidigung', 'initiative', 5, 2, 2, 1, 0, 1),
	(603, 803, 187, 'verteidigung', 'gesundheit', 7, 2, 2, 1, 0, 1),
	(604, 803, 187, 'verteidigung', 'initiative', 5, 2, 2, 1, 0, 1),
	(605, 805, 187, 'angriff', 'gesundheit', -5, 1, 1, 1, 0, 1),
	(606, 806, 188, 'angriff', 'gesundheit', -5, 1, 1, 1, 1, 1),
	(607, 807, 188, 'angriff', 'gesundheit', -5, 1, 1, 1, 1, 1),
	(608, 809, 188, 'angriff', 'gesundheit', -5, 1, 1, 1, 1, 1),
	(609, 810, 187, 'angriff', 'gesundheit', -5, 1, 1, 1, 0, 1),
	(610, 811, 188, 'angriff', 'gesundheit', -5, 1, 1, 1, 1, 1),
	(611, 812, 188, 'angriff', 'gesundheit', -5, 1, 1, 1, 1, 1),
	(612, 813, 187, 'angriff', 'gesundheit', -5, 1, 1, 1, 0, 1),
	(613, 817, 188, 'angriff', 'gesundheit', -5, 1, 1, 1, 1, 1),
	(614, 818, 187, 'angriff', 'gesundheit', -5, 1, 1, 1, 0, 1),
	(615, 819, 188, 'angriff', 'gesundheit', -5, 1, 1, 1, 1, 1),
	(616, 820, 190, 'angriff', 'gesundheit', -9, 2, 2, 1, 1, 1),
	(617, 822, 190, 'angriff', 'gesundheit', -5, 1, 1, 1, 1, 1),
	(618, 824, 190, 'angriff', 'gesundheit', -5, 1, 1, 1, 1, 1),
	(619, 825, 189, 'angriff', 'gesundheit', -5, 1, 1, 1, 0, 1),
	(620, 827, 190, 'angriff', 'gesundheit', -5, 1, 1, 1, 1, 1),
	(621, 828, 190, 'angriff', 'gesundheit', -9, 2, 2, 1, 1, 1),
	(622, 829, 189, 'verteidigung', 'gesundheit', 7, 2, 2, 1, 0, 1),
	(623, 829, 189, 'verteidigung', 'initiative', 5, 2, 2, 1, 0, 1),
	(624, 830, 189, 'verteidigung', 'gesundheit', 7, 2, 2, 1, 0, 1),
	(625, 830, 189, 'verteidigung', 'initiative', 5, 2, 2, 1, 0, 1),
	(626, 831, 189, 'angriff', 'gesundheit', -5, 1, 1, 1, 0, 1),
	(627, 832, 189, 'verteidigung', 'gesundheit', 7, 1, 2, 1, 0, 0),
	(628, 832, 189, 'verteidigung', 'initiative', 5, 1, 2, 1, 0, 0),
	(629, 833, 192, 'angriff', 'gesundheit', -5, 1, 1, 1, 1, 1),
	(630, 833, 192, 'angriff', 'initiative', -5, 2, 2, 0, 1, 1),
	(631, 833, 192, 'angriff', 'element_feuer', -10, 3, 3, 0, 1, 1),
	(632, 834, 192, 'angriff', 'gesundheit', -5, 1, 1, 1, 1, 1),
	(633, 835, 191, 'angriff', 'gesundheit', -5, 1, 1, 1, 0, 1),
	(634, 836, 192, 'angriff', 'gesundheit', -5, 1, 1, 1, 1, 1),
	(635, 838, 191, 'angriff', 'gesundheit', -5, 1, 1, 1, 0, 1),
	(636, 839, 192, 'angriff', 'gesundheit', -5, 1, 1, 1, 1, 1),
	(637, 840, 192, 'angriff', 'gesundheit', -5, 1, 1, 1, 1, 1),
	(638, 841, 191, 'angriff', 'gesundheit', -5, 1, 1, 1, 0, 1),
	(639, 843, 192, 'angriff', 'gesundheit', -5, 1, 1, 1, 1, 1),
	(640, 845, 191, 'verteidigung', 'gesundheit', 7, 2, 2, 1, 0, 1),
	(641, 845, 191, 'verteidigung', 'initiative', 5, 2, 2, 1, 0, 1),
	(642, 846, 191, 'verteidigung', 'gesundheit', 7, 2, 2, 1, 0, 1),
	(643, 846, 191, 'verteidigung', 'initiative', 5, 2, 2, 1, 0, 1),
	(644, 847, 191, 'verteidigung', 'gesundheit', 7, 2, 2, 1, 0, 1),
	(645, 847, 191, 'verteidigung', 'initiative', 5, 2, 2, 1, 0, 1),
	(646, 848, 191, 'angriff', 'gesundheit', -5, 1, 1, 1, 0, 1),
	(647, 849, 192, 'angriff', 'gesundheit', -5, 1, 1, 1, 1, 1),
	(648, 850, 193, 'verteidigung', 'gesundheit', 7, 2, 2, 1, 0, 1),
	(649, 850, 193, 'verteidigung', 'initiative', 5, 2, 2, 1, 0, 1),
	(650, 852, 193, 'angriff', 'gesundheit', 0, 1, 1, 1, 0, 1),
	(651, 854, 194, 'angriff', 'gesundheit', 0, 1, 1, 1, 1, 1),
	(652, 856, 194, 'angriff', 'gesundheit', 0, 1, 1, 1, 1, 1),
	(653, 858, 193, 'angriff', 'gesundheit', 0, 1, 1, 1, 0, 1),
	(654, 859, 194, 'angriff', 'gesundheit', -5, 1, 1, 1, 1, 1),
	(655, 859, 194, 'angriff', 'initiative', -5, 2, 2, 0, 1, 1),
	(656, 859, 194, 'angriff', 'element_feuer', -10, 3, 3, 0, 1, 1),
	(657, 860, 194, 'angriff', 'gesundheit', -9, 2, 2, 1, 1, 1),
	(658, 862, 194, 'angriff', 'gesundheit', 0, 1, 1, 1, 1, 1),
	(659, 863, 194, 'angriff', 'gesundheit', 0, 1, 1, 1, 1, 1),
	(660, 864, 194, 'angriff', 'gesundheit', 0, 1, 1, 1, 1, 1),
	(661, 866, 194, 'angriff', 'gesundheit', 0, 1, 1, 1, 1, 1),
	(662, 868, 194, 'angriff', 'gesundheit', 0, 1, 1, 1, 1, 1),
	(663, 869, 193, 'angriff', 'gesundheit', 0, 1, 1, 1, 0, 1),
	(664, 871, 194, 'angriff', 'gesundheit', 0, 1, 1, 1, 1, 1),
	(665, 872, 193, 'angriff', 'gesundheit', 0, 1, 1, 1, 0, 1),
	(666, 873, 193, 'verteidigung', 'gesundheit', 7, 2, 2, 1, 0, 1),
	(667, 873, 193, 'verteidigung', 'initiative', 5, 2, 2, 1, 0, 1),
	(668, 874, 194, 'angriff', 'gesundheit', 0, 1, 1, 1, 1, 1),
	(669, 878, 194, 'angriff', 'gesundheit', 0, 1, 1, 1, 1, 1),
	(670, 880, 194, 'angriff', 'gesundheit', -5, 1, 1, 1, 1, 1),
	(671, 880, 194, 'angriff', 'initiative', -5, 2, 2, 0, 1, 1),
	(672, 880, 194, 'angriff', 'element_feuer', -10, 3, 3, 0, 1, 1),
	(673, 882, 193, 'angriff', 'gesundheit', 0, 1, 1, 1, 0, 1),
	(674, 883, 194, 'angriff', 'gesundheit', 0, 1, 1, 1, 1, 1),
	(675, 884, 194, 'angriff', 'gesundheit', 0, 1, 1, 1, 1, 1),
	(676, 887, 194, 'angriff', 'gesundheit', 0, 1, 1, 1, 1, 1),
	(677, 888, 194, 'angriff', 'gesundheit', 0, 1, 1, 1, 1, 1),
	(678, 890, 194, 'angriff', 'gesundheit', 0, 1, 1, 1, 1, 1),
	(679, 891, 194, 'angriff', 'gesundheit', -5, 1, 1, 1, 1, 1),
	(680, 891, 194, 'angriff', 'initiative', -5, 2, 2, 0, 1, 1),
	(681, 891, 194, 'angriff', 'element_feuer', -10, 3, 3, 0, 1, 1),
	(682, 892, 194, 'angriff', 'gesundheit', 0, 1, 1, 1, 1, 1),
	(683, 894, 194, 'angriff', 'gesundheit', 0, 1, 1, 1, 1, 1),
	(684, 895, 194, 'angriff', 'gesundheit', 0, 1, 1, 1, 1, 1),
	(685, 896, 194, 'angriff', 'gesundheit', 0, 1, 1, 1, 1, 1),
	(686, 897, 193, 'angriff', 'gesundheit', 0, 1, 1, 1, 0, 1),
	(687, 899, 194, 'angriff', 'gesundheit', 0, 1, 1, 1, 1, 1),
	(688, 900, 193, 'angriff', 'gesundheit', 0, 1, 1, 1, 0, 1),
	(689, 901, 194, 'angriff', 'gesundheit', 0, 1, 1, 1, 1, 1),
	(690, 902, 194, 'angriff', 'gesundheit', 0, 1, 1, 1, 1, 1),
	(691, 903, 194, 'angriff', 'gesundheit', 0, 1, 1, 1, 1, 1),
	(692, 907, 193, 'angriff', 'gesundheit', -5, 1, 1, 1, 0, 1),
	(693, 909, 194, 'angriff', 'gesundheit', -5, 1, 1, 1, 1, 1),
	(694, 910, 195, 'verteidigung', 'gesundheit', 7, 2, 2, 1, 0, 1),
	(695, 910, 195, 'verteidigung', 'initiative', 5, 2, 2, 1, 0, 1),
	(696, 911, 195, 'verteidigung', 'gesundheit', 7, 2, 2, 1, 0, 1),
	(697, 911, 195, 'verteidigung', 'initiative', 5, 2, 2, 1, 0, 1),
	(698, 912, 195, 'angriff', 'gesundheit', -5, 1, 1, 1, 0, 1),
	(699, 913, 195, 'verteidigung', 'gesundheit', 7, 2, 2, 1, 0, 1),
	(700, 913, 195, 'verteidigung', 'initiative', 5, 2, 2, 1, 0, 1),
	(701, 914, 195, 'verteidigung', 'gesundheit', 7, 2, 2, 1, 0, 1),
	(702, 914, 195, 'verteidigung', 'initiative', 5, 2, 2, 1, 0, 1),
	(703, 915, 195, 'angriff', 'gesundheit', -5, 1, 1, 1, 0, 1),
	(704, 916, 195, 'verteidigung', 'gesundheit', 7, 2, 2, 1, 0, 1),
	(705, 916, 195, 'verteidigung', 'initiative', 5, 2, 2, 1, 0, 1),
	(706, 917, 195, 'verteidigung', 'gesundheit', 7, 2, 2, 1, 0, 1),
	(707, 917, 195, 'verteidigung', 'initiative', 5, 2, 2, 1, 0, 1),
	(708, 918, 195, 'verteidigung', 'gesundheit', 7, 2, 2, 1, 0, 1),
	(709, 918, 195, 'verteidigung', 'initiative', 5, 2, 2, 1, 0, 1),
	(710, 919, 195, 'angriff', 'gesundheit', -5, 1, 1, 1, 0, 1),
	(711, 921, 196, 'angriff', 'gesundheit', -5, 1, 1, 1, 1, 1),
	(712, 924, 196, 'angriff', 'gesundheit', -5, 1, 1, 1, 1, 1),
	(713, 925, 196, 'angriff', 'gesundheit', -5, 1, 1, 1, 1, 1),
	(714, 926, 196, 'angriff', 'gesundheit', -5, 1, 1, 1, 1, 1),
	(715, 928, 195, 'angriff', 'gesundheit', -5, 1, 1, 1, 0, 1),
	(716, 934, 196, 'angriff', 'gesundheit', -5, 1, 1, 1, 1, 1),
	(717, 935, 196, 'angriff', 'gesundheit', -5, 1, 1, 1, 1, 1),
	(718, 936, 196, 'angriff', 'gesundheit', -5, 1, 1, 1, 1, 1),
	(719, 940, 199, 'angriff', 'gesundheit', -9, 2, 2, 1, 1, 1),
	(720, 941, 197, 'angriff', 'gesundheit', -5, 1, 1, 1, 0, 1),
	(721, 943, 198, 'angriff', 'gesundheit', -9, 2, 2, 1, 1, 1),
	(722, 944, 198, 'angriff', 'gesundheit', -9, 2, 2, 1, 1, 1),
	(723, 947, 198, 'angriff', 'gesundheit', -5, 1, 1, 1, 1, 1),
	(724, 950, 205, 'angriff', 'gesundheit', -9, 2, 2, 1, 0, 1),
	(725, 951, 203, 'angriff', 'gesundheit', -5, 1, 1, 1, 0, 1),
	(726, 952, 203, 'angriff', 'gesundheit', -5, 1, 1, 1, 0, 1),
	(727, 955, 206, 'angriff', 'gesundheit', -9, 2, 2, 1, 1, 1),
	(728, 956, 203, 'angriff', 'gesundheit', -5, 1, 1, 1, 0, 1),
	(729, 958, 203, 'verteidigung', 'gesundheit', 7, 2, 2, 1, 0, 1),
	(730, 958, 203, 'verteidigung', 'initiative', 5, 2, 2, 1, 0, 1),
	(731, 959, 204, 'angriff', 'gesundheit', -5, 1, 1, 1, 1, 1),
	(732, 959, 204, 'angriff', 'initiative', -5, 2, 2, 0, 1, 1),
	(733, 959, 204, 'angriff', 'element_feuer', -10, 3, 3, 0, 1, 1),
	(734, 960, 203, 'angriff', 'gesundheit', -5, 1, 1, 1, 0, 1),
	(735, 961, 204, 'angriff', 'gesundheit', -9, 2, 2, 1, 1, 1),
	(736, 962, 204, 'angriff', 'gesundheit', -9, 2, 2, 1, 1, 1),
	(737, 965, 203, 'verteidigung', 'gesundheit', 7, 1, 2, 1, 0, 0),
	(738, 965, 203, 'verteidigung', 'initiative', 5, 1, 2, 1, 0, 0);
/*!40000 ALTER TABLE `kampf_effekt` ENABLE KEYS */;

-- Exportiere Struktur von Tabelle db_dvg.kampf_teilnehmer
DROP TABLE IF EXISTS `kampf_teilnehmer`;
CREATE TABLE IF NOT EXISTS `kampf_teilnehmer` (
  `id` int(10) NOT NULL AUTO_INCREMENT,
  `kampf_id` int(10) NOT NULL,
  `teilnehmer_id` int(10) NOT NULL,
  `teilnehmer_typ` enum('spieler','npc') COLLATE utf8_unicode_ci NOT NULL,
  `seite` int(1) unsigned NOT NULL,
  `gesundheit` int(10) NOT NULL,
  `zauberpunkte` int(10) NOT NULL,
  `staerke` float NOT NULL,
  `intelligenz` float NOT NULL,
  `magie` float NOT NULL,
  `element_feuer` float NOT NULL,
  `element_wasser` float NOT NULL,
  `element_erde` float NOT NULL,
  `element_luft` float NOT NULL,
  `initiative` float NOT NULL,
  `abwehr` float NOT NULL,
  `ausweichen` float NOT NULL,
  `timer` float NOT NULL,
  PRIMARY KEY (`id`),
  KEY `teilnehmer_id` (`teilnehmer_id`),
  KEY `kampf_id` (`kampf_id`),
  CONSTRAINT `FK_kampf_teilnehmer_kampf` FOREIGN KEY (`kampf_id`) REFERENCES `kampf` (`id`)
) ENGINE=InnoDB AUTO_INCREMENT=209 DEFAULT CHARSET=utf8 COLLATE=utf8_unicode_ci COMMENT='Teilnehmer an einem Kampf mit sämtlichen Kampfdaten, die durch Zauber und andere Aktionen temporär geändert werden können';

-- Exportiere Daten aus Tabelle db_dvg.kampf_teilnehmer: ~190 rows (ungefähr)
DELETE FROM `kampf_teilnehmer`;
/*!40000 ALTER TABLE `kampf_teilnehmer` DISABLE KEYS */;
INSERT INTO `kampf_teilnehmer` (`id`, `kampf_id`, `teilnehmer_id`, `teilnehmer_typ`, `seite`, `gesundheit`, `zauberpunkte`, `staerke`, `intelligenz`, `magie`, `element_feuer`, `element_wasser`, `element_erde`, `element_luft`, `initiative`, `abwehr`, `ausweichen`, `timer`) VALUES
	(19, 29, 40, 'spieler', 0, 32, 0, 10, 5, 0, 1, 5, 1, 1, 100, 10, 10, 100),
	(20, 29, 4, 'npc', 1, 35, 0, 10, 10, 0, 0, 2, 10, 5, 105, 5, 30, 95.238),
	(21, 30, 43, 'spieler', 0, 32, 4, 10, 5, 0, 1, 1, 5, 1, 100, 10, 10, 100),
	(22, 30, 4, 'npc', 1, 35, 0, 10, 10, 0, 0, 2, 10, 5, 105, 5, 30, 95.238),
	(23, 31, 43, 'spieler', 0, 32, 4, 10, 5, 0, 1, 1, 5, 1, 100, 10, 10, 100),
	(24, 31, 4, 'npc', 1, 35, 0, 10, 10, 0, 0, 2, 10, 5, 105, 5, 30, 95.238),
	(25, 32, 43, 'spieler', 0, 32, 4, 10, 5, 0, 1, 1, 5, 1, 100, 10, 10, 100),
	(26, 32, 4, 'npc', 1, 35, 0, 10, 10, 0, 0, 2, 10, 5, 105, 5, 30, 95.238),
	(27, 33, 43, 'spieler', 0, 32, 4, 10, 5, 0, 1, 1, 5, 1, 100, 10, 10, 100),
	(28, 33, 4, 'npc', 1, 35, 0, 10, 10, 0, 0, 2, 10, 5, 105, 5, 30, 95.238),
	(29, 34, 43, 'spieler', 0, 32, 4, 10, 5, 0, 1, 1, 5, 1, 100, 10, 10, 100),
	(30, 34, 4, 'npc', 1, 35, 0, 10, 10, 0, 0, 2, 10, 5, 105, 5, 30, 95.238),
	(31, 35, 43, 'spieler', 0, 32, 4, 10, 5, 0, 1, 1, 5, 1, 100, 10, 10, 100),
	(32, 35, 4, 'npc', 1, 35, 0, 10, 10, 0, 0, 2, 10, 5, 105, 5, 30, 95.238),
	(33, 36, 43, 'spieler', 0, 32, 4, 10, 5, 0, 1, 1, 5, 1, 100, 10, 10, 100),
	(34, 36, 4, 'npc', 1, 35, 0, 10, 10, 0, 0, 2, 10, 5, 105, 5, 30, 95.238),
	(35, 37, 43, 'spieler', 0, 32, 4, 10, 5, 0, 1, 1, 5, 1, 100, 10, 10, 100),
	(36, 37, 4, 'npc', 1, 35, 0, 10, 10, 0, 0, 2, 10, 5, 105, 5, 30, 95.238),
	(37, 38, 43, 'spieler', 0, 32, 4, 10, 5, 0, 1, 1, 5, 1, 100, 10, 10, 100),
	(38, 38, 4, 'npc', 1, 35, 0, 10, 10, 0, 0, 2, 10, 5, 105, 5, 30, 95.238),
	(39, 39, 43, 'spieler', 0, 32, 4, 10, 5, 0, 1, 1, 5, 1, 100, 10, 10, 100),
	(40, 39, 4, 'npc', 1, 35, 0, 10, 10, 0, 0, 2, 10, 5, 105, 5, 30, 95.238),
	(41, 40, 43, 'spieler', 0, 32, 4, 10, 5, 0, 1, 1, 5, 1, 100, 10, 10, 100),
	(42, 40, 4, 'npc', 1, 35, 0, 10, 10, 0, 0, 2, 10, 5, 105, 5, 30, 95.238),
	(43, 41, 43, 'spieler', 0, 32, 4, 10, 5, 0, 1, 1, 5, 1, 100, 10, 10, 100),
	(44, 41, 4, 'npc', 1, 35, 0, 10, 10, 0, 0, 2, 10, 5, 105, 5, 30, 95.238),
	(45, 42, 43, 'spieler', 0, 32, 4, 10, 5, 0, 1, 1, 5, 1, 100, 10, 10, 100),
	(46, 42, 4, 'npc', 1, 35, 0, 10, 10, 0, 0, 2, 10, 5, 105, 5, 30, 95.238),
	(47, 43, 43, 'spieler', 0, 32, 4, 10, 5, 0, 1, 1, 5, 1, 100, 10, 10, 100),
	(48, 43, 4, 'npc', 1, 35, 0, 10, 10, 0, 0, 2, 10, 5, 105, 5, 30, 95.238),
	(49, 44, 43, 'spieler', 0, 32, 4, 10, 5, 0, 1, 1, 5, 1, 100, 10, 10, 100),
	(50, 44, 23, 'npc', 1, 20, 0, 10, 10, 5, 0, 0, 5, 0, 100, 0, 0, 100),
	(51, 45, 43, 'spieler', 0, 32, 4, 10, 5, 0, 1, 1, 5, 1, 100, 10, 10, 100),
	(52, 45, 4, 'npc', 1, 35, 0, 10, 10, 0, 0, 2, 10, 5, 105, 5, 30, 95.238),
	(53, 46, 2, 'npc', 1, 15, 0, 3, 3, 0, 0, 5, 5, 0, 100, 0, 0, 100),
	(54, 47, 4, 'npc', 1, 35, 0, 10, 10, 0, 0, 2, 10, 5, 105, 5, 30, 95.238),
	(55, 48, 4, 'npc', 1, 35, 0, 10, 10, 0, 0, 2, 10, 5, 105, 5, 30, 95.238),
	(56, 49, 4, 'npc', 1, 35, 0, 10, 10, 0, 0, 2, 10, 5, 105, 5, 30, 95.238),
	(57, 50, 4, 'npc', 1, 35, 0, 10, 10, 0, 0, 2, 10, 5, 105, 5, 30, 95.238),
	(58, 51, 4, 'npc', 1, 35, 0, 10, 10, 0, 0, 2, 10, 5, 105, 5, 30, 95.238),
	(59, 52, 4, 'npc', 1, 35, 0, 10, 10, 0, 0, 2, 10, 5, 105, 5, 30, 95.238),
	(60, 53, 4, 'npc', 1, 35, 0, 10, 10, 0, 0, 2, 10, 5, 105, 5, 30, 95.238),
	(61, 54, 4, 'npc', 1, 35, 0, 10, 10, 0, 0, 2, 10, 5, 105, 5, 30, 95.238),
	(62, 55, 4, 'npc', 1, 35, 0, 10, 10, 0, 0, 2, 10, 5, 105, 5, 30, 95.238),
	(63, 56, 4, 'npc', 1, 35, 0, 10, 10, 0, 0, 2, 10, 5, 105, 5, 30, 95.238),
	(64, 57, 4, 'npc', 1, 35, 0, 10, 10, 0, 0, 2, 10, 5, 105, 5, 30, 95.238),
	(65, 58, 4, 'npc', 1, 35, 0, 10, 10, 0, 0, 2, 10, 5, 105, 5, 30, 95.238),
	(66, 59, 43, 'spieler', 1, 32, 4, 10, 5, 0, 1, 1, 5, 1, 100, 10, 10, 100),
	(67, 60, 43, 'spieler', 0, 32, 4, 10, 5, 0, 1, 1, 5, 1, 100, 10, 10, 100),
	(68, 60, 4, 'npc', 1, 35, 0, 10, 10, 0, 0, 2, 10, 5, 105, 5, 30, 95.238),
	(69, 61, 43, 'spieler', 0, 32, 4, 10, 5, 0, 1, 1, 5, 1, 100, 10, 10, 100),
	(70, 61, 4, 'npc', 1, 35, 0, 10, 10, 0, 0, 2, 10, 5, 105, 5, 30, 95.238),
	(71, 62, 43, 'spieler', 0, 32, 4, 10, 5, 0, 1, 1, 5, 1, 100, 10, 10, 100),
	(72, 62, 4, 'npc', 1, 35, 0, 10, 10, 0, 0, 2, 10, 5, 105, 5, 30, 95.238),
	(73, 63, 43, 'spieler', 0, 32, 4, 10, 5, 0, 1, 1, 5, 1, 100, 10, 10, 100),
	(74, 63, 4, 'npc', 1, 35, 0, 10, 10, 0, 0, 2, 10, 5, 105, 5, 30, 95.238),
	(75, 64, 43, 'spieler', 0, 32, 4, 10, 5, 0, 1, 1, 5, 1, 100, 10, 10, 100),
	(76, 64, 4, 'npc', 1, 35, 0, 10, 10, 0, 0, 2, 10, 5, 105, 5, 30, 95.238),
	(77, 65, 43, 'spieler', 0, 32, 4, 10, 5, 0, 1, 1, 5, 1, 100, 10, 10, 100),
	(78, 65, 23, 'npc', 1, 20, 0, 10, 10, 5, 0, 0, 5, 0, 100, 0, 0, 100),
	(79, 65, 2, 'npc', 1, 15, 0, 3, 3, 0, 0, 5, 5, 0, 100, 0, 0, 100),
	(80, 65, 4, 'npc', 1, 35, 0, 10, 10, 0, 0, 2, 10, 5, 105, 5, 30, 95.238),
	(81, 65, 5, 'npc', 1, 25, 0, 5, 5, 0, 0, 1, 5, 3, 100, 0, 0, 100),
	(82, 65, 6, 'npc', 1, 10, 0, 0, 0, 0, 0, 0, 0, 0, 100, 0, 0, 100),
	(83, 66, 45, 'spieler', 0, 32, 4, 10, 5, 0, 1, 5, 1, 1, 100, 10, 10, 100),
	(84, 66, 27, 'npc', 1, 20, 0, 5, 10, 5, 0, 10, 0, 0, 100, 0, 0, 100),
	(85, 66, 2, 'npc', 1, 15, 0, 3, 3, 0, 0, 5, 5, 0, 100, 0, 0, 100),
	(86, 66, 4, 'npc', 1, 35, 0, 10, 10, 0, 0, 2, 10, 5, 105, 5, 30, 95.238),
	(87, 66, 5, 'npc', 1, 25, 0, 5, 5, 0, 0, 1, 5, 3, 100, 0, 0, 100),
	(88, 66, 6, 'npc', 1, 10, 0, 0, 0, 0, 0, 0, 0, 0, 100, 0, 0, 100),
	(89, 67, 45, 'spieler', 0, 32, 4, 10, 5, 0, 1, 5, 1, 1, 100, 10, 10, 100),
	(90, 67, 10, 'npc', 1, 500, 0, 100, 75, 0, 0, 20, 10, 0, 100, 0, 0, 100),
	(91, 68, 45, 'spieler', 0, 32, 4, 10, 5, 0, 1, 5, 1, 1, 100, 10, 10, 100),
	(92, 68, 4, 'npc', 1, 35, 0, 10, 10, 0, 0, 2, 10, 5, 105, 5, 30, 95.238),
	(93, 69, 26, 'spieler', 0, 60, 0, 10, 5, 0, 1, 5, 1, 1, 100, 10, 10, 100),
	(94, 69, 4, 'npc', 1, 35, 0, 10, 10, 0, 0, 2, 10, 5, 105, 5, 30, 95.238),
	(95, 70, 26, 'spieler', 0, 32, 4, 10, 5, 0, 1, 5, 1, 1, 100, 10, 10, 100),
	(96, 70, 4, 'npc', 1, 35, 0, 10, 10, 0, 0, 2, 10, 5, 105, 5, 30, 95.238),
	(97, 70, 2, 'npc', 1, 15, 0, 3, 3, 0, 0, 5, 5, 0, 110, 0, 35, 90.909),
	(98, 71, 26, 'spieler', 0, 32, 4, 10, 5, 0, 1, 5, 1, 1, 100, 10, 10, 100),
	(99, 71, 45, 'spieler', 0, 21, 8, 10, 5, 0, 1, 5, 1, 1, 104, 33, 12, 96.153),
	(100, 71, 4, 'npc', 1, 35, 0, 10, 10, 0, 0, 2, 10, 5, 105, 5, 30, 95.238),
	(101, 71, 2, 'npc', 1, 15, 0, 3, 3, 0, 0, 5, 5, 0, 110, 0, 35, 90.909),
	(102, 72, 45, 'spieler', 0, 21, 8, 10, 5, 0, 1, 5, 1, 1, 104, 33, 12, 96.153),
	(103, 72, 45, 'spieler', 0, 21, 8, 10, 5, 0, 1, 5, 1, 1, 104, 33, 12, 96.153),
	(104, 72, 5, 'npc', 1, 25, 0, 5, 5, 0, 0, 1, 5, 3, 100, 0, 0, 100),
	(105, 72, 2, 'npc', 1, 15, 0, 3, 3, 0, 0, 5, 5, 0, 110, 0, 35, 90.909),
	(106, 73, 45, 'spieler', 0, 21, 8, 10, 5, 0, 1, 5, 1, 1, 104, 33, 12, 96.153),
	(107, 73, 45, 'spieler', 0, 21, 8, 10, 5, 0, 1, 5, 1, 1, 104, 33, 12, 96.153),
	(108, 73, 36, 'npc', 1, 30, 1, 30, 0, 0, 0, 10, 0, 0, 80, 30, 10, 125),
	(109, 73, 2, 'npc', 1, 15, 0, 3, 3, 0, 0, 5, 5, 0, 110, 0, 35, 90.909),
	(110, 74, 45, 'spieler', 0, 21, 8, 10, 5, 0, 1, 5, 1, 1, 104, 33, 12, 96.153),
	(111, 74, 4, 'npc', 1, 35, 0, 10, 10, 0, 0, 2, 10, 5, 105, 5, 30, 95.238),
	(112, 75, 45, 'spieler', 0, 21, 8, 10, 5, 0, 1, 5, 1, 1, 104, 33, 12, 96.153),
	(113, 75, 4, 'npc', 1, 35, 0, 10, 10, 0, 0, 2, 10, 5, 105, 5, 30, 95.238),
	(114, 75, 2, 'npc', 1, 15, 0, 3, 3, 0, 0, 5, 5, 0, 110, 0, 35, 90.909),
	(115, 76, 45, 'spieler', 0, 21, 8, 10, 5, 0, 1, 5, 1, 1, 104, 33, 12, 96.153),
	(116, 76, 26, 'spieler', 0, 32, 4, 10, 5, 0, 1, 5, 1, 1, 100, 10, 10, 100),
	(117, 76, 4, 'npc', 1, 35, 0, 10, 10, 0, 0, 2, 10, 5, 105, 5, 30, 95.238),
	(118, 76, 2, 'npc', 1, 15, 0, 3, 3, 0, 0, 5, 5, 0, 110, 0, 35, 90.909),
	(119, 77, 45, 'spieler', 0, 21, 8, 10, 5, 0, 1, 5, 1, 1, 104, 33, 12, 96.153),
	(120, 77, 4, 'npc', 1, 35, 0, 10, 10, 0, 0, 2, 10, 5, 105, 5, 30, 95.238),
	(121, 78, 45, 'spieler', 0, 21, 8, 10, 5, 0, 1, 5, 1, 1, 104, 33, 12, 96.153),
	(122, 78, 4, 'npc', 1, 35, 0, 10, 10, 0, 0, 2, 10, 5, 105, 5, 30, 95.238),
	(123, 79, 45, 'spieler', 0, 21, 8, 10, 5, 0, 1, 5, 1, 1, 104, 33, 12, 96.153),
	(124, 79, 4, 'npc', 1, 35, 0, 10, 10, 0, 0, 2, 10, 5, 105, 5, 30, 95.238),
	(125, 80, 45, 'spieler', 0, 21, 8, 10, 5, 0, 1, 5, 1, 1, 104, 33, 12, 96.153),
	(126, 80, 4, 'npc', 1, 35, 0, 10, 10, 0, 0, 2, 10, 5, 105, 5, 30, 95.238),
	(127, 81, 45, 'spieler', 0, 21, 8, 10, 5, 0, 1, 5, 1, 1, 104, 33, 12, 96.153),
	(128, 81, 4, 'npc', 1, 35, 0, 10, 10, 0, 0, 2, 10, 5, 105, 5, 30, 95.238),
	(129, 82, 45, 'spieler', 0, 21, 8, 10, 5, 0, 1, 5, 1, 1, 104, 33, 12, 96.153),
	(130, 82, 4, 'npc', 1, 35, 0, 10, 10, 0, 0, 2, 10, 5, 105, 5, 30, 95.238),
	(131, 83, 45, 'spieler', 0, 21, 8, 10, 5, 0, 1, 5, 1, 1, 110, 33, 12, 90.909),
	(132, 83, 4, 'npc', 1, 35, 0, 10, 10, 0, 0, 2, 10, 5, 105, 5, 30, 95.238),
	(133, 84, 45, 'spieler', 0, 33, 7, 10, 5, 0, 1, 5, 1, 1, 130, 33, 12, 1541.32),
	(134, 84, 4, 'npc', 1, 0, 3, 10, 10, 0, 0, 2, 10, 5, 110, 0, 0, 1614.73),
	(135, 85, 45, 'spieler', 0, 3, 8, 10, 5, 0, 1, 5, 1, 1, 105, 33, 12, 1428.58),
	(136, 85, 5, 'npc', 1, 0, 0, 5, 5, 0, 0, 1, 5, 3, 100, 0, 0, 1500),
	(137, 86, 45, 'spieler', 0, 7, 0, 10, 5, 0, 1, 5, 1, 1, 125, 33, 12, 3004.72),
	(138, 86, 4, 'npc', 1, 0, 0, 10, 10, 0, 0, 2, 10, 5, 105, 5, 30, 3047.66),
	(139, 87, 45, 'spieler', 0, 10, 1, 10, 5, 0, 1, 5, 1, 1, 115, 33, 12, 1246.19),
	(140, 87, 4, 'npc', 1, 0, 0, 10, 10, 0, 0, 2, 10, 5, 105, 5, 30, 952.38),
	(141, 88, 45, 'spieler', 0, 5, 1, 10, 5, 0, 1, 5, 1, 1, 115, 33, 12, 1150.95),
	(142, 88, 4, 'npc', 1, 0, 0, 10, 10, 0, 0, 2, 10, 5, 105, 5, 30, 1238.1),
	(143, 89, 45, 'spieler', 0, 17, 17, 10, 5, 0, 1, 5, 1, 1, 105, 33, 12, 1142.86),
	(144, 89, 4, 'npc', 1, 0, 0, 10, 10, 0, 0, 2, 10, 5, 105, 5, 30, 1142.86),
	(145, 90, 45, 'spieler', 0, 37, 17, 10, 5, 0, 1, 5, 1, 1, 105, 33, 12, 952.38),
	(146, 90, 4, 'npc', 1, 0, 0, 10, 10, 0, 0, 2, 10, 5, 105, 5, 30, 952.38),
	(147, 91, 45, 'spieler', 0, 27, 0, 10, 5, 0, 1, 5, 1, 1, 115, 33, 12, 985.315),
	(148, 91, 4, 'npc', 1, -3, 0, 10, 10, 0, 10, 2, 10, 5, 110, 5, 30, 922.077),
	(149, 92, 45, 'spieler', 0, 26, 8, 10, 5, 0, 1, 5, 1, 1, 115, 33, 12, 1358),
	(150, 92, 4, 'npc', 1, 0, 0, 10, 10, 0, 0, 2, 10, 5, 105, 5, 30, 1438.1),
	(151, 93, 45, 'spieler', 0, 32, 2, 10, 5, 0, 1, 5, 1, 1, 105, 33, 12, 571.428),
	(152, 93, 4, 'npc', 1, -28, 0, 10, 10, 0, 0, 2, 10, 5, 105, 5, 30, 571.428),
	(153, 94, 45, 'spieler', 0, 42, 5, 10, 5, 0, 1, 5, 1, 1, 105, 33, 12, 476.19),
	(154, 94, 4, 'npc', 1, -10, 0, 10, 10, 0, 0, 2, 10, 5, 105, 5, 30, 476.19),
	(155, 95, 45, 'spieler', 0, 32, 2, 10, 5, 0, 1, 5, 1, 1, 105, 33, 12, 571.428),
	(156, 95, 4, 'npc', 1, 0, 0, 10, 10, 0, 0, 2, 10, 5, 105, 5, 30, 571.428),
	(157, 96, 45, 'spieler', 0, 47, 2, 10, 5, 0, 1, 5, 1, 1, 105, 33, 12, 761.904),
	(158, 96, 5, 'npc', 1, 0, 0, 5, 5, 0, 0, 1, 5, 3, 0, 0, 0, 10000100),
	(159, 97, 45, 'spieler', 0, 47, 7, 10, 5, 0, 1, 5, 1, 1, 105, 33, 12, 285.714),
	(160, 97, 4, 'npc', 1, 0, 0, 10, 10, 0, 0, 2, 10, 5, 0, 5, 30, 10000100),
	(161, 98, 45, 'spieler', 0, 22, 2, 10, 5, 0, 1, 5, 1, 1, 105, 33, 12, 1523.82),
	(162, 98, 4, 'npc', 1, 0, 0, 10, 10, 0, 0, 2, 10, 5, 105, 5, 30, 1523.82),
	(163, 99, 45, 'spieler', 0, 7, 2, 10, 5, 0, 1, 5, 1, 1, 105, 33, 12, 1523.82),
	(164, 99, 4, 'npc', 1, 0, 0, 10, 10, 0, 0, 2, 10, 5, 105, 5, 30, 1523.82),
	(165, 100, 45, 'spieler', 0, 37, 1, 10, 5, 0, 1, 5, 1, 1, 125, 33, 12, 890.432),
	(166, 100, 4, 'npc', 1, -3, 0, 10, 10, 0, 0, 2, 10, 5, 105, 5, 30, 971.929),
	(167, 101, 45, 'spieler', 0, 37, 0, 10, 5, 0, 1, 5, 1, 1, 105, 33, 12, 1904.78),
	(168, 101, 4, 'npc', 1, 0, 2, 10, 10, 0, 0, 2, 10, 5, 105, 5, 10000000, 1904.78),
	(169, 102, 45, 'spieler', 0, 26, 1, 10, 5, 0, 1, 5, 1, 1, 115, 33, 12, 1105.4),
	(170, 102, 4, 'npc', 1, 0, 2, 10, 10, 0, 0, 2, 10, 5, 105, 5, 30, 1162.41),
	(171, 103, 45, 'spieler', 0, 42, 14, 10, 5, 0, 1, 5, 1, 1, 145, 33, 12, 962.986),
	(172, 103, 35, 'npc', 1, 0, 0, 50, 20, 0, 0, 0, 10, 0, 100, 0, 0, 1000),
	(173, 104, 45, 'spieler', 0, 27, 2, 10, 5, 0, 1, 5, 1, 1, 165, 33, 12, 1570.76),
	(174, 104, 4, 'npc', 1, 0, 0, 10, 10, 0, 0, 2, 10, 5, 105, 5, 30, 1619.06),
	(175, 105, 45, 'spieler', 0, 27, 2, 10, 5, 0, 1, 5, 1, 1, 165, 33, 12, 1187.7),
	(176, 105, 4, 'npc', 1, 0, 0, 10, 10, 0, 0, 2, 10, 5, 105, 5, 30, 1238.1),
	(177, 106, 45, 'spieler', 0, 37, 2, 10, 5, 0, 1, 5, 1, 1, 155, 33, 12, 1409.25),
	(178, 106, 4, 'npc', 1, 0, 0, 10, 10, 0, -10, 2, 10, 5, 105, 5, 30, 1438.1),
	(179, 107, 45, 'spieler', 0, 32, 1, 10, 5, 0, 1, 5, 1, 1, 155, 33, 12, 1200.67),
	(180, 107, 4, 'npc', 1, 0, 3, 10, 10, 0, 0, 2, 10, 5, 105, 5, 30, 1238.1),
	(181, 108, 45, 'spieler', 0, 32, 1, 10, 5, 0, 1, 5, 1, 1, 145, 33, 12, 1186.3),
	(182, 108, 4, 'npc', 1, 0, 0, 10, 10, 0, 0, 2, 10, 5, 105, 5, 30, 1238.1),
	(183, 109, 45, 'spieler', 0, 37, 24, 10, 5, 0, 1, 5, 1, 1, 105, 33, 12, 666.666),
	(184, 109, 4, 'npc', 1, 0, 3, 10, 10, 0, 0, 2, 10, 5, 105, 5, 30, 666.666),
	(185, 110, 45, 'spieler', 0, 37, 20, 10, 5, 0, 1, 5, 1, 1, 115, 33, 12, 836.249),
	(186, 110, 4, 'npc', 1, 0, 3, 10, 10, 0, 0, 2, 10, 5, 105, 5, 30, 857.142),
	(187, 111, 45, 'spieler', 0, 27, 2, 10, 5, 0, 1, 5, 1, 1, 175, 33, 12, 1310.56),
	(188, 111, 4, 'npc', 1, 0, 3, 10, 10, 0, 0, 2, 10, 5, 105, 5, 30, 1333.34),
	(189, 112, 45, 'spieler', 0, 47, 12, 10, 5, 0, 1, 5, 1, 1, 130, 33, 12, 1126.62),
	(190, 112, 4, 'npc', 1, 0, 3, 10, 10, 0, 0, 2, 10, 5, 20, 5, 30, 1500),
	(191, 113, 45, 'spieler', 0, 47, 13, 10, 5, 0, 1, 5, 1, 1, 135, 33, 12, 1203.54),
	(192, 113, 4, 'npc', 1, 0, 3, 10, 10, 0, 0, 2, 10, 5, 50, 5, 30, 1244.44),
	(193, 114, 45, 'spieler', 0, 42, 1, 10, 5, 0, 1, 5, 1, 1, 125, 33, 12, 3669.08),
	(194, 114, 4, 'npc', 1, 0, 3, 10, 10, 0, 0, 2, 10, 5, 50, 5, 30, 3688.88),
	(195, 115, 45, 'spieler', 0, 42, 1, 10, 5, 0, 1, 5, 1, 1, 175, 33, 12, 1443.89),
	(196, 115, 4, 'npc', 1, 0, 3, 10, 10, 0, 0, 2, 10, 5, 50, 5, 30, 1400),
	(197, 116, 45, 'spieler', 0, 42, 14, 10, 5, 0, 1, 5, 1, 1, 105, 33, 12, 857.142),
	(198, 116, 4, 'npc', 1, 0, 3, 10, 10, 0, 0, 2, 10, 5, 50, 5, 30, 600),
	(199, 116, 2, 'npc', 1, 0, 0, 3, 3, 0, 0, 5, 5, 0, 110, 0, 35, 363.636),
	(200, 117, 45, 'spieler', 0, 47, 30, 10, 5, 0, 1, 5, 1, 1, 105, 33, 12, 95.238),
	(201, 117, 4, 'npc', 1, 0, 3, 10, 10, 0, 0, 2, 10, 5, 50, 5, 30, 200),
	(202, 117, 2, 'npc', 1, 0, 0, 3, 3, 0, 0, 5, 5, 0, 110, 0, 35, 90.909),
	(203, 118, 45, 'spieler', 0, 47, 5, 10, 5, 0, 1, 5, 1, 1, 120, 33, 12, 819.685),
	(204, 118, 4, 'npc', 1, 0, 3, 10, 10, 0, 0, 2, 10, 5, 50, 5, 30, 822.222),
	(205, 118, 2, 'npc', 1, 0, 0, 3, 3, 0, 0, 5, 5, 0, 110, 0, 35, 272.727),
	(206, 118, 2, 'npc', 1, 0, 0, 3, 3, 0, 0, 5, 5, 0, 110, 0, 35, 363.636),
	(207, 119, 45, 'spieler', 0, 47, 30, 10, 5, 0, 1, 5, 1, 1, 105, 33, 12, 95.238),
	(208, 119, 4, 'npc', 1, 35, 3, 10, 10, 0, 0, 2, 10, 5, 50, 5, 30, 200);
/*!40000 ALTER TABLE `kampf_teilnehmer` ENABLE KEYS */;

-- Exportiere Struktur von Tabelle db_dvg.level
DROP TABLE IF EXISTS `level`;
CREATE TABLE IF NOT EXISTS `level` (
  `id` int(10) NOT NULL AUTO_INCREMENT,
  `voraussetzung` varchar(50) COLLATE utf8_unicode_ci NOT NULL,
  `titel` varchar(50) COLLATE utf8_unicode_ci NOT NULL,
  `stufe` int(10) NOT NULL,
  `modifikator` float NOT NULL,
  `beschreibung` text COLLATE utf8_unicode_ci NOT NULL,
  PRIMARY KEY (`id`)
) ENGINE=InnoDB AUTO_INCREMENT=8 DEFAULT CHARSET=utf8 COLLATE=utf8_unicode_ci COMMENT='Level und die einzelnen Voraussetzungen zum Erreichen des Levels';

-- Exportiere Daten aus Tabelle db_dvg.level: ~7 rows (ungefähr)
DELETE FROM `level`;
/*!40000 ALTER TABLE `level` DISABLE KEYS */;
INSERT INTO `level` (`id`, `voraussetzung`, `titel`, `stufe`, `modifikator`, `beschreibung`) VALUES
	(1, '', 'Level 1', 1, 0, ''),
	(2, '', 'Level 2', 2, 0, ''),
	(3, '', 'Level 3', 3, 0, ''),
	(4, '', 'Level 4', 4, 0, ''),
	(5, '', 'Level 5', 5, 0, ''),
	(6, '', 'Level 6', 6, 0, ''),
	(7, '', 'Level 7', 7, 0, '');
/*!40000 ALTER TABLE `level` ENABLE KEYS */;

-- Exportiere Struktur von Tabelle db_dvg.level_bilder
DROP TABLE IF EXISTS `level_bilder`;
CREATE TABLE IF NOT EXISTS `level_bilder` (
  `id` int(10) NOT NULL AUTO_INCREMENT,
  `bilder_id` int(10) NOT NULL,
  `level_id` int(10) NOT NULL,
  `gattung_id` int(10) NOT NULL,
  PRIMARY KEY (`id`),
  KEY `FK_bilder_id_level_bilder` (`bilder_id`) USING BTREE,
  KEY `FK_level_id_level_bilder` (`level_id`) USING BTREE,
  KEY `FK_gattung_id_level_bilder` (`gattung_id`) USING BTREE,
  CONSTRAINT `FK_level_bilder_bilder` FOREIGN KEY (`bilder_id`) REFERENCES `bilder` (`id`),
  CONSTRAINT `FK_level_bilder_gattung` FOREIGN KEY (`gattung_id`) REFERENCES `gattung` (`id`),
  CONSTRAINT `FK_level_bilder_level` FOREIGN KEY (`level_id`) REFERENCES `level` (`id`)
) ENGINE=InnoDB AUTO_INCREMENT=29 DEFAULT CHARSET=utf8 COLLATE=utf8_unicode_ci COMMENT='Zuordnung zwischen Level, Gattung und Bild eines Drachen';

-- Exportiere Daten aus Tabelle db_dvg.level_bilder: ~28 rows (ungefähr)
DELETE FROM `level_bilder`;
/*!40000 ALTER TABLE `level_bilder` DISABLE KEYS */;
INSERT INTO `level_bilder` (`id`, `bilder_id`, `level_id`, `gattung_id`) VALUES
	(1, 209, 1, 3),
	(2, 210, 1, 1),
	(3, 211, 1, 4),
	(4, 212, 1, 2),
	(5, 213, 2, 3),
	(6, 214, 2, 1),
	(7, 215, 2, 4),
	(8, 216, 2, 2),
	(9, 217, 3, 3),
	(10, 218, 3, 1),
	(11, 219, 3, 4),
	(12, 220, 3, 2),
	(13, 221, 4, 3),
	(14, 222, 4, 1),
	(15, 223, 4, 4),
	(16, 224, 4, 2),
	(17, 225, 5, 3),
	(18, 226, 5, 1),
	(19, 227, 5, 4),
	(20, 228, 5, 2),
	(21, 229, 6, 3),
	(22, 230, 6, 1),
	(23, 231, 6, 4),
	(24, 232, 6, 2),
	(25, 233, 7, 3),
	(26, 234, 7, 1),
	(27, 235, 7, 4),
	(28, 236, 7, 2);
/*!40000 ALTER TABLE `level_bilder` ENABLE KEYS */;

-- Exportiere Struktur von Tabelle db_dvg.npc
DROP TABLE IF EXISTS `npc`;
CREATE TABLE IF NOT EXISTS `npc` (
  `id` int(10) NOT NULL AUTO_INCREMENT,
  `bilder_id` int(10) NOT NULL,
  `element_id` int(10) NOT NULL,
  `titel` varchar(50) COLLATE utf8_unicode_ci NOT NULL,
  `familie` varchar(50) COLLATE utf8_unicode_ci NOT NULL,
  `staerke` float NOT NULL,
  `intelligenz` float NOT NULL,
  `magie` float NOT NULL,
  `element_feuer` float NOT NULL,
  `element_wasser` float NOT NULL,
  `element_erde` float NOT NULL,
  `element_luft` float NOT NULL,
  `gesundheit` int(10) NOT NULL,
  `energie` int(10) NOT NULL,
  `zauberpunkte` int(10) NOT NULL,
  `initiative` float NOT NULL,
  `abwehr` float NOT NULL,
  `ausweichen` float NOT NULL,
  `beschreibung` text COLLATE utf8_unicode_ci NOT NULL,
  `typ` enum('angreifbar','sammelbar','ansprechbar','') COLLATE utf8_unicode_ci NOT NULL,
  PRIMARY KEY (`id`),
  UNIQUE KEY `titel` (`titel`),
  KEY `FK_bilder_id_npc` (`bilder_id`),
  KEY `FK_element_id_npc` (`element_id`),
  CONSTRAINT `FK_npc_bilder` FOREIGN KEY (`bilder_id`) REFERENCES `bilder` (`id`),
  CONSTRAINT `FK_npc_element` FOREIGN KEY (`element_id`) REFERENCES `element` (`id`)
) ENGINE=InnoDB AUTO_INCREMENT=43 DEFAULT CHARSET=utf8 COLLATE=utf8_unicode_ci COMMENT='Alle möglichen Objekten (Tiere, Pflanzen, Personen, usw.)';

-- Exportiere Daten aus Tabelle db_dvg.npc: ~32 rows (ungefähr)
DELETE FROM `npc`;
/*!40000 ALTER TABLE `npc` DISABLE KEYS */;
INSERT INTO `npc` (`id`, `bilder_id`, `element_id`, `titel`, `familie`, `staerke`, `intelligenz`, `magie`, `element_feuer`, `element_wasser`, `element_erde`, `element_luft`, `gesundheit`, `energie`, `zauberpunkte`, `initiative`, `abwehr`, `ausweichen`, `beschreibung`, `typ`) VALUES
	(1, 274, 2, 'Wymar (Name von der Redaktion geändert)', 'Drache', 75, 100, 50, 100, 20, 20, 20, 1000, 100, 0, 100, 0, 0, 'Wymar ist einer der ältesten bekannten Drachen und wird für seine Weisheit hoch geschätzt. Ihr tut gut daran, seinen Ratschlägen aufs genauste zu folgen.', 'ansprechbar'),
	(2, 240, 4, 'Ratte', 'Nager', 3, 3, 0, 0, 5, 5, 0, 15, 10, 0, 110, 0, 35, 'Eklige Biester! Entweder kreischend davonrennen und den erstbesten Kammerjäger um Hilfe bitten oder einfach selbst Hand anlegen. ', 'angreifbar'),
	(3, 1, 1, 'Zayinenkrieger', 'Zayine', 50, 50, 40, 25, 25, 25, 25, 1000, 750, 0, 100, 0, 0, 'Ein Krieger der Zayinen. Am besten ihr schleicht euch ungesehen an ihm vorbei, denn schon auf den ersten Blick könnt ihr erkennen, dass mit ihm nicht gut Kirschen essen sein wird.', 'angreifbar'),
	(4, 77, 4, 'Fuchs', 'Fuchs', 10, 10, 0, 0, 2, 10, 5, 35, 50, 3, 50, 5, 30, 'Ein Fuchs, kräftig gebaut, jedoch scheu und nicht sonderlich angriffslustig. Ihr solltet eurer Können jedoch nicht überstrapazieren. Auch wenn er auf den ersten Blick ganz niedlich aussieht, so ist er doch sehr gerissen und weiß mit seinen Zähnen gut auszuteilen.', 'angreifbar'),
	(5, 77, 4, 'Junger Fuchs', 'Fuchs', 5, 5, 0, 0, 1, 5, 3, 25, 40, 3, 100, 0, 0, 'Ein Fuchs, relativ klein, scheu und nicht sonderlich angriffslustig. Ihr solltet eurer Können jedoch nicht überstrapazieren. Auch wenn er klein und niedlich aussieht, so ist er doch sehr gerissen und weiß mit seinen Zähnen gut auszuteilen.', 'angreifbar'),
	(6, 238, 3, 'Apfelbaum', 'Pflanze', 0, 0, 0, 0, 0, 0, 0, 10, 10, 0, 100, 0, 0, 'Ein stattlicher Apfelbaum mit einer Menge Äpfeln in der Krone. Verlockend!', 'sammelbar'),
	(7, 95, 4, 'Steinpilz', 'Pilz', 0, 0, 0, 0, 0, 0, 0, 10, 10, 0, 100, 0, 0, 'Ein Pilz mit breitem Stiel und einem hellbraunen Hut. Das müsste ein Steinpilz sein.', 'sammelbar'),
	(8, 84, 4, 'Knoblauch', 'Pflanze', 0, 0, 0, 0, 0, 0, 0, 10, 10, 0, 100, 0, 0, 'Eine schöne Knoblauchpflanze. Der unterirdische Teil ist ein wahrer Gaumenschmaus für Kenner. Der oberirdische Teil hingegen ist ein Haufen unnützes Grünzeug.', 'sammelbar'),
	(10, 45, 3, 'Eisbär', 'Bär', 100, 75, 0, 0, 20, 10, 0, 500, 500, 0, 100, 0, 0, 'Ein kräftiger Bär mit großen Pranken und einem schneeweißen Pelz. Da könnte man sich bestimmt schön hinein kuscheln, wenn er nicht so wehrhaft wäre.', 'angreifbar'),
	(11, 91, 4, 'Großer Panda', 'Bär', 10, 5, 100, 0, 0, 20, 5, 50, 20, 0, 100, 0, 0, 'Ein großer knuddeliger Bär mit traurigen schwarzen Augen. Er knabbert gemütlich an einem Bambuszweig.', 'angreifbar'),
	(12, 208, 5, 'Osterei lila', 'Ei', 0, 0, 1, 0, 0, 0, 1, 1, 1, 0, 100, 0, 0, 'Nicht ganz rund aber trotzdem perfekt geformt. Ein tolles Souvenir.', 'sammelbar'),
	(14, 207, 4, 'Osterei grün', 'Ei', 0, 0, 1, 0, 0, 1, 0, 1, 1, 0, 100, 0, 0, 'Nicht ganz rund aber trotzdem perfekt geformt. Ein tolles Souvenir.', 'sammelbar'),
	(21, 90, 2, 'Feuerteufel', 'Elementarteilchen', 0, 0, 100, 100, 0, 0, 0, 1000, 1000, 0, 100, 0, 0, 'Ein kleines heißes Kerlchen, was mit Feuer umzugehen weiß. Vorsicht!', 'angreifbar'),
	(22, 46, 4, 'Erdmännchen', '---ohne---', 5, 20, 5, 0, 0, 10, 0, 10, 30, 0, 100, 0, 0, 'Ein sehr guter Beobachter !', 'angreifbar'),
	(23, 39, 4, 'Hase', 'Löffeltier', 10, 10, 5, 0, 0, 5, 0, 20, 30, 0, 100, 0, 0, 'Ein Hase !', 'angreifbar'),
	(24, 88, 4, 'Löwe', 'Katzen', 80, 20, 10, 0, 0, 20, 0, 50, 40, 0, 100, 0, 0, 'Ein großer starker Löwe !', 'angreifbar'),
	(25, 96, 3, 'Stockente', 'Vogel', 10, 20, 10, 0, 10, 0, 0, 20, 30, 0, 100, 0, 0, '---ohne---', 'angreifbar'),
	(26, 37, 3, 'Pinguin', 'Vogel', 5, 15, 10, 0, 30, 0, 0, 15, 30, 0, 100, 0, 0, '---ohne---', 'angreifbar'),
	(27, 241, 3, 'Katzenfisch', 'Fisch', 5, 10, 5, 0, 10, 0, 0, 20, 10, 0, 100, 0, 0, '---ohne---', 'angreifbar'),
	(28, 43, 5, 'Ara', 'Vogel', 10, 40, 10, 0, 0, 0, 20, 30, 20, 0, 100, 0, 0, '---ohne---', 'angreifbar'),
	(29, 86, 4, 'Kürbis', 'Gemüse', 2, 0, 5, 0, 0, 2, 0, 2, 0, 0, 100, 0, 0, '---ohne---', 'sammelbar'),
	(30, 94, 2, 'Skorpion', 'Insekten', 10, 5, 0, 20, 0, 0, 0, 20, 10, 0, 100, 0, 0, 'Vorsicht Stachel !', 'angreifbar'),
	(31, 78, 4, 'Sonnenblume', 'Pflanzen', 0, 0, 10, 0, 0, 10, 0, 2, 10, 0, 100, 0, 0, '---ohne---', 'sammelbar'),
	(32, 40, 1, 'Hibiskus', 'Pflanze', 0, 0, 0, 0, 0, 10, 0, 10, 10, 0, 100, 0, 0, 'Irgendeine Pflanze mit schönen roten Blüten, wenn sie denn mal blühen !', 'sammelbar'),
	(33, 93, 4, 'Schwein', 'Allesfresser', 5, 10, 0, 0, 0, 1, 0, 20, 10, 0, 100, 0, 0, 'Eine Steckdose auf 4 Beinen.', 'angreifbar'),
	(34, 39, 4, 'Osterhase', 'Pflanzenfresser', 2, 10, 10, 1, 1, 1, 1, 10, 30, 0, 100, 0, 0, 'Wird häufig mit einem Korb voller Eier gesichtet.', 'angreifbar'),
	(35, 245, 4, 'Gorilla', 'Pflanzenfresser', 50, 20, 0, 0, 0, 10, 0, 30, 10, 0, 100, 0, 0, 'So selten wie ein Bigfoot. ', 'angreifbar'),
	(36, 41, 3, 'Alligator', 'Fleischfresser', 30, 0, 0, 0, 10, 0, 0, 30, 10, 1, 80, 30, 10, 'Tick Tack ! Ein Maul voller Zähne bedroht dich, zum Glück ohne viel Grips dahinter.', 'angreifbar'),
	(37, 97, 3, 'Tapir', 'Pflanzenfresser', 10, 5, 0, 0, 5, 5, 0, 20, 10, 0, 100, 0, 0, 'Ein sehr seltenes Rüsseltier.', 'angreifbar'),
	(40, 262, 3, 'Delphin', 'Fleischfresser', 20, 40, 0, 0, 20, 0, 0, 20, 50, 0, 100, 0, 0, 'Ein sehr intelligenter Meeresbewohner.', 'angreifbar'),
	(41, 261, 3, 'Buckelwal', 'Fleischfresser', 100, 20, 0, 0, 30, 0, 0, 50, 20, 0, 100, 0, 0, 'Eine Riese des Eismeeres.', 'angreifbar'),
	(42, 265, 5, 'Koala', 'Beuteltier', 5, 0, 0, 0, 0, 0, 1, 10, 5, 0, 100, 0, 0, 'Ein plüschiges süßes Tierchen, dass man nicht gerne fressen wöllte.', 'sammelbar');
/*!40000 ALTER TABLE `npc` ENABLE KEYS */;

-- Exportiere Struktur von Tabelle db_dvg.npc_gebiet
DROP TABLE IF EXISTS `npc_gebiet`;
CREATE TABLE IF NOT EXISTS `npc_gebiet` (
  `id` int(10) NOT NULL AUTO_INCREMENT,
  `npc_id` int(10) NOT NULL,
  `gebiet_id` int(10) NOT NULL,
  `wahrscheinlichkeit` double unsigned NOT NULL,
  PRIMARY KEY (`id`),
  KEY `FK_npc_id_npc_gebiet` (`npc_id`),
  KEY `FK_gebiet_id_npc_gebiet` (`gebiet_id`),
  CONSTRAINT `FK_npc_gebiet_gebiet` FOREIGN KEY (`gebiet_id`) REFERENCES `gebiet` (`id`) ON DELETE CASCADE,
  CONSTRAINT `FK_npc_gebiet_npc` FOREIGN KEY (`npc_id`) REFERENCES `npc` (`id`) ON DELETE CASCADE
) ENGINE=InnoDB AUTO_INCREMENT=282 DEFAULT CHARSET=utf8 COLLATE=utf8_unicode_ci COMMENT='Zuordnung von NPCs zu den Gebieten mit individueller Wahrscheinlichkeit zum Gebiet';

-- Exportiere Daten aus Tabelle db_dvg.npc_gebiet: ~100 rows (ungefähr)
DELETE FROM `npc_gebiet`;
/*!40000 ALTER TABLE `npc_gebiet` DISABLE KEYS */;
INSERT INTO `npc_gebiet` (`id`, `npc_id`, `gebiet_id`, `wahrscheinlichkeit`) VALUES
	(14, 5, 4, 10),
	(16, 5, 7, 10),
	(18, 5, 9, 10),
	(20, 5, 11, 10),
	(28, 7, 2, 20),
	(29, 7, 4, 50),
	(30, 7, 5, 25),
	(31, 7, 6, 80),
	(32, 7, 8, 35),
	(33, 7, 9, 80),
	(34, 8, 5, 100),
	(43, 10, 3, 30),
	(44, 11, 4, 50),
	(78, 12, 4, 10),
	(79, 12, 3, 10),
	(80, 12, 5, 10),
	(81, 12, 6, 10),
	(82, 12, 8, 10),
	(83, 12, 10, 10),
	(84, 12, 11, 10),
	(85, 12, 2, 10),
	(86, 12, 1, 10),
	(87, 12, 9, 10),
	(88, 12, 7, 10),
	(100, 14, 4, 10),
	(101, 14, 3, 10),
	(102, 14, 5, 10),
	(103, 14, 6, 10),
	(104, 14, 8, 10),
	(105, 14, 10, 10),
	(106, 14, 11, 10),
	(107, 14, 1, 10),
	(108, 14, 2, 10),
	(109, 14, 9, 10),
	(110, 14, 7, 10),
	(116, 21, 2, 30),
	(117, 21, 7, 10),
	(143, 30, 7, 20),
	(144, 30, 10, 30),
	(155, 31, 9, 10),
	(156, 31, 4, 5),
	(158, 32, 9, 50),
	(159, 32, 4, 30),
	(174, 26, 3, 20),
	(178, 2, 1, 50),
	(179, 2, 2, 50),
	(180, 2, 3, 50),
	(181, 2, 4, 50),
	(182, 2, 6, 50),
	(183, 2, 7, 50),
	(184, 2, 8, 50),
	(185, 2, 9, 50),
	(186, 2, 10, 50),
	(187, 2, 11, 50),
	(191, 23, 9, 60),
	(192, 28, 4, 30),
	(193, 28, 10, 10),
	(198, 24, 11, 20),
	(199, 24, 4, 10),
	(200, 24, 7, 5),
	(201, 24, 9, 5),
	(206, 33, 9, 20),
	(207, 33, 4, 5),
	(208, 35, 9, 10),
	(209, 35, 4, 5),
	(214, 37, 4, 5),
	(215, 37, 9, 1),
	(216, 37, 1, 10),
	(227, 25, 4, 5),
	(228, 25, 9, 10),
	(229, 40, 3, 20),
	(230, 41, 3, 10),
	(242, 6, 1, 30),
	(243, 6, 4, 30),
	(244, 6, 5, 30),
	(245, 6, 8, 10),
	(246, 6, 9, 70),
	(247, 6, 10, 1),
	(248, 6, 11, 5),
	(249, 1, 5, 100),
	(250, 42, 4, 10),
	(251, 42, 9, 5),
	(252, 29, 9, 5),
	(253, 29, 9, 5),
	(254, 29, 4, 1),
	(255, 29, 5, 1),
	(264, 36, 4, 10),
	(265, 36, 1, 20),
	(266, 36, 9, 1),
	(267, 36, 10, 20),
	(268, 27, 10, 10),
	(269, 27, 3, 30),
	(270, 27, 1, 50),
	(271, 27, 4, 10),
	(272, 22, 11, 50),
	(273, 22, 9, 5),
	(278, 4, 4, 40),
	(279, 4, 7, 40),
	(280, 4, 9, 100),
	(281, 4, 11, 40);
/*!40000 ALTER TABLE `npc_gebiet` ENABLE KEYS */;

-- Exportiere Struktur von Tabelle db_dvg.npc_items
DROP TABLE IF EXISTS `npc_items`;
CREATE TABLE IF NOT EXISTS `npc_items` (
  `id` int(10) NOT NULL AUTO_INCREMENT,
  `npc_id` int(10) NOT NULL,
  `items_id` int(10) NOT NULL,
  `wahrscheinlichkeit` double unsigned NOT NULL,
  `anzahl_min` int(10) unsigned NOT NULL,
  `anzahl_max` int(10) unsigned NOT NULL,
  PRIMARY KEY (`id`),
  KEY `FK_items_id_npc_items` (`items_id`),
  KEY `FK_npc_id_npc_items` (`npc_id`),
  CONSTRAINT `FK_npc_items_items` FOREIGN KEY (`items_id`) REFERENCES `items` (`id`) ON DELETE CASCADE,
  CONSTRAINT `FK_npc_items_npc` FOREIGN KEY (`npc_id`) REFERENCES `npc` (`id`) ON DELETE CASCADE
) ENGINE=InnoDB AUTO_INCREMENT=120 DEFAULT CHARSET=utf8 COLLATE=utf8_unicode_ci COMMENT='Zuordnung von Items, die ein NPC erzeugen kann (durch töten, ernten, ansprechen, u.ä.)';

-- Exportiere Daten aus Tabelle db_dvg.npc_items: ~51 rows (ungefähr)
DELETE FROM `npc_items`;
/*!40000 ALTER TABLE `npc_items` DISABLE KEYS */;
INSERT INTO `npc_items` (`id`, `npc_id`, `items_id`, `wahrscheinlichkeit`, `anzahl_min`, `anzahl_max`) VALUES
	(3, 7, 5, 100, 1, 1),
	(4, 8, 3, 50, 1, 1),
	(5, 5, 8, 75, 1, 2),
	(6, 5, 4, 10, 1, 1),
	(14, 10, 7, 10, 0, 1),
	(15, 11, 2, 10, 0, 3),
	(28, 12, 10, 10, 1, 1),
	(29, 12, 12, 10, 1, 1),
	(30, 12, 13, 10, 1, 1),
	(31, 12, 14, 10, 1, 1),
	(32, 12, 15, 10, 1, 1),
	(33, 12, 11, 5, 1, 1),
	(40, 14, 10, 10, 1, 1),
	(41, 14, 12, 10, 1, 1),
	(42, 14, 13, 10, 1, 1),
	(43, 14, 14, 10, 1, 1),
	(44, 14, 15, 10, 1, 1),
	(45, 14, 11, 5, 1, 1),
	(50, 21, 6, 10, 1, 1),
	(51, 21, 8, 5, 1, 1),
	(70, 26, 18, 20, 1, 2),
	(73, 2, 1, 45, 1, 1),
	(74, 2, 7, 10, 1, 1),
	(75, 2, 8, 50, 1, 1),
	(76, 2, 18, 5, 1, 1),
	(79, 23, 8, 20, 1, 2),
	(80, 23, 18, 30, 1, 1),
	(81, 28, 18, 10, 1, 1),
	(86, 24, 6, 5, 1, 1),
	(87, 24, 7, 10, 1, 1),
	(88, 24, 8, 10, 1, 1),
	(89, 24, 1, 10, 1, 1),
	(90, 33, 18, 10, 0, 1),
	(91, 35, 1, 50, 0, 1),
	(93, 37, 18, 50, 0, 1),
	(96, 25, 18, 10, 1, 1),
	(97, 25, 8, 10, 1, 1),
	(98, 40, 18, 50, 0, 1),
	(99, 41, 18, 100, 0, 5),
	(103, 6, 1, 100, 1, 3),
	(104, 6, 2, 25, 1, 1),
	(105, 42, 22, 100, 1, 1),
	(106, 29, 19, 100, 1, 1),
	(109, 36, 8, 50, 0, 2),
	(110, 27, 18, 10, 1, 1),
	(111, 27, 21, 100, 1, 1),
	(112, 22, 8, 10, 1, 2),
	(113, 22, 18, 10, 1, 1),
	(117, 4, 8, 85, 2, 3),
	(118, 4, 4, 75, 1, 1),
	(119, 4, 6, 5, 1, 1);
/*!40000 ALTER TABLE `npc_items` ENABLE KEYS */;

-- Exportiere Struktur von Tabelle db_dvg.quest
DROP TABLE IF EXISTS `quest`;
CREATE TABLE IF NOT EXISTS `quest` (
  `id` int(10) NOT NULL AUTO_INCREMENT,
  `bilder_id` int(10) NOT NULL,
  `titel` varchar(50) COLLATE utf8_unicode_ci NOT NULL,
  `titel_erweitert` varchar(100) COLLATE utf8_unicode_ci NOT NULL,
  `voraussetzung_level` int(10) NOT NULL,
  `belohnung` int(10) NOT NULL,
  `text_start` text COLLATE utf8_unicode_ci NOT NULL,
  `text_mitte` text COLLATE utf8_unicode_ci NOT NULL,
  `text_sieg` text COLLATE utf8_unicode_ci NOT NULL,
  `text_niederlage` text COLLATE utf8_unicode_ci NOT NULL,
  PRIMARY KEY (`id`),
  KEY `FK_bilder_id_quest` (`bilder_id`),
  CONSTRAINT `FK_quest_bilder` FOREIGN KEY (`bilder_id`) REFERENCES `bilder` (`id`)
) ENGINE=InnoDB AUTO_INCREMENT=2 DEFAULT CHARSET=utf8 COLLATE=utf8_unicode_ci COMMENT='Quests';

-- Exportiere Daten aus Tabelle db_dvg.quest: ~0 rows (ungefähr)
DELETE FROM `quest`;
/*!40000 ALTER TABLE `quest` DISABLE KEYS */;
INSERT INTO `quest` (`id`, `bilder_id`, `titel`, `titel_erweitert`, `voraussetzung_level`, `belohnung`, `text_start`, `text_mitte`, `text_sieg`, `text_niederlage`) VALUES
	(1, 1, 'Mein erstes Abenteuer', '', 1, 10, 'Los geht\'s. Das erste Abenteuer wartet auf euch.', 'Das Leben leben, die Welt erkunden. So ist das Leben eines Abenteurers.', 'Kopfstand, Rückwärtssalto, Feuerspucken im freien Fall, 100-zeiligen Zungenbrecher fehlerfrei vortragen, ein Spiel programmieren ... Ihr hättet wirklich eine Herausforderung erwartet und nicht solch Kinderkram.', 'Eine Runde um den Block und schon schleppt ihr euch keuchend und ächzend zum nächsten Heiler? Gaja scheint euch nicht wohlgesonnen zu sein.');
/*!40000 ALTER TABLE `quest` ENABLE KEYS */;

-- Exportiere Struktur von Tabelle db_dvg.quest_spieler
DROP TABLE IF EXISTS `quest_spieler`;
CREATE TABLE IF NOT EXISTS `quest_spieler` (
  `id` int(10) NOT NULL AUTO_INCREMENT,
  `spieler_id` int(10) NOT NULL,
  `quest_id` int(10) NOT NULL,
  `status` enum('gestartet','beendet') COLLATE utf8_unicode_ci NOT NULL DEFAULT 'gestartet',
  `start` timestamp NULL DEFAULT NULL,
  `ende` timestamp NULL DEFAULT NULL,
  PRIMARY KEY (`id`),
  KEY `FK_quest_id_quest_spieler` (`quest_id`),
  KEY `FK_spieler_id_quest_spieler` (`spieler_id`),
  CONSTRAINT `FK_quest_spieler_quest` FOREIGN KEY (`quest_id`) REFERENCES `quest` (`id`) ON DELETE CASCADE,
  CONSTRAINT `FK_quest_spieler_spieler` FOREIGN KEY (`spieler_id`) REFERENCES `spieler` (`id`) ON DELETE CASCADE
) ENGINE=InnoDB DEFAULT CHARSET=utf8 COLLATE=utf8_unicode_ci COMMENT='Zuordnung von Quests zu Spieler zum Speichern des Status einer Quest und bereits abgeschlossener Quests';

-- Exportiere Daten aus Tabelle db_dvg.quest_spieler: ~0 rows (ungefähr)
DELETE FROM `quest_spieler`;
/*!40000 ALTER TABLE `quest_spieler` DISABLE KEYS */;
/*!40000 ALTER TABLE `quest_spieler` ENABLE KEYS */;

-- Exportiere Struktur von Tabelle db_dvg.spieler
DROP TABLE IF EXISTS `spieler`;
CREATE TABLE IF NOT EXISTS `spieler` (
  `id` int(10) NOT NULL AUTO_INCREMENT,
  `account_id` int(10) NOT NULL,
  `bilder_id` int(10) NOT NULL,
  `gattung_id` int(10) NOT NULL,
  `level_id` int(10) NOT NULL,
  `gebiet_id` int(10) NOT NULL,
  `name` varchar(24) COLLATE utf8_unicode_ci NOT NULL,
  `geschlecht` varchar(1) COLLATE utf8_unicode_ci NOT NULL,
  `staerke` float NOT NULL COMMENT 'Stärke',
  `intelligenz` float NOT NULL COMMENT 'Intelligenz',
  `magie` float NOT NULL COMMENT 'Magie',
  `element_feuer` float NOT NULL,
  `element_wasser` float NOT NULL,
  `element_erde` float NOT NULL,
  `element_luft` float NOT NULL,
  `gesundheit` int(10) NOT NULL,
  `max_gesundheit` int(10) NOT NULL,
  `energie` int(10) NOT NULL,
  `max_energie` int(10) NOT NULL,
  `zauberpunkte` int(10) NOT NULL,
  `max_zauberpunkte` int(10) NOT NULL,
  `balance` float NOT NULL,
  `initiative` float NOT NULL,
  `abwehr` float NOT NULL,
  `ausweichen` float NOT NULL,
  `zuletzt_gespielt` timestamp NOT NULL DEFAULT CURRENT_TIMESTAMP ON UPDATE CURRENT_TIMESTAMP,
  PRIMARY KEY (`id`),
  KEY `FK_account_id_spieler` (`account_id`),
  KEY `FK_bilder_id_spieler` (`bilder_id`),
  KEY `FK_gattung_id_spieler` (`gattung_id`),
  KEY `FK_level_id_spieler` (`level_id`),
  KEY `FK_gebiet_id_spieler` (`gebiet_id`),
  CONSTRAINT `FK_spieler_account` FOREIGN KEY (`account_id`) REFERENCES `account` (`id`) ON DELETE CASCADE,
  CONSTRAINT `FK_spieler_bilder` FOREIGN KEY (`bilder_id`) REFERENCES `bilder` (`id`),
  CONSTRAINT `FK_spieler_gattung` FOREIGN KEY (`gattung_id`) REFERENCES `gattung` (`id`),
  CONSTRAINT `FK_spieler_gebiet` FOREIGN KEY (`gebiet_id`) REFERENCES `gebiet` (`id`),
  CONSTRAINT `FK_spieler_level` FOREIGN KEY (`level_id`) REFERENCES `level` (`id`)
) ENGINE=InnoDB AUTO_INCREMENT=46 DEFAULT CHARSET=utf8 COLLATE=utf8_unicode_ci COMMENT='Spieler mit Zuordnung zu den jeweiligen Accounts';

-- Exportiere Daten aus Tabelle db_dvg.spieler: ~16 rows (ungefähr)
DELETE FROM `spieler`;
/*!40000 ALTER TABLE `spieler` DISABLE KEYS */;
INSERT INTO `spieler` (`id`, `account_id`, `bilder_id`, `gattung_id`, `level_id`, `gebiet_id`, `name`, `geschlecht`, `staerke`, `intelligenz`, `magie`, `element_feuer`, `element_wasser`, `element_erde`, `element_luft`, `gesundheit`, `max_gesundheit`, `energie`, `max_energie`, `zauberpunkte`, `max_zauberpunkte`, `balance`, `initiative`, `abwehr`, `ausweichen`, `zuletzt_gespielt`) VALUES
	(7, 17, 212, 2, 1, 3, 'Saphira', 'W', 10, 5, 0, 1, 5, 1, 1, 32, 32, 7, 7, 4, 4, 0, 100, 10, 10, '2019-09-09 13:09:21'),
	(8, 17, 210, 1, 1, 7, 'Drako', 'W', 10, 5, 0, 5, 1, 1, 1, 32, 32, 7, 7, 4, 4, 0, 100, 10, 10, '2019-09-09 13:09:21'),
	(9, 17, 211, 4, 1, 5, 'Luftikuss', 'W', 10, 5, 0, 1, 1, 1, 5, 32, 32, 7, 7, 4, 4, 0, 100, 10, 10, '2019-09-09 13:09:22'),
	(10, 31, 209, 3, 1, 6, 'Testdrachin', 'W', 10, 5, 0, 1, 1, 5, 1, 32, 32, 7, 7, 4, 4, 0, 100, 10, 10, '2019-09-09 13:09:22'),
	(11, 32, 209, 3, 1, 4, 'Heino', 'W', 10, 5, 0, 1, 1, 5, 1, 32, 32, 7, 7, 4, 4, 0, 100, 10, 10, '2019-09-09 13:09:22'),
	(12, 36, 210, 1, 1, 2, 'Quiecker', 'W', 10, 5, 0, 5, 1, 1, 1, 32, 32, 7, 7, 4, 4, 0, 100, 10, 10, '2019-09-09 13:09:23'),
	(13, 36, 212, 2, 1, 1, 'Lambadina', 'W', 10, 5, 0, 1, 5, 1, 1, 32, 32, 7, 7, 4, 4, 0, 100, 10, 10, '2019-09-09 13:09:23'),
	(16, 17, 212, 2, 1, 3, 'Blauer Enzian', 'W', 10, 5, 0, 1, 5, 1, 1, 32, 32, 7, 7, 4, 4, 0, 100, 10, 10, '2019-09-09 13:09:23'),
	(17, 17, 210, 1, 1, 7, 'Wüstenfuchs', 'M', 10, 5, 0, 5, 1, 1, 1, 32, 32, 7, 7, 4, 4, 0, 100, 10, 10, '2019-09-09 13:09:24'),
	(18, 17, 211, 4, 1, 8, 'Rosaroter Panter', 'M', 10, 5, 0, 1, 1, 1, 5, 32, 32, 7, 7, 4, 4, 0, 100, 10, 10, '2019-09-09 13:09:26'),
	(19, 11, 233, 3, 7, 9, 'Shizophrenia', 'W', 10, 5, 0, 1, 1, 5, 1, 32, 32, 7, 7, 4, 4, 0, 100, 10, 10, '2019-09-09 13:09:24'),
	(26, 10, 216, 2, 2, 9, 'Rashiel', 'W', 10, 5, 0, 1, 5, 1, 1, 32, 32, 7, 7, 4, 4, 0, 100, 10, 10, '2019-09-09 13:19:29'),
	(32, 10, 211, 4, 1, 4, 'Willy', 'M', 10, 5, 0, 1, 1, 1, 5, 32, 32, 7, 7, 4, 4, 0, 100, 10, 10, '2019-09-09 13:09:25'),
	(39, 10, 211, 4, 1, 6, 'Kristalldrache', 'W', 10, 5, 0, 1, 1, 1, 5, 32, 32, 7, 7, 4, 4, 0, 100, 10, 10, '2019-09-09 13:09:27'),
	(43, 11, 209, 3, 1, 9, 'Hilda', 'W', 10, 5, 0, 1, 1, 5, 1, 32, 32, 7, 7, 4, 4, 0, 100, 10, 10, '2019-09-06 19:17:05'),
	(45, 11, 218, 1, 3, 9, 'Flammi', 'W', 10, 5, 0, 1, 5, 1, 1, 47, 47, 9, 9, 30, 30, 0, 105, 33, 12, '2019-09-17 19:52:26');
/*!40000 ALTER TABLE `spieler` ENABLE KEYS */;

-- Exportiere Struktur von Tabelle db_dvg.zauber
DROP TABLE IF EXISTS `zauber`;
CREATE TABLE IF NOT EXISTS `zauber` (
  `id` int(10) NOT NULL AUTO_INCREMENT,
  `bilder_id` int(10) NOT NULL,
  `zauberart_id` int(10) NOT NULL,
  `titel` varchar(50) COLLATE utf8_unicode_ci NOT NULL,
  `hauptelement_id` int(10) NOT NULL,
  `nebenelement_id` int(10) NOT NULL,
  `feuer` int(10) NOT NULL DEFAULT '0',
  `erde` int(10) NOT NULL DEFAULT '0',
  `luft` int(10) NOT NULL DEFAULT '0',
  `wasser` int(10) NOT NULL DEFAULT '0',
  `verbrauch` int(10) NOT NULL,
  `beschreibung` text COLLATE utf8_unicode_ci NOT NULL,
  PRIMARY KEY (`id`),
  UNIQUE KEY `titel` (`titel`),
  KEY `FK_bilder_id_zauber` (`bilder_id`),
  KEY `FK_zauberart_id_zauber` (`zauberart_id`),
  KEY `FK_nebenelement_id_zauber` (`nebenelement_id`) USING BTREE,
  KEY `FK_hauptelement_id_zauber` (`hauptelement_id`) USING BTREE,
  CONSTRAINT `FK_zauber_bilder` FOREIGN KEY (`bilder_id`) REFERENCES `bilder` (`id`),
  CONSTRAINT `FK_zauber_hauptelement` FOREIGN KEY (`hauptelement_id`) REFERENCES `element` (`id`),
  CONSTRAINT `FK_zauber_nebenelement` FOREIGN KEY (`nebenelement_id`) REFERENCES `element` (`id`),
  CONSTRAINT `FK_zauber_zauberart` FOREIGN KEY (`zauberart_id`) REFERENCES `zauberart` (`id`)
) ENGINE=InnoDB AUTO_INCREMENT=81 DEFAULT CHARSET=utf8 COLLATE=utf8_unicode_ci COMMENT='Zauber die gewirkt werden können (z.B. im Kampf oder beim Erkunden) inklusive ihrer Grundwirkung(en)';

-- Exportiere Daten aus Tabelle db_dvg.zauber: ~75 rows (ungefähr)
DELETE FROM `zauber`;
/*!40000 ALTER TABLE `zauber` DISABLE KEYS */;
INSERT INTO `zauber` (`id`, `bilder_id`, `zauberart_id`, `titel`, `hauptelement_id`, `nebenelement_id`, `feuer`, `erde`, `luft`, `wasser`, `verbrauch`, `beschreibung`) VALUES
	(5, 122, 5, 'Alkohol', 2, 3, 2, 0, 0, 1, 1, ''),
	(6, 147, 1, 'Glut', 2, 3, 3, 0, 0, 1, 2, ''),
	(7, 169, 5, 'Säure', 2, 3, 3, 0, 0, 2, 3, ''),
	(8, 165, 1, 'Ölbrand', 2, 3, 4, 0, 0, 1, 3, ''),
	(9, 144, 5, 'Gift', 2, 3, 4, 0, 0, 2, 4, ''),
	(10, 133, 1, 'Explosion', 2, 3, 4, 0, 0, 3, 5, ''),
	(11, 139, 6, 'Funke', 2, 5, 2, 0, 1, 0, 1, ''),
	(12, 138, 6, 'Flamme', 2, 5, 3, 0, 1, 0, 2, ''),
	(13, 135, 1, 'Feuerball', 2, 5, 3, 0, 2, 0, 3, ''),
	(14, 158, 6, 'Lichtstrahl', 2, 5, 4, 0, 1, 0, 3, ''),
	(15, 125, 1, 'Blitz', 2, 5, 4, 0, 2, 0, 4, ''),
	(16, 137, 1, 'Feuersturm', 2, 5, 4, 0, 3, 0, 5, ''),
	(17, 123, 5, 'Asche', 2, 4, 2, 1, 0, 0, 1, ''),
	(18, 176, 1, 'Schwelbrand', 2, 4, 3, 1, 0, 0, 2, ''),
	(19, 156, 1, 'Lava', 2, 4, 3, 2, 0, 0, 3, ''),
	(20, 145, 5, 'Glas', 2, 4, 4, 1, 0, 0, 3, ''),
	(21, 161, 5, 'Metall', 2, 4, 4, 2, 0, 0, 4, ''),
	(22, 160, 1, 'Magma', 2, 4, 4, 3, 0, 0, 5, ''),
	(23, 152, 5, 'Kohle', 4, 2, 1, 2, 0, 0, 1, ''),
	(24, 132, 5, 'Erdöl', 4, 2, 1, 3, 0, 0, 2, ''),
	(25, 180, 5, 'Ton', 4, 2, 2, 3, 0, 0, 3, ''),
	(26, 151, 5, 'Keramik', 4, 2, 1, 4, 0, 0, 3, ''),
	(27, 155, 5, 'Kristall', 4, 2, 2, 4, 0, 0, 4, ''),
	(28, 129, 1, 'Erdbeben', 4, 2, 3, 4, 0, 0, 5, ''),
	(29, 178, 5, 'Staub', 4, 5, 0, 2, 1, 0, 1, ''),
	(30, 171, 5, 'Sandhöhle', 4, 5, 0, 3, 1, 0, 2, ''),
	(31, 130, 5, 'Erdgas', 4, 5, 0, 3, 2, 0, 3, ''),
	(32, 185, 7, 'Wanderdüne', 4, 5, 0, 4, 1, 0, 3, ''),
	(33, 179, 1, 'Steinschlag', 4, 5, 0, 4, 2, 0, 4, ''),
	(34, 124, 1, 'Asteroid', 4, 5, 0, 4, 3, 0, 5, ''),
	(35, 157, 5, 'Lehm', 4, 3, 0, 2, 0, 1, 1, ''),
	(36, 183, 5, 'Tropfstein', 4, 3, 0, 3, 0, 1, 2, ''),
	(37, 182, 5, 'Treibsand', 4, 3, 0, 3, 0, 2, 3, ''),
	(38, 172, 5, 'Sandstein', 4, 3, 0, 4, 0, 1, 3, ''),
	(39, 154, 5, 'Kreide', 4, 3, 0, 4, 0, 2, 4, ''),
	(40, 141, 1, 'Gerölllawine', 4, 3, 0, 4, 0, 3, 5, ''),
	(41, 127, 7, 'Donner', 5, 4, 0, 1, 2, 0, 1, ''),
	(42, 153, 1, 'Korrosion', 5, 4, 0, 1, 3, 0, 2, ''),
	(43, 177, 6, 'Smog', 5, 4, 0, 2, 3, 0, 3, ''),
	(44, 191, 7, 'Windstoß', 5, 4, 0, 1, 4, 0, 3, ''),
	(45, 131, 6, 'Erdloch', 5, 4, 0, 2, 4, 0, 4, ''),
	(46, 173, 7, 'Sandsturm', 5, 4, 0, 3, 4, 0, 5, ''),
	(47, 148, 2, 'Feuerhauch', 5, 2, 1, 0, 2, 0, 1, ''),
	(48, 134, 2, 'Feueratem', 5, 2, 1, 0, 3, 0, 2, ''),
	(49, 159, 6, 'Lichtwelle', 5, 2, 2, 0, 3, 0, 3, ''),
	(50, 140, 1, 'Funkenflug', 5, 2, 1, 0, 4, 0, 3, ''),
	(51, 193, 6, 'Wüstenwind', 5, 2, 2, 0, 4, 0, 4, ''),
	(52, 136, 1, 'Feuerschneise', 5, 2, 3, 0, 4, 0, 5, ''),
	(53, 126, 7, 'Böe', 5, 3, 0, 0, 2, 1, 1, ''),
	(54, 190, 7, 'Windhose', 5, 3, 0, 0, 3, 1, 2, ''),
	(55, 142, 7, 'Gewitter', 5, 3, 0, 0, 3, 2, 3, ''),
	(56, 181, 1, 'Tornado', 5, 3, 0, 0, 4, 1, 3, ''),
	(57, 166, 1, 'Orkan', 5, 3, 0, 0, 4, 2, 4, ''),
	(58, 128, 1, 'Eissturm', 5, 3, 0, 0, 4, 3, 5, ''),
	(59, 174, 5, 'Schlamm', 3, 4, 0, 1, 0, 2, 1, ''),
	(60, 170, 5, 'Salzwasser', 3, 4, 0, 1, 0, 3, 2, ''),
	(61, 146, 5, 'Gletscher', 3, 4, 0, 2, 0, 3, 3, ''),
	(62, 184, 1, 'Tsunami', 3, 4, 0, 1, 0, 4, 3, ''),
	(63, 187, 2, 'Wasserfall', 3, 5, 0, 0, 2, 3, 3, ''),
	(64, 163, 1, 'Muräne', 3, 4, 0, 3, 0, 4, 5, ''),
	(65, 168, 2, 'Regenschauer', 3, 5, 0, 0, 1, 2, 1, ''),
	(66, 188, 1, 'Wasserstrahl', 3, 5, 0, 0, 1, 3, 2, ''),
	(67, 189, 7, 'Wasserwelle', 3, 4, 0, 2, 0, 4, 4, ''),
	(68, 162, 1, 'Monsun', 3, 5, 0, 0, 1, 4, 3, ''),
	(69, 150, 1, 'Hurrikan', 3, 5, 0, 0, 2, 4, 4, ''),
	(70, 175, 6, 'Schneesturm', 3, 5, 0, 0, 3, 4, 5, ''),
	(71, 186, 6, 'Wasserdampf', 3, 2, 1, 0, 0, 2, 1, ''),
	(72, 164, 6, 'Nebel', 3, 2, 1, 0, 0, 3, 2, ''),
	(73, 167, 6, 'Regenbogen', 3, 2, 2, 0, 0, 3, 3, ''),
	(74, 192, 5, 'Wolke', 3, 2, 1, 0, 0, 4, 3, ''),
	(75, 149, 2, 'Heiße Quelle', 3, 2, 2, 0, 0, 4, 4, ''),
	(76, 143, 1, 'Geysir', 3, 2, 3, 0, 0, 4, 5, ''),
	(77, 275, 1, 'Biss', 1, 1, 0, 0, 0, 0, 0, 'Standardangriff'),
	(79, 276, 1, 'Schlag', 1, 1, 0, 0, 0, 0, 0, 'Standardangriff'),
	(80, 277, 1, 'Stich', 1, 1, 0, 0, 0, 0, 0, 'Standardangriff');
/*!40000 ALTER TABLE `zauber` ENABLE KEYS */;

-- Exportiere Struktur von Tabelle db_dvg.zauberart
DROP TABLE IF EXISTS `zauberart`;
CREATE TABLE IF NOT EXISTS `zauberart` (
  `id` int(10) NOT NULL AUTO_INCREMENT,
  `titel` varchar(50) COLLATE utf8_unicode_ci NOT NULL,
  `modifikator` float NOT NULL,
  `beschreibung` text COLLATE utf8_unicode_ci NOT NULL,
  PRIMARY KEY (`id`)
) ENGINE=InnoDB AUTO_INCREMENT=8 DEFAULT CHARSET=utf8 COLLATE=utf8_unicode_ci COMMENT='Details zu Zaubern um verschiedenste Wirkungen abbilden zu können.';

-- Exportiere Daten aus Tabelle db_dvg.zauberart: ~5 rows (ungefähr)
DELETE FROM `zauberart`;
/*!40000 ALTER TABLE `zauberart` DISABLE KEYS */;
INSERT INTO `zauberart` (`id`, `titel`, `modifikator`, `beschreibung`) VALUES
	(1, 'Schaden', 0, ''),
	(2, 'Heilung', 0, ''),
	(5, 'Materieformung', 0, ''),
	(6, 'Sicht', 0, ''),
	(7, 'Verjagen', 0, '');
/*!40000 ALTER TABLE `zauberart` ENABLE KEYS */;

-- Exportiere Struktur von Tabelle db_dvg.zauber_effekt
DROP TABLE IF EXISTS `zauber_effekt`;
CREATE TABLE IF NOT EXISTS `zauber_effekt` (
  `id` int(10) NOT NULL AUTO_INCREMENT,
  `zauber_id` int(10) NOT NULL,
  `art` enum('angriff','verteidigung') COLLATE utf8_unicode_ci NOT NULL DEFAULT 'angriff',
  `attribut` enum('gesundheit','zauberpunkte','staerke','intelligenz','magie','element_feuer','element_wasser','element_erde','element_luft','timer','initiative','abwehr','ausweichen') COLLATE utf8_unicode_ci NOT NULL DEFAULT 'gesundheit',
  `wert` float NOT NULL DEFAULT '0',
  `runden` int(10) NOT NULL DEFAULT '1',
  `jede_runde` tinyint(1) NOT NULL DEFAULT '1',
  PRIMARY KEY (`id`),
  KEY `zauber_id` (`zauber_id`),
  CONSTRAINT `FK__zauber` FOREIGN KEY (`zauber_id`) REFERENCES `zauber` (`id`)
) ENGINE=InnoDB AUTO_INCREMENT=12 DEFAULT CHARSET=utf8 COLLATE=utf8_unicode_ci COMMENT='Spezifiziert die Grundwirkung von Zaubern. Es können auch mehrere Attribute geändert werden -> zusätzlicher Datensatz für Zauber';

-- Exportiere Daten aus Tabelle db_dvg.zauber_effekt: ~11 rows (ungefähr)
DELETE FROM `zauber_effekt`;
/*!40000 ALTER TABLE `zauber_effekt` DISABLE KEYS */;
INSERT INTO `zauber_effekt` (`id`, `zauber_id`, `art`, `attribut`, `wert`, `runden`, `jede_runde`) VALUES
	(1, 77, 'angriff', 'gesundheit', -5, 1, 1),
	(2, 19, 'angriff', 'gesundheit', -9, 2, 1),
	(3, 16, 'angriff', 'gesundheit', -5, 1, 1),
	(4, 16, 'angriff', 'initiative', -5, 2, 0),
	(5, 75, 'verteidigung', 'gesundheit', 7, 2, 1),
	(6, 75, 'verteidigung', 'initiative', 5, 2, 1),
	(7, 29, 'verteidigung', 'ausweichen', 20, 3, 0),
	(8, 29, 'verteidigung', 'gesundheit', -1, 3, 1),
	(9, 16, 'angriff', 'element_feuer', -10, 3, 0),
	(10, 79, 'angriff', 'gesundheit', 4, 1, 1),
	(11, 80, 'angriff', 'gesundheit', 3, 2, 1);
/*!40000 ALTER TABLE `zauber_effekt` ENABLE KEYS */;

-- Exportiere Struktur von Tabelle db_dvg.zauber_npc
DROP TABLE IF EXISTS `zauber_npc`;
CREATE TABLE IF NOT EXISTS `zauber_npc` (
  `id` int(10) NOT NULL AUTO_INCREMENT,
  `npc_id` int(10) NOT NULL,
  `zauber_id` int(10) NOT NULL,
  PRIMARY KEY (`id`),
  KEY `npc_id` (`npc_id`),
  KEY `zauber_id` (`zauber_id`),
  CONSTRAINT `FK_zauber_npc_npc` FOREIGN KEY (`npc_id`) REFERENCES `npc` (`id`),
  CONSTRAINT `FK_zauber_npc_zauber` FOREIGN KEY (`zauber_id`) REFERENCES `zauber` (`id`) ON DELETE CASCADE
) ENGINE=InnoDB AUTO_INCREMENT=12 DEFAULT CHARSET=utf8 COLLATE=utf8_unicode_ci ROW_FORMAT=COMPACT COMMENT='Zuordnung Zauber zu Spieler';

-- Exportiere Daten aus Tabelle db_dvg.zauber_npc: ~3 rows (ungefähr)
DELETE FROM `zauber_npc`;
/*!40000 ALTER TABLE `zauber_npc` DISABLE KEYS */;
INSERT INTO `zauber_npc` (`id`, `npc_id`, `zauber_id`) VALUES
	(9, 4, 77),
	(10, 4, 29),
	(11, 2, 77);
/*!40000 ALTER TABLE `zauber_npc` ENABLE KEYS */;

-- Exportiere Struktur von Tabelle db_dvg.zauber_spieler
DROP TABLE IF EXISTS `zauber_spieler`;
CREATE TABLE IF NOT EXISTS `zauber_spieler` (
  `id` int(10) NOT NULL AUTO_INCREMENT,
  `spieler_id` int(10) NOT NULL,
  `zauber_id` int(10) NOT NULL,
  PRIMARY KEY (`id`),
  KEY `FK_spieler_id_zauber_spieler` (`spieler_id`),
  KEY `FK_zauber_id_zauber_spieler` (`zauber_id`),
  CONSTRAINT `FK_zauber_spieler_spieler` FOREIGN KEY (`spieler_id`) REFERENCES `spieler` (`id`) ON DELETE CASCADE,
  CONSTRAINT `FK_zauber_spieler_zauber` FOREIGN KEY (`zauber_id`) REFERENCES `zauber` (`id`) ON DELETE CASCADE
) ENGINE=InnoDB AUTO_INCREMENT=22 DEFAULT CHARSET=utf8 COLLATE=utf8_unicode_ci ROW_FORMAT=COMPACT COMMENT='Zuordnung Zauber zu Spieler';

-- Exportiere Daten aus Tabelle db_dvg.zauber_spieler: ~7 rows (ungefähr)
DELETE FROM `zauber_spieler`;
/*!40000 ALTER TABLE `zauber_spieler` DISABLE KEYS */;
INSERT INTO `zauber_spieler` (`id`, `spieler_id`, `zauber_id`) VALUES
	(2, 26, 68),
	(3, 26, 5),
	(4, 26, 67),
	(5, 45, 75),
	(6, 45, 77),
	(7, 45, 16),
	(8, 45, 19);
/*!40000 ALTER TABLE `zauber_spieler` ENABLE KEYS */;

/*!40101 SET SQL_MODE=IFNULL(@OLD_SQL_MODE, '') */;
/*!40014 SET FOREIGN_KEY_CHECKS=IF(@OLD_FOREIGN_KEY_CHECKS IS NULL, 1, @OLD_FOREIGN_KEY_CHECKS) */;
/*!40101 SET CHARACTER_SET_CLIENT=@OLD_CHARACTER_SET_CLIENT */;
