-- --------------------------------------------------------
-- Host:                         127.0.0.1
-- Server Version:               10.1.13-MariaDB - mariadb.org binary distribution
-- Server Betriebssystem:        Win32
-- HeidiSQL Version:             10.1.0.5464
-- --------------------------------------------------------

/*!40101 SET @OLD_CHARACTER_SET_CLIENT=@@CHARACTER_SET_CLIENT */;
/*!40101 SET NAMES utf8 */;
/*!50503 SET NAMES utf8mb4 */;
/*!40014 SET @OLD_FOREIGN_KEY_CHECKS=@@FOREIGN_KEY_CHECKS, FOREIGN_KEY_CHECKS=0 */;
/*!40101 SET @OLD_SQL_MODE=@@SQL_MODE, SQL_MODE='NO_AUTO_VALUE_ON_ZERO' */;


-- Exportiere Datenbank Struktur für db_dvg
DROP DATABASE IF EXISTS `db_dvg`;
CREATE DATABASE IF NOT EXISTS `db_dvg` /*!40100 DEFAULT CHARACTER SET utf8 COLLATE utf8_unicode_ci */;
USE `db_dvg`;

-- Exportiere Struktur von Tabelle db_dvg.account
DROP TABLE IF EXISTS `account`;
CREATE TABLE IF NOT EXISTS `account` (
  `id` int(10) NOT NULL AUTO_INCREMENT,
  `login` varchar(50) COLLATE utf8_unicode_ci NOT NULL,
  `passwort` varchar(50) COLLATE utf8_unicode_ci NOT NULL,
  `email` varchar(100) COLLATE utf8_unicode_ci NOT NULL,
  `aktiv` tinyint(1) NOT NULL,
  `Rolle` varchar(25) COLLATE utf8_unicode_ci NOT NULL,
  `letzter_login` timestamp NOT NULL DEFAULT CURRENT_TIMESTAMP ON UPDATE CURRENT_TIMESTAMP,
  PRIMARY KEY (`id`),
  UNIQUE KEY `login` (`login`),
  UNIQUE KEY `email` (`email`)
) ENGINE=InnoDB AUTO_INCREMENT=37 DEFAULT CHARSET=utf8 COLLATE=utf8_unicode_ci COMMENT='Logindaten für Nutzer';

-- Exportiere Daten aus Tabelle db_dvg.account: ~14 rows (ungefähr)
DELETE FROM `account`;
/*!40000 ALTER TABLE `account` DISABLE KEYS */;
INSERT INTO `account` (`id`, `login`, `passwort`, `email`, `aktiv`, `Rolle`, `letzter_login`) VALUES
	(10, 'Tina', 'Tina', 'eisdrache@gmx.de', 1, 'Admin', '2016-07-13 20:20:18'),
	(11, 'hendrik', 'feuerdrache', 'feuerdrache@gmx.de', 1, 'Admin', '2016-07-13 23:06:28'),
	(12, 'mustafa', 'kyrillisch', 'afatsum@mustafa.ru', 1, 'Spieler', '2016-07-13 20:02:18'),
	(13, 'balduin', 'xyzzyx', 'balduin@gmail.com', 1, 'Spieler', '2016-07-13 20:00:13'),
	(14, 'klaus_trophobie', 'zuckerwatte', 'register@klaustrophobie.de', 1, 'Spieler', '2016-07-13 20:00:13'),
	(15, 'Apfel', 'Achorle', 'Apfel.Schorle@Saft.com', 1, 'Spieler', '2016-07-13 20:20:23'),
	(16, 'hugo', '123456', 'hugo@gmx.de', 1, 'Spieler', '2016-07-13 20:03:06'),
	(17, 'erwin', 'erwin', 'erwin@gmx.de', 1, 'Spieler', '2016-07-13 20:21:11'),
	(31, 'tester', 'tester', 'tester@gmx.de', 1, 'Spieler', '2016-07-13 22:19:48'),
	(32, 'test', 'test', 'test@gmx.de', 1, 'Spieler', '2016-07-13 22:41:09'),
	(33, 'zonk', 'zonk', 'zonk@zonk.de', 1, 'Spieler', '2016-07-22 21:03:10'),
	(34, 'zonk1', 'zonk1', 'zonk1@zonk1.de', 1, 'Spieler', '2016-07-22 21:09:54'),
	(35, 'zonk2', 'zonk2', 'zonk2@zonk2.de', 1, 'Spieler', '2016-07-22 21:10:26'),
	(36, 'zonk3', 'zonk3', 'zonk3@zonk3.de', 1, 'Spieler', '2016-07-22 21:17:33');
/*!40000 ALTER TABLE `account` ENABLE KEYS */;

-- Exportiere Struktur von Tabelle db_dvg.aktion
DROP TABLE IF EXISTS `aktion`;
CREATE TABLE IF NOT EXISTS `aktion` (
  `id` int(10) NOT NULL AUTO_INCREMENT,
  `titel` varchar(50) COLLATE utf8_unicode_ci NOT NULL,
  `text` varchar(100) COLLATE utf8_unicode_ci NOT NULL,
  `beschreibung` text COLLATE utf8_unicode_ci NOT NULL,
  `art` enum('kurz','normal','lang') COLLATE utf8_unicode_ci NOT NULL DEFAULT 'normal',
  `dauer` time NOT NULL,
  `statusbild` enum('laufend','kaempfend','wartend','') COLLATE utf8_unicode_ci NOT NULL,
  `energiebedarf` int(10) NOT NULL DEFAULT '0',
  PRIMARY KEY (`id`)
) ENGINE=InnoDB AUTO_INCREMENT=13 DEFAULT CHARSET=utf8 COLLATE=utf8_unicode_ci COMMENT='Aktionen die ausgeführt werden können';

-- Exportiere Daten aus Tabelle db_dvg.aktion: ~10 rows (ungefähr)
DELETE FROM `aktion`;
/*!40000 ALTER TABLE `aktion` DISABLE KEYS */;
INSERT INTO `aktion` (`id`, `titel`, `text`, `beschreibung`, `art`, `dauer`, `statusbild`, `energiebedarf`) VALUES
	(1, 'erkunden_normal', 'Gegend erkunden', 'Du läufst zielstrebig im Kreis und hoffst mit etwas Glück, auf einen tollen Fund zu stoßen.', 'normal', '00:01:00', 'laufend', 2),
	(2, 'erkunden_kurz', 'Gegend erkunden', 'Du schaust vor deine Füße und hoffst ,etwas zu entdecken, was deine Aufmerksamkeit wert ist.', 'kurz', '00:00:05', 'laufend', 1),
	(5, 'erkunden_lang', 'Gegend erkunden', 'Du drehst und wendest stundelang jeden Stein, der dir über den Weg hüpft, in der Hoffnung endlichen den großen Schatz zu finden.', 'lang', '00:05:00', 'laufend', 3),
	(6, 'jagen_normal', 'Jagen', 'Das böse Tierchen wird in dir seinen Meister finden und dir alle seine Schätze offenbaren.\r\nOder es läuft anders herum!', 'normal', '00:00:05', 'kaempfend', 1),
	(7, 'sammeln_normal', 'Sammeln', 'Du fällst schreiend über die Pflanze her und stellst erschrocken fest, dass es sich doch nur um eine normale Pflanze handelt, die ohnehin nicht wegrennen geschweige denn um sich schlagen kann.', 'normal', '00:00:05', 'kaempfend', 1),
	(8, 'reden', 'Reden', 'Du versucht dein Gegenüber anzusprechen.', 'normal', '00:00:01', 'wartend', 0),
	(9, 'fliegen', 'Fliegen', 'Du fliegst von Punkt A zu Punkt B. Das könnte ein bis drei Weilchen dauern.', 'normal', '00:01:00', 'laufend', 10),
	(10, 'laufen', 'Laufen', 'Du läufst von Punkt A zu Punkt B. Das könnte zwei Weilchen dauern.', 'normal', '00:00:10', 'laufend', 2),
	(11, 'kampf', 'Kampf', 'Ihr befindet euch im Kampf.', 'normal', '00:00:00', 'kaempfend', 0),
	(12, 'ausruhen_normal', 'Ausruhen', 'Du rollst dich zusammen, machst ein Nickerchen und erholst dich dabei von den ganzen Strapazen.', 'normal', '00:00:03', 'wartend', 0);
/*!40000 ALTER TABLE `aktion` ENABLE KEYS */;

-- Exportiere Struktur von Tabelle db_dvg.aktion_spieler
DROP TABLE IF EXISTS `aktion_spieler`;
CREATE TABLE IF NOT EXISTS `aktion_spieler` (
  `id` int(10) NOT NULL AUTO_INCREMENT,
  `spieler_id` int(10) NOT NULL,
  `aktion_id` int(10) NOT NULL,
  `start` timestamp NOT NULL DEFAULT '0000-00-00 00:00:00',
  `ende` timestamp NOT NULL DEFAULT '0000-00-00 00:00:00',
  `status` enum('gestartet','beendet','abgeschlossen','') COLLATE utf8_unicode_ci NOT NULL,
  `any_id_1` int(10) NOT NULL,
  `any_id_2` int(10) NOT NULL,
  PRIMARY KEY (`id`),
  KEY `FK_spieler_id_aktion_spieler` (`spieler_id`),
  KEY `FK_aktion_id_aktion_spieler` (`aktion_id`),
  CONSTRAINT `FK_aktion_spieler_aktion` FOREIGN KEY (`aktion_id`) REFERENCES `aktion` (`id`) ON DELETE CASCADE,
  CONSTRAINT `FK_aktion_spieler_spieler` FOREIGN KEY (`spieler_id`) REFERENCES `spieler` (`id`) ON DELETE CASCADE
) ENGINE=InnoDB AUTO_INCREMENT=1264 DEFAULT CHARSET=utf8 COLLATE=utf8_unicode_ci COMMENT='Aktionen die die Spieler derzeit ausführen mit Start- und Endzeit';

-- Exportiere Daten aus Tabelle db_dvg.aktion_spieler: ~947 rows (ungefähr)
DELETE FROM `aktion_spieler`;
/*!40000 ALTER TABLE `aktion_spieler` DISABLE KEYS */;
INSERT INTO `aktion_spieler` (`id`, `spieler_id`, `aktion_id`, `start`, `ende`, `status`, `any_id_1`, `any_id_2`) VALUES
	(1, 26, 10, '2017-05-27 17:03:29', '2017-05-27 17:03:39', 'abgeschlossen', 9, 0),
	(2, 19, 2, '2017-05-30 20:56:18', '2017-05-30 20:56:23', 'abgeschlossen', 0, 0),
	(3, 19, 7, '2017-05-30 20:56:29', '2017-05-30 20:56:34', 'abgeschlossen', 6, 0),
	(4, 19, 2, '2017-06-14 19:10:18', '2017-06-14 19:10:23', 'abgeschlossen', 0, 0),
	(5, 19, 2, '2017-06-14 19:10:29', '2017-06-14 19:10:34', 'abgeschlossen', 0, 0),
	(6, 19, 6, '2017-06-14 19:10:46', '2017-06-14 19:10:51', 'abgeschlossen', 2, 0),
	(9, 26, 2, '2018-03-17 15:52:13', '2018-03-17 15:52:18', 'abgeschlossen', 0, 0),
	(10, 26, 10, '2018-03-17 16:06:58', '2018-03-17 16:07:08', 'abgeschlossen', 6, 0),
	(11, 26, 10, '2018-03-17 16:07:22', '2018-03-17 16:07:32', 'abgeschlossen', 3, 0),
	(12, 26, 2, '2018-03-17 16:07:44', '2018-03-17 16:07:49', 'abgeschlossen', 0, 0),
	(13, 26, 2, '2018-03-17 16:08:14', '2018-03-17 16:08:19', 'abgeschlossen', 0, 0),
	(14, 26, 2, '2018-03-17 16:08:30', '2018-03-17 16:08:35', 'abgeschlossen', 0, 0),
	(15, 26, 6, '2018-03-17 16:08:39', '2018-03-17 16:08:44', 'abgeschlossen', 10, 0),
	(16, 26, 10, '2018-03-17 16:38:11', '2018-03-17 16:38:21', 'abgeschlossen', 5, 0),
	(17, 26, 10, '2018-03-17 16:38:26', '2018-03-17 16:38:36', 'abgeschlossen', 2, 0),
	(18, 26, 2, '2018-03-17 16:38:44', '2018-03-17 16:38:49', 'abgeschlossen', 0, 0),
	(19, 26, 2, '2018-03-17 16:38:52', '2018-03-17 16:38:57', 'abgeschlossen', 0, 0),
	(20, 26, 6, '2018-03-17 16:38:59', '2018-03-17 16:39:04', 'abgeschlossen', 2, 0),
	(21, 26, 2, '2018-03-17 16:39:07', '2018-03-17 16:39:12', 'abgeschlossen', 0, 0),
	(22, 26, 6, '2018-03-17 16:39:16', '2018-03-17 16:39:21', 'abgeschlossen', 2, 0),
	(23, 26, 10, '2018-03-17 16:39:26', '2018-03-17 16:39:36', 'abgeschlossen', 5, 0),
	(24, 26, 2, '2018-03-17 16:39:41', '2018-03-17 16:39:46', 'abgeschlossen', 0, 0),
	(25, 26, 7, '2018-03-17 16:39:50', '2018-03-17 16:39:55', 'abgeschlossen', 7, 0),
	(26, 26, 2, '2018-03-17 16:40:04', '2018-03-17 16:40:09', 'abgeschlossen', 0, 0),
	(27, 26, 7, '2018-03-17 16:40:11', '2018-03-17 16:40:16', 'abgeschlossen', 8, 0),
	(28, 26, 2, '2018-03-17 16:40:19', '2018-03-17 16:40:24', 'abgeschlossen', 0, 0),
	(29, 26, 7, '2018-03-17 16:40:26', '2018-03-17 16:40:31', 'abgeschlossen', 12, 0),
	(30, 26, 2, '2018-03-17 16:46:25', '2018-03-17 16:46:30', 'abgeschlossen', 0, 0),
	(31, 26, 2, '2018-03-17 16:49:07', '2018-03-17 16:49:12', 'abgeschlossen', 0, 0),
	(32, 26, 2, '2018-03-17 16:55:27', '2018-03-17 16:55:32', 'abgeschlossen', 0, 0),
	(33, 26, 7, '2018-03-17 16:55:35', '2018-03-17 16:55:40', 'abgeschlossen', 7, 0),
	(34, 26, 2, '2018-03-17 16:59:30', '2018-03-17 16:59:35', 'abgeschlossen', 0, 0),
	(35, 26, 7, '2018-03-17 16:59:37', '2018-03-17 16:59:42', 'abgeschlossen', 8, 0),
	(36, 26, 2, '2018-03-17 17:05:11', '2018-03-17 17:05:16', 'abgeschlossen', 0, 0),
	(37, 26, 7, '2018-03-17 17:05:18', '2018-03-17 17:05:23', 'abgeschlossen', 7, 0),
	(38, 26, 2, '2018-03-17 17:22:59', '2018-03-17 17:23:04', 'abgeschlossen', 0, 0),
	(39, 26, 7, '2018-03-17 17:23:06', '2018-03-17 17:23:11', 'abgeschlossen', 12, 0),
	(40, 26, 10, '2018-03-17 17:23:22', '2018-03-17 17:23:32', 'abgeschlossen', 2, 0),
	(41, 26, 10, '2018-03-17 17:23:38', '2018-03-17 17:23:48', 'abgeschlossen', 5, 0),
	(42, 26, 10, '2018-03-17 17:23:52', '2018-03-17 17:24:02', 'abgeschlossen', 7, 0),
	(43, 26, 10, '2018-03-17 17:24:05', '2018-03-17 17:24:15', 'abgeschlossen', 11, 0),
	(44, 26, 10, '2018-03-17 17:24:17', '2018-03-17 17:24:27', 'abgeschlossen', 4, 0),
	(45, 26, 10, '2018-03-17 17:24:30', '2018-03-17 17:24:40', 'abgeschlossen', 8, 0),
	(46, 26, 10, '2018-03-17 17:25:38', '2018-03-17 17:25:48', 'abgeschlossen', 9, 0),
	(47, 26, 2, '2018-03-17 17:33:15', '2018-03-17 17:33:20', 'abgeschlossen', 0, 0),
	(48, 26, 7, '2018-03-17 17:33:22', '2018-03-17 17:33:27', 'abgeschlossen', 12, 0),
	(49, 26, 2, '2018-03-17 17:33:33', '2018-03-17 17:33:38', 'abgeschlossen', 0, 0),
	(50, 26, 7, '2018-03-17 17:33:46', '2018-03-17 17:33:51', 'abgeschlossen', 6, 0),
	(51, 26, 2, '2018-03-17 17:34:03', '2018-03-17 17:34:08', 'abgeschlossen', 0, 0),
	(52, 26, 7, '2018-03-17 17:34:11', '2018-03-17 17:34:16', 'abgeschlossen', 14, 0),
	(53, 26, 10, '2018-03-17 17:34:26', '2018-03-17 17:34:36', 'abgeschlossen', 6, 0),
	(54, 26, 2, '2018-03-17 17:34:40', '2018-03-17 17:34:45', 'abgeschlossen', 0, 0),
	(55, 26, 7, '2018-03-17 17:34:48', '2018-03-17 17:34:53', 'abgeschlossen', 7, 0),
	(56, 26, 10, '2018-03-17 17:34:57', '2018-03-17 17:35:07', 'abgeschlossen', 3, 0),
	(57, 26, 2, '2018-03-17 17:35:09', '2018-03-17 17:35:14', 'abgeschlossen', 0, 0),
	(58, 26, 2, '2018-03-17 17:35:19', '2018-03-17 17:35:24', 'abgeschlossen', 0, 0),
	(59, 26, 7, '2018-03-17 17:35:28', '2018-03-17 17:35:33', 'abgeschlossen', 12, 0),
	(60, 26, 2, '2018-03-17 17:35:38', '2018-03-17 17:35:43', 'abgeschlossen', 0, 0),
	(61, 26, 2, '2018-03-17 17:35:49', '2018-03-17 17:35:54', 'abgeschlossen', 0, 0),
	(62, 26, 2, '2018-03-17 17:36:00', '2018-03-17 17:36:05', 'abgeschlossen', 0, 0),
	(63, 26, 2, '2018-03-17 17:36:11', '2018-03-17 17:36:16', 'abgeschlossen', 0, 0),
	(64, 26, 2, '2018-03-17 17:36:20', '2018-03-17 17:36:25', 'abgeschlossen', 0, 0),
	(65, 26, 2, '2018-03-17 17:36:29', '2018-03-17 17:36:34', 'abgeschlossen', 0, 0),
	(66, 26, 2, '2018-03-17 17:36:37', '2018-03-17 17:36:42', 'abgeschlossen', 0, 0),
	(67, 26, 6, '2018-03-17 17:36:47', '2018-03-17 17:36:52', 'abgeschlossen', 10, 0),
	(68, 26, 10, '2018-03-17 17:36:57', '2018-03-17 17:37:07', 'abgeschlossen', 5, 0),
	(69, 26, 10, '2018-03-17 17:37:13', '2018-03-17 17:37:23', 'abgeschlossen', 2, 0),
	(70, 26, 10, '2018-03-17 17:37:25', '2018-03-17 17:37:35', 'abgeschlossen', 6, 0),
	(71, 26, 10, '2018-03-17 17:37:38', '2018-03-17 17:37:48', 'abgeschlossen', 9, 0),
	(72, 26, 10, '2018-03-17 17:37:53', '2018-03-17 17:38:03', 'abgeschlossen', 8, 0),
	(73, 26, 10, '2018-03-17 17:38:05', '2018-03-17 17:38:15', 'abgeschlossen', 4, 0),
	(74, 26, 2, '2018-03-17 17:38:18', '2018-03-17 17:38:23', 'abgeschlossen', 0, 0),
	(75, 26, 6, '2018-03-17 17:38:33', '2018-03-17 17:38:38', 'abgeschlossen', 11, 0),
	(76, 26, 2, '2018-03-17 17:38:45', '2018-03-17 17:38:50', 'abgeschlossen', 0, 0),
	(77, 26, 7, '2018-03-17 17:38:54', '2018-03-17 17:38:59', 'abgeschlossen', 7, 0),
	(78, 19, 2, '2018-04-14 17:31:17', '2018-04-14 17:31:22', 'abgeschlossen', 0, 0),
	(79, 19, 10, '2018-04-14 17:41:29', '2018-04-14 17:41:39', 'abgeschlossen', 9, 0),
	(80, 19, 2, '2018-04-14 17:41:42', '2018-04-14 17:41:47', 'abgeschlossen', 0, 0),
	(81, 19, 2, '2018-04-14 17:41:53', '2018-04-14 17:41:58', 'abgeschlossen', 0, 0),
	(82, 19, 2, '2018-04-14 17:42:03', '2018-04-14 17:42:08', 'abgeschlossen', 0, 0),
	(83, 19, 7, '2018-04-14 17:42:12', '2018-04-14 17:42:17', 'abgeschlossen', 6, 0),
	(84, 32, 10, '2018-06-25 13:53:12', '2018-06-25 13:53:22', 'abgeschlossen', 4, 0),
	(85, 32, 2, '2018-06-25 13:53:27', '2018-06-25 13:53:32', 'abgeschlossen', 0, 0),
	(86, 32, 6, '2018-06-25 13:53:36', '2018-06-25 13:53:41', 'abgeschlossen', 11, 0),
	(87, 26, 10, '2018-06-25 14:04:07', '2018-06-25 14:04:17', 'abgeschlossen', 11, 0),
	(88, 26, 2, '2018-06-25 14:04:20', '2018-06-25 14:04:25', 'abgeschlossen', 0, 0),
	(89, 26, 2, '2018-06-25 14:04:31', '2018-06-25 14:04:36', 'abgeschlossen', 0, 0),
	(90, 26, 10, '2018-06-25 14:04:40', '2018-06-25 14:04:50', 'abgeschlossen', 4, 0),
	(91, 26, 2, '2018-06-25 14:04:52', '2018-06-25 14:04:57', 'abgeschlossen', 0, 0),
	(92, 26, 7, '2018-06-25 14:05:01', '2018-06-25 14:05:06', 'abgeschlossen', 14, 0),
	(93, 26, 2, '2018-06-25 14:05:10', '2018-06-25 14:05:15', 'abgeschlossen', 0, 0),
	(94, 26, 2, '2018-06-25 14:05:20', '2018-06-25 14:05:25', 'abgeschlossen', 0, 0),
	(95, 26, 6, '2018-06-25 14:05:29', '2018-06-25 14:05:34', 'abgeschlossen', 24, 0),
	(96, 26, 10, '2018-06-25 14:05:49', '2018-06-25 14:05:59', 'abgeschlossen', 11, 0),
	(97, 26, 2, '2018-06-25 14:06:04', '2018-06-25 14:06:09', 'abgeschlossen', 0, 0),
	(98, 26, 6, '2018-06-25 14:06:12', '2018-06-25 14:06:17', 'abgeschlossen', 22, 0),
	(99, 26, 10, '2018-06-25 14:06:43', '2018-06-25 14:06:53', 'abgeschlossen', 4, 0),
	(100, 26, 2, '2018-06-25 14:06:55', '2018-06-25 14:07:00', 'abgeschlossen', 0, 0),
	(101, 26, 2, '2018-06-25 14:07:04', '2018-06-25 14:07:09', 'abgeschlossen', 0, 0),
	(102, 26, 2, '2018-06-25 14:07:13', '2018-06-25 14:07:18', 'abgeschlossen', 0, 0),
	(103, 26, 6, '2018-06-25 14:07:20', '2018-06-25 14:07:25', 'abgeschlossen', 11, 0),
	(104, 26, 10, '2018-06-25 18:23:50', '2018-06-25 18:24:00', 'abgeschlossen', 1, 0),
	(105, 26, 2, '2018-06-25 18:24:07', '2018-06-25 18:24:12', 'abgeschlossen', 0, 0),
	(106, 26, 2, '2018-06-25 18:25:15', '2018-06-25 18:25:20', 'abgeschlossen', 0, 0),
	(107, 26, 6, '2018-06-25 18:25:22', '2018-06-25 18:25:27', 'abgeschlossen', 27, 0),
	(108, 26, 10, '2018-06-25 18:25:31', '2018-06-25 18:25:41', 'abgeschlossen', 4, 0),
	(109, 26, 2, '2018-06-25 18:25:43', '2018-06-25 18:25:48', 'abgeschlossen', 0, 0),
	(110, 26, 6, '2018-06-25 18:26:02', '2018-06-25 18:26:07', 'abgeschlossen', 28, 0),
	(111, 26, 10, '2018-06-25 18:26:13', '2018-06-25 18:26:23', 'abgeschlossen', 11, 0),
	(112, 26, 2, '2018-06-25 18:26:25', '2018-06-25 18:26:30', 'abgeschlossen', 0, 0),
	(113, 26, 2, '2018-06-25 18:26:39', '2018-06-25 18:26:44', 'abgeschlossen', 0, 0),
	(114, 26, 10, '2018-06-25 18:26:49', '2018-06-25 18:26:59', 'abgeschlossen', 7, 0),
	(115, 26, 2, '2018-06-25 18:27:01', '2018-06-25 18:27:06', 'abgeschlossen', 0, 0),
	(116, 26, 2, '2018-06-25 18:27:11', '2018-06-25 18:27:16', 'abgeschlossen', 0, 0),
	(117, 26, 2, '2018-06-25 18:27:20', '2018-06-25 18:27:25', 'abgeschlossen', 0, 0),
	(118, 26, 2, '2018-06-25 18:27:30', '2018-06-25 18:27:35', 'abgeschlossen', 0, 0),
	(119, 26, 10, '2018-06-25 18:27:40', '2018-06-25 18:27:50', 'abgeschlossen', 10, 0),
	(120, 26, 2, '2018-06-25 18:27:52', '2018-06-25 18:27:57', 'abgeschlossen', 0, 0),
	(121, 26, 2, '2018-06-25 18:28:01', '2018-06-25 18:28:06', 'abgeschlossen', 0, 0),
	(122, 26, 10, '2018-06-25 18:29:02', '2018-06-25 18:29:12', 'abgeschlossen', 7, 0),
	(123, 26, 10, '2018-06-25 18:29:15', '2018-06-25 18:29:25', 'abgeschlossen', 5, 0),
	(124, 26, 2, '2018-06-25 18:29:27', '2018-06-25 18:29:32', 'abgeschlossen', 0, 0),
	(125, 26, 2, '2018-06-25 18:29:38', '2018-06-25 18:29:43', 'abgeschlossen', 0, 0),
	(126, 26, 7, '2018-06-25 18:29:48', '2018-06-25 18:29:53', 'abgeschlossen', 12, 0),
	(127, 26, 2, '2018-06-25 18:29:58', '2018-06-25 18:30:03', 'abgeschlossen', 0, 0),
	(128, 26, 2, '2018-06-25 18:30:07', '2018-06-25 18:30:12', 'abgeschlossen', 0, 0),
	(129, 26, 2, '2018-06-25 18:30:16', '2018-06-25 18:30:21', 'abgeschlossen', 0, 0),
	(130, 26, 7, '2018-06-25 18:30:26', '2018-06-25 18:30:31', 'abgeschlossen', 8, 0),
	(131, 26, 10, '2018-06-25 18:30:48', '2018-06-25 18:30:58', 'abgeschlossen', 2, 0),
	(132, 26, 2, '2018-06-25 18:31:00', '2018-06-25 18:31:05', 'abgeschlossen', 0, 0),
	(133, 26, 7, '2018-06-25 18:31:08', '2018-06-25 18:31:13', 'abgeschlossen', 14, 0),
	(134, 26, 2, '2018-06-25 18:31:19', '2018-06-25 18:31:24', 'abgeschlossen', 0, 0),
	(135, 26, 10, '2018-06-25 18:31:28', '2018-06-25 18:31:38', 'abgeschlossen', 6, 0),
	(136, 26, 2, '2018-06-25 18:31:40', '2018-06-25 18:31:45', 'abgeschlossen', 0, 0),
	(137, 26, 2, '2018-06-25 18:31:50', '2018-06-25 18:31:55', 'abgeschlossen', 0, 0),
	(138, 26, 7, '2018-06-25 18:31:57', '2018-06-25 18:32:02', 'abgeschlossen', 7, 0),
	(139, 26, 10, '2018-06-25 18:32:23', '2018-06-25 18:32:33', 'abgeschlossen', 9, 0),
	(140, 26, 2, '2018-06-25 18:32:36', '2018-06-25 18:32:41', 'abgeschlossen', 0, 0),
	(141, 26, 6, '2018-06-25 18:32:46', '2018-06-25 18:32:51', 'abgeschlossen', 23, 0),
	(142, 26, 2, '2018-06-25 18:42:13', '2018-06-25 18:42:18', 'abgeschlossen', 0, 0),
	(143, 26, 6, '2018-06-25 18:42:21', '2018-06-25 18:42:26', 'abgeschlossen', 2, 0),
	(144, 26, 10, '2018-06-25 18:42:31', '2018-06-25 18:42:41', 'abgeschlossen', 8, 0),
	(145, 26, 2, '2018-06-25 18:42:44', '2018-06-25 18:42:49', 'abgeschlossen', 0, 0),
	(146, 26, 2, '2018-06-25 18:42:56', '2018-06-25 18:43:01', 'abgeschlossen', 0, 0),
	(147, 26, 6, '2018-06-25 18:43:03', '2018-06-25 18:43:08', 'abgeschlossen', 2, 0),
	(148, 26, 10, '2018-06-25 18:43:15', '2018-06-25 18:43:25', 'abgeschlossen', 4, 0),
	(149, 26, 2, '2018-06-25 18:43:27', '2018-06-25 18:43:32', 'abgeschlossen', 0, 0),
	(150, 26, 2, '2018-06-25 18:43:40', '2018-06-25 18:43:45', 'abgeschlossen', 0, 0),
	(151, 26, 2, '2018-06-25 18:43:51', '2018-06-25 18:43:56', 'abgeschlossen', 0, 0),
	(152, 26, 6, '2018-06-25 18:43:59', '2018-06-25 18:44:04', 'abgeschlossen', 2, 0),
	(153, 26, 2, '2018-06-25 18:44:10', '2018-06-25 18:44:15', 'abgeschlossen', 0, 0),
	(154, 26, 6, '2018-06-25 18:44:17', '2018-06-25 18:44:22', 'abgeschlossen', 2, 0),
	(301, 26, 2, '2018-08-01 18:45:09', '2018-08-01 18:45:14', 'abgeschlossen', 0, 0),
	(302, 26, 6, '2018-08-01 18:45:18', '2018-08-01 18:45:23', 'abgeschlossen', 11, 0),
	(303, 26, 10, '2018-08-01 19:01:53', '2018-08-01 19:02:03', 'abgeschlossen', 1, 0),
	(304, 26, 2, '2018-08-01 19:02:06', '2018-08-01 19:02:11', 'abgeschlossen', 0, 0),
	(305, 26, 6, '2018-08-01 19:02:25', '2018-08-01 19:02:30', 'abgeschlossen', 27, 0),
	(306, 26, 10, '2018-08-01 19:03:01', '2018-08-01 19:03:11', 'abgeschlossen', 9, 0),
	(307, 26, 2, '2018-08-01 19:03:22', '2018-08-01 19:03:27', 'abgeschlossen', 0, 0),
	(308, 26, 6, '2018-08-01 19:03:29', '2018-08-01 19:03:34', 'abgeschlossen', 23, 0),
	(309, 26, 2, '2018-08-01 19:03:38', '2018-08-01 19:03:43', 'abgeschlossen', 0, 0),
	(310, 26, 6, '2018-08-01 19:03:45', '2018-08-01 19:03:50', 'abgeschlossen', 4, 0),
	(311, 26, 10, '2018-08-01 19:03:58', '2018-08-01 19:04:08', 'abgeschlossen', 6, 0),
	(312, 26, 10, '2019-03-23 14:10:57', '2019-03-23 14:11:07', 'abgeschlossen', 2, 0),
	(313, 26, 2, '2019-03-23 14:11:16', '2019-03-23 14:11:21', 'abgeschlossen', 0, 0),
	(314, 26, 2, '2019-03-23 14:11:28', '2019-03-23 14:11:33', 'abgeschlossen', 0, 0),
	(315, 26, 6, '2019-03-23 14:11:36', '2019-03-23 14:11:41', 'abgeschlossen', 21, 0),
	(316, 26, 2, '2019-03-23 14:11:49', '2019-03-23 14:11:54', 'abgeschlossen', 0, 0),
	(317, 26, 7, '2019-03-23 14:11:57', '2019-03-23 14:12:02', 'abgeschlossen', 7, 0),
	(318, 26, 2, '2019-03-23 14:12:13', '2019-03-23 14:12:18', 'abgeschlossen', 0, 0),
	(319, 26, 2, '2019-03-23 14:12:35', '2019-03-23 14:12:40', 'abgeschlossen', 0, 0),
	(320, 26, 2, '2019-03-23 14:12:44', '2019-03-23 14:12:49', 'abgeschlossen', 0, 0),
	(321, 26, 2, '2019-03-23 14:12:54', '2019-03-23 14:12:59', 'abgeschlossen', 0, 0),
	(322, 26, 10, '2019-03-23 14:13:47', '2019-03-23 14:13:57', 'abgeschlossen', 5, 0),
	(323, 26, 10, '2019-03-23 14:14:16', '2019-03-23 14:14:26', 'abgeschlossen', 7, 0),
	(324, 26, 2, '2019-03-23 14:14:34', '2019-03-23 14:14:39', 'abgeschlossen', 0, 0),
	(325, 26, 7, '2019-03-23 14:14:45', '2019-03-23 14:14:50', 'abgeschlossen', 12, 0),
	(326, 26, 2, '2019-03-23 14:14:55', '2019-03-23 14:15:00', 'abgeschlossen', 0, 0),
	(327, 26, 6, '2019-03-23 14:15:02', '2019-03-23 14:15:07', 'abgeschlossen', 4, 0),
	(328, 26, 10, '2019-03-23 14:15:24', '2019-03-23 14:15:34', 'abgeschlossen', 11, 0),
	(329, 26, 2, '2019-03-23 14:15:36', '2019-03-23 14:15:41', 'abgeschlossen', 0, 0),
	(330, 26, 6, '2019-03-23 14:15:43', '2019-03-23 14:15:48', 'abgeschlossen', 24, 0),
	(331, 26, 2, '2019-03-23 14:16:06', '2019-03-23 14:16:11', 'abgeschlossen', 0, 0),
	(332, 26, 6, '2019-03-23 14:16:14', '2019-03-23 14:16:19', 'abgeschlossen', 22, 0),
	(333, 26, 2, '2019-03-23 14:16:44', '2019-03-23 14:16:49', 'abgeschlossen', 0, 0),
	(334, 26, 6, '2019-03-23 14:16:51', '2019-03-23 14:16:56', 'abgeschlossen', 22, 0),
	(335, 26, 10, '2019-03-23 14:16:59', '2019-03-23 14:17:09', 'abgeschlossen', 7, 0),
	(336, 26, 10, '2019-03-23 14:17:13', '2019-03-23 14:17:23', 'abgeschlossen', 5, 0),
	(339, 39, 10, '2019-04-06 15:06:01', '2019-04-06 15:06:11', 'abgeschlossen', 4, 0),
	(340, 39, 10, '2019-04-06 15:06:32', '2019-04-06 15:06:42', 'abgeschlossen', 11, 0),
	(341, 39, 10, '2019-04-06 15:06:45', '2019-04-06 15:06:55', 'abgeschlossen', 7, 0),
	(342, 39, 10, '2019-04-06 15:06:58', '2019-04-06 15:07:08', 'abgeschlossen', 5, 0),
	(343, 39, 10, '2019-04-06 15:07:10', '2019-04-06 15:07:20', 'abgeschlossen', 2, 0),
	(344, 39, 2, '2019-04-06 15:07:55', '2019-04-06 15:08:00', 'abgeschlossen', 0, 0),
	(345, 39, 6, '2019-04-06 15:08:08', '2019-04-06 15:08:13', 'abgeschlossen', 2, 0),
	(346, 39, 10, '2019-04-06 15:10:43', '2019-04-06 15:10:53', 'abgeschlossen', 6, 0),
	(347, 26, 2, '2019-04-06 15:13:41', '2019-04-06 15:13:46', 'abgeschlossen', 0, 0),
	(348, 26, 7, '2019-04-06 15:13:49', '2019-04-06 15:13:54', 'abgeschlossen', 8, 0),
	(349, 26, 2, '2019-04-06 15:14:00', '2019-04-06 15:14:05', 'abgeschlossen', 0, 0),
	(350, 26, 7, '2019-04-06 15:14:10', '2019-04-06 15:14:15', 'abgeschlossen', 8, 0),
	(351, 26, 2, '2019-04-06 15:14:19', '2019-04-06 15:14:24', 'abgeschlossen', 0, 0),
	(352, 26, 7, '2019-04-06 15:14:31', '2019-04-06 15:14:36', 'abgeschlossen', 12, 0),
	(353, 26, 10, '2019-04-06 15:47:18', '2019-04-06 15:47:28', 'abgeschlossen', 3, 0),
	(354, 26, 2, '2019-04-06 15:47:33', '2019-04-06 15:47:38', 'abgeschlossen', 0, 0),
	(355, 26, 6, '2019-04-06 15:47:48', '2019-04-06 15:47:53', 'abgeschlossen', 25, 0),
	(356, 26, 2, '2019-04-06 15:49:17', '2019-04-06 15:49:22', 'abgeschlossen', 0, 0),
	(357, 26, 2, '2019-04-06 15:49:29', '2019-04-06 15:49:34', 'abgeschlossen', 0, 0),
	(358, 26, 6, '2019-04-06 15:49:40', '2019-04-06 15:49:45', 'abgeschlossen', 27, 0),
	(359, 26, 10, '2019-04-06 15:50:43', '2019-04-06 15:50:53', 'abgeschlossen', 5, 0),
	(360, 26, 2, '2019-04-06 15:51:01', '2019-04-06 15:51:06', 'abgeschlossen', 0, 0),
	(361, 26, 2, '2019-04-06 15:51:31', '2019-04-06 15:51:36', 'abgeschlossen', 0, 0),
	(362, 26, 7, '2019-04-06 15:51:47', '2019-04-06 15:51:52', 'abgeschlossen', 6, 0),
	(363, 26, 2, '2019-04-06 15:52:01', '2019-04-06 15:52:06', 'abgeschlossen', 0, 0),
	(364, 26, 10, '2019-04-06 15:52:20', '2019-04-06 15:52:30', 'abgeschlossen', 7, 0),
	(365, 26, 2, '2019-04-06 15:52:43', '2019-04-06 15:52:48', 'abgeschlossen', 0, 0),
	(366, 26, 10, '2019-04-06 15:52:55', '2019-04-06 15:53:05', 'abgeschlossen', 10, 0),
	(367, 26, 10, '2019-04-06 15:53:13', '2019-04-06 15:53:23', 'abgeschlossen', 7, 0),
	(368, 26, 10, '2019-04-06 15:53:28', '2019-04-06 15:53:38', 'abgeschlossen', 11, 0),
	(369, 26, 10, '2019-04-06 15:53:49', '2019-04-06 15:53:59', 'abgeschlossen', 7, 0),
	(370, 26, 10, '2019-04-06 15:54:10', '2019-04-06 15:54:20', 'abgeschlossen', 10, 0),
	(371, 26, 2, '2019-04-06 15:54:31', '2019-04-06 15:54:36', 'abgeschlossen', 0, 0),
	(372, 26, 2, '2019-04-06 15:54:48', '2019-04-06 15:54:53', 'abgeschlossen', 0, 0),
	(373, 26, 6, '2019-04-06 15:55:09', '2019-04-06 15:55:14', 'abgeschlossen', 36, 0),
	(374, 26, 2, '2019-04-06 15:55:27', '2019-04-06 15:55:32', 'abgeschlossen', 0, 0),
	(375, 26, 6, '2019-04-06 15:55:37', '2019-04-06 15:55:42', 'abgeschlossen', 30, 0),
	(376, 26, 10, '2019-04-06 15:55:45', '2019-04-06 15:55:55', 'abgeschlossen', 7, 0),
	(377, 26, 10, '2019-04-06 15:55:58', '2019-04-06 15:56:08', 'abgeschlossen', 5, 0),
	(378, 26, 10, '2019-04-06 15:56:16', '2019-04-06 15:56:26', 'abgeschlossen', 2, 0),
	(379, 26, 10, '2019-04-06 15:56:29', '2019-04-06 15:56:39', 'abgeschlossen', 6, 0),
	(380, 26, 10, '2019-04-06 15:56:43', '2019-04-06 15:56:53', 'abgeschlossen', 9, 0),
	(381, 26, 2, '2019-04-06 15:56:55', '2019-04-06 15:57:00', 'abgeschlossen', 0, 0),
	(382, 26, 7, '2019-04-06 15:57:22', '2019-04-06 15:57:27', 'abgeschlossen', 29, 0),
	(383, 26, 2, '2019-04-06 15:57:52', '2019-04-06 15:57:57', 'abgeschlossen', 0, 0),
	(384, 26, 6, '2019-04-06 15:58:20', '2019-04-06 15:58:25', 'abgeschlossen', 33, 0),
	(385, 26, 10, '2019-04-06 15:58:31', '2019-04-06 15:58:41', 'abgeschlossen', 1, 0),
	(386, 26, 2, '2019-04-06 15:58:43', '2019-04-06 15:58:48', 'abgeschlossen', 0, 0),
	(387, 26, 6, '2019-04-06 15:59:00', '2019-04-06 15:59:05', 'abgeschlossen', 27, 0),
	(388, 26, 2, '2019-04-06 15:59:08', '2019-04-06 15:59:13', 'abgeschlossen', 0, 0),
	(389, 26, 7, '2019-04-06 15:59:18', '2019-04-06 15:59:23', 'abgeschlossen', 14, 0),
	(390, 26, 10, '2019-04-06 15:59:51', '2019-04-06 16:00:01', 'abgeschlossen', 4, 0),
	(391, 26, 2, '2019-04-06 16:00:04', '2019-04-06 16:00:09', 'abgeschlossen', 0, 0),
	(392, 26, 6, '2019-04-06 16:00:18', '2019-04-06 16:00:23', 'abgeschlossen', 11, 0),
	(393, 26, 2, '2019-04-06 16:00:28', '2019-04-06 16:00:33', 'abgeschlossen', 0, 0),
	(394, 26, 2, '2019-04-06 16:00:45', '2019-04-06 16:00:50', 'abgeschlossen', 0, 0),
	(395, 26, 2, '2019-04-06 16:00:59', '2019-04-06 16:01:04', 'abgeschlossen', 0, 0),
	(396, 26, 2, '2019-04-06 16:01:08', '2019-04-06 16:01:13', 'abgeschlossen', 0, 0),
	(397, 26, 2, '2019-04-06 16:01:18', '2019-04-06 16:01:23', 'abgeschlossen', 0, 0),
	(398, 26, 2, '2019-04-06 16:01:27', '2019-04-06 16:01:32', 'abgeschlossen', 0, 0),
	(399, 26, 2, '2019-04-06 16:01:37', '2019-04-06 16:01:42', 'abgeschlossen', 0, 0),
	(400, 26, 2, '2019-04-06 16:01:48', '2019-04-06 16:01:53', 'abgeschlossen', 0, 0),
	(401, 26, 2, '2019-04-06 16:02:00', '2019-04-06 16:02:05', 'abgeschlossen', 0, 0),
	(402, 26, 2, '2019-04-06 16:02:12', '2019-04-06 16:02:17', 'abgeschlossen', 0, 0),
	(403, 26, 2, '2019-04-06 16:02:24', '2019-04-06 16:02:29', 'abgeschlossen', 0, 0),
	(404, 26, 2, '2019-04-06 16:02:32', '2019-04-06 16:02:37', 'abgeschlossen', 0, 0),
	(405, 26, 2, '2019-04-06 16:02:41', '2019-04-06 16:02:46', 'abgeschlossen', 0, 0),
	(406, 26, 2, '2019-04-06 16:02:49', '2019-04-06 16:02:54', 'abgeschlossen', 0, 0),
	(407, 26, 2, '2019-04-06 16:02:58', '2019-04-06 16:03:03', 'abgeschlossen', 0, 0),
	(408, 26, 6, '2019-04-06 16:03:29', '2019-04-06 16:03:34', 'abgeschlossen', 35, 0),
	(409, 26, 10, '2019-04-06 16:03:40', '2019-04-06 16:03:50', 'abgeschlossen', 8, 0),
	(410, 26, 2, '2019-04-06 16:04:02', '2019-04-06 16:04:07', 'abgeschlossen', 0, 0),
	(411, 26, 2, '2019-04-06 16:04:13', '2019-04-06 16:04:18', 'abgeschlossen', 0, 0),
	(412, 26, 2, '2019-04-06 16:04:24', '2019-04-06 16:04:29', 'abgeschlossen', 0, 0),
	(413, 26, 2, '2019-04-06 16:04:33', '2019-04-06 16:04:38', 'abgeschlossen', 0, 0),
	(414, 26, 2, '2019-05-09 17:25:37', '2019-05-09 17:25:42', 'abgeschlossen', 0, 0),
	(415, 26, 2, '2019-05-09 17:25:52', '2019-05-09 17:25:57', 'abgeschlossen', 0, 0),
	(416, 26, 6, '2019-05-09 17:26:01', '2019-05-09 17:26:06', 'abgeschlossen', 2, 0),
	(417, 39, 2, '2019-05-19 10:42:12', '2019-05-19 10:42:17', 'abgeschlossen', 0, 0),
	(418, 39, 2, '2019-05-19 10:43:04', '2019-05-19 10:43:09', 'abgeschlossen', 0, 0),
	(419, 39, 2, '2019-05-19 10:43:12', '2019-05-19 10:43:17', 'abgeschlossen', 0, 0),
	(420, 39, 6, '2019-05-19 10:43:38', '2019-05-19 10:43:43', 'abgeschlossen', 2, 0),
	(423, 26, 10, '2019-07-21 12:32:27', '2019-07-21 12:32:37', 'abgeschlossen', 9, 0),
	(488, 39, 2, '2019-08-24 15:00:29', '2019-08-24 15:00:34', 'abgeschlossen', 0, 0),
	(489, 26, 2, '2019-08-24 15:00:35', '2019-08-24 15:00:40', 'abgeschlossen', 0, 0),
	(490, 26, 7, '2019-08-24 15:00:45', '2019-08-24 15:00:50', 'abgeschlossen', 7, 0),
	(491, 26, 2, '2019-08-25 11:41:48', '2019-08-25 11:41:53', 'abgeschlossen', 0, 0),
	(492, 26, 7, '2019-08-25 11:43:32', '2019-08-25 11:43:37', 'abgeschlossen', 7, 0),
	(493, 26, 2, '2019-08-25 11:51:31', '2019-08-25 11:51:36', 'abgeschlossen', 0, 0),
	(494, 26, 6, '2019-08-25 11:51:38', '2019-08-25 11:51:43', 'abgeschlossen', 24, 0),
	(495, 26, 2, '2019-08-25 12:00:04', '2019-08-25 12:00:09', 'abgeschlossen', 0, 0),
	(496, 26, 6, '2019-08-25 12:00:11', '2019-08-25 12:00:16', 'abgeschlossen', 23, 0),
	(497, 26, 2, '2019-08-25 14:58:58', '2019-08-25 14:59:03', 'abgeschlossen', 0, 0),
	(498, 26, 6, '2019-08-25 14:59:07', '2019-08-25 14:59:12', 'abgeschlossen', 23, 0),
	(499, 26, 2, '2019-08-25 15:03:39', '2019-08-25 15:03:44', 'abgeschlossen', 0, 0),
	(500, 26, 6, '2019-08-25 15:07:19', '2019-08-25 15:07:24', 'abgeschlossen', 22, 0),
	(501, 26, 2, '2019-08-25 15:08:04', '2019-08-25 15:08:09', 'abgeschlossen', 0, 0),
	(502, 26, 6, '2019-08-25 15:08:12', '2019-08-25 15:08:17', 'abgeschlossen', 35, 0),
	(503, 26, 2, '2019-08-25 15:10:49', '2019-08-25 15:10:54', 'abgeschlossen', 0, 0),
	(504, 26, 6, '2019-08-25 15:10:55', '2019-08-25 15:11:00', 'abgeschlossen', 23, 0),
	(507, 26, 2, '2019-08-25 15:27:30', '2019-08-25 15:27:35', 'abgeschlossen', 0, 0),
	(508, 26, 6, '2019-08-25 15:27:36', '2019-08-25 15:27:41', 'abgeschlossen', 23, 0),
	(510, 26, 2, '2019-08-25 15:46:28', '2019-08-25 15:46:33', 'abgeschlossen', 0, 0),
	(511, 26, 6, '2019-08-25 16:01:08', '2019-08-25 16:01:13', 'abgeschlossen', 5, 0),
	(513, 26, 2, '2019-08-25 16:31:24', '2019-08-25 16:31:29', 'abgeschlossen', 0, 0),
	(514, 26, 7, '2019-08-25 16:31:31', '2019-08-25 16:31:36', 'abgeschlossen', 12, 0),
	(515, 26, 2, '2019-08-25 16:32:14', '2019-08-25 16:32:19', 'abgeschlossen', 0, 0),
	(516, 26, 6, '2019-08-25 16:32:32', '2019-08-25 16:32:37', 'abgeschlossen', 35, 0),
	(518, 26, 2, '2019-08-25 17:01:38', '2019-08-25 17:01:43', 'abgeschlossen', 0, 0),
	(519, 26, 6, '2019-08-25 17:01:44', '2019-08-25 17:01:49', 'abgeschlossen', 23, 0),
	(521, 26, 2, '2019-08-25 17:02:14', '2019-08-25 17:02:19', 'abgeschlossen', 0, 0),
	(522, 26, 6, '2019-08-25 17:02:20', '2019-08-25 17:02:25', 'abgeschlossen', 2, 0),
	(524, 26, 2, '2019-08-25 17:02:36', '2019-08-25 17:02:41', 'abgeschlossen', 0, 0),
	(525, 26, 6, '2019-08-25 17:02:44', '2019-08-25 17:02:49', 'abgeschlossen', 4, 0),
	(527, 26, 2, '2019-08-25 17:10:10', '2019-08-25 17:10:15', 'abgeschlossen', 0, 0),
	(528, 26, 6, '2019-08-25 17:10:18', '2019-08-25 17:10:23', 'abgeschlossen', 2, 0),
	(530, 26, 2, '2019-08-26 18:13:28', '2019-08-26 18:13:33', 'abgeschlossen', 0, 0),
	(531, 26, 6, '2019-08-26 18:13:37', '2019-08-26 18:13:42', 'abgeschlossen', 2, 0),
	(533, 26, 2, '2019-08-26 18:22:59', '2019-08-26 18:23:04', 'abgeschlossen', 0, 0),
	(534, 26, 6, '2019-08-26 18:23:06', '2019-08-26 18:23:11', 'abgeschlossen', 23, 0),
	(536, 26, 2, '2019-08-26 18:26:10', '2019-08-26 18:26:15', 'abgeschlossen', 0, 0),
	(537, 26, 6, '2019-08-26 18:26:16', '2019-08-26 18:26:21', 'abgeschlossen', 4, 0),
	(539, 26, 2, '2019-08-26 18:26:31', '2019-08-26 18:26:36', 'abgeschlossen', 0, 0),
	(540, 26, 6, '2019-08-26 18:26:41', '2019-08-26 18:26:46', 'abgeschlossen', 4, 0),
	(542, 26, 2, '2019-08-26 18:31:05', '2019-08-26 18:31:10', 'abgeschlossen', 0, 0),
	(543, 26, 6, '2019-08-26 18:31:12', '2019-08-26 18:31:17', 'abgeschlossen', 2, 0),
	(545, 26, 2, '2019-08-26 18:34:53', '2019-08-26 18:34:58', 'abgeschlossen', 0, 0),
	(546, 26, 6, '2019-08-26 18:34:59', '2019-08-26 18:35:04', 'abgeschlossen', 2, 0),
	(548, 26, 2, '2019-08-26 18:36:54', '2019-08-26 18:36:59', 'abgeschlossen', 0, 0),
	(549, 26, 6, '2019-08-26 18:37:01', '2019-08-26 18:37:06', 'abgeschlossen', 2, 0),
	(551, 26, 2, '2019-08-26 18:43:18', '2019-08-26 18:43:23', 'abgeschlossen', 0, 0),
	(552, 26, 6, '2019-08-26 18:43:25', '2019-08-26 18:43:30', 'abgeschlossen', 4, 0),
	(554, 26, 2, '2019-08-26 18:45:02', '2019-08-26 18:45:07', 'abgeschlossen', 0, 0),
	(555, 26, 7, '2019-08-26 18:45:10', '2019-08-26 18:45:15', 'abgeschlossen', 6, 0),
	(556, 26, 2, '2019-08-26 18:45:20', '2019-08-26 18:45:25', 'abgeschlossen', 0, 0),
	(557, 26, 6, '2019-08-26 18:45:27', '2019-08-26 18:45:32', 'abgeschlossen', 2, 0),
	(559, 26, 10, '2019-08-26 18:51:22', '2019-08-26 18:51:32', 'abgeschlossen', 8, 0),
	(560, 26, 2, '2019-08-26 18:51:31', '2019-08-26 18:51:36', 'abgeschlossen', 0, 0),
	(561, 26, 7, '2019-08-26 18:51:43', '2019-08-26 18:51:48', 'abgeschlossen', 12, 0),
	(562, 26, 2, '2019-08-26 18:51:50', '2019-08-26 18:51:55', 'abgeschlossen', 0, 0),
	(563, 26, 6, '2019-08-26 18:51:59', '2019-08-26 18:52:04', 'abgeschlossen', 2, 0),
	(565, 26, 2, '2019-08-26 18:53:16', '2019-08-26 18:53:21', 'abgeschlossen', 0, 0),
	(566, 26, 6, '2019-08-26 18:53:23', '2019-08-26 18:53:28', 'abgeschlossen', 2, 0),
	(568, 26, 10, '2019-08-28 16:41:37', '2019-08-28 16:41:47', 'abgeschlossen', 9, 0),
	(569, 26, 2, '2019-08-28 16:41:50', '2019-08-28 16:41:55', 'abgeschlossen', 0, 0),
	(570, 26, 7, '2019-08-28 16:42:01', '2019-08-28 16:42:06', 'abgeschlossen', 6, 0),
	(571, 26, 2, '2019-08-28 16:42:09', '2019-08-28 16:42:14', 'abgeschlossen', 0, 0),
	(572, 26, 6, '2019-08-28 16:42:18', '2019-08-28 16:42:23', 'abgeschlossen', 22, 0),
	(573, 26, 2, '2019-08-28 16:48:18', '2019-08-28 16:48:23', 'abgeschlossen', 0, 0),
	(574, 26, 6, '2019-08-28 16:48:24', '2019-08-28 16:48:29', 'abgeschlossen', 4, 0),
	(575, 26, 2, '2019-08-28 16:51:11', '2019-08-28 16:51:16', 'abgeschlossen', 0, 0),
	(576, 26, 6, '2019-08-28 16:51:18', '2019-08-28 16:51:23', 'abgeschlossen', 23, 0),
	(578, 26, 2, '2019-08-28 16:51:45', '2019-08-28 16:51:50', 'abgeschlossen', 0, 0),
	(579, 26, 6, '2019-08-28 16:51:51', '2019-08-28 16:51:56', 'abgeschlossen', 4, 0),
	(581, 26, 2, '2019-08-28 16:52:12', '2019-08-28 16:52:17', 'abgeschlossen', 0, 0),
	(582, 26, 6, '2019-08-28 16:52:20', '2019-08-28 16:52:25', 'abgeschlossen', 5, 0),
	(584, 26, 2, '2019-08-28 16:52:34', '2019-08-28 16:52:39', 'abgeschlossen', 0, 0),
	(585, 26, 6, '2019-08-28 16:52:40', '2019-08-28 16:52:45', 'abgeschlossen', 4, 0),
	(587, 26, 2, '2019-08-28 17:27:38', '2019-08-28 17:27:43', 'abgeschlossen', 0, 0),
	(588, 26, 6, '2019-08-28 17:27:45', '2019-08-28 17:27:50', 'abgeschlossen', 4, 0),
	(590, 26, 2, '2019-08-28 17:30:09', '2019-08-28 17:30:14', 'abgeschlossen', 0, 0),
	(591, 26, 6, '2019-08-28 17:30:15', '2019-08-28 17:30:20', 'abgeschlossen', 2, 0),
	(593, 26, 2, '2019-08-28 18:05:41', '2019-08-28 18:05:46', 'abgeschlossen', 0, 0),
	(594, 26, 6, '2019-08-28 18:05:48', '2019-08-28 18:05:53', 'abgeschlossen', 23, 0),
	(596, 26, 2, '2019-08-28 18:08:23', '2019-08-28 18:08:28', 'abgeschlossen', 0, 0),
	(597, 26, 6, '2019-08-28 18:08:30', '2019-08-28 18:08:35', 'abgeschlossen', 5, 0),
	(599, 26, 2, '2019-08-28 18:13:14', '2019-08-28 18:13:19', 'abgeschlossen', 0, 0),
	(600, 26, 6, '2019-08-28 18:13:20', '2019-08-28 18:13:25', 'abgeschlossen', 5, 0),
	(602, 26, 2, '2019-08-28 18:21:45', '2019-08-28 18:21:50', 'abgeschlossen', 0, 0),
	(603, 26, 6, '2019-08-28 18:21:51', '2019-08-28 18:21:56', 'abgeschlossen', 2, 0),
	(605, 26, 2, '2019-08-28 18:22:53', '2019-08-28 18:22:58', 'abgeschlossen', 0, 0),
	(606, 26, 2, '2019-08-28 18:32:05', '2019-08-28 18:32:10', 'abgeschlossen', 0, 0),
	(607, 26, 6, '2019-08-28 18:32:30', '2019-08-28 18:32:35', 'abgeschlossen', 5, 0),
	(609, 26, 2, '2019-08-28 18:33:54', '2019-08-28 18:33:59', 'abgeschlossen', 0, 0),
	(610, 26, 6, '2019-08-28 18:34:03', '2019-08-28 18:34:08', 'abgeschlossen', 2, 0),
	(612, 26, 2, '2019-08-28 18:35:04', '2019-08-28 18:35:09', 'abgeschlossen', 0, 0),
	(613, 26, 6, '2019-08-28 18:35:12', '2019-08-28 18:35:17', 'abgeschlossen', 2, 0),
	(682, 43, 10, '2019-09-06 19:16:39', '2019-09-06 19:16:49', 'abgeschlossen', 1, 0),
	(683, 43, 10, '2019-09-06 19:16:52', '2019-09-06 19:17:02', 'abgeschlossen', 9, 0),
	(684, 43, 2, '2019-09-06 19:17:12', '2019-09-06 19:17:17', 'abgeschlossen', 0, 0),
	(685, 43, 6, '2019-09-06 19:17:22', '2019-09-06 19:17:27', 'abgeschlossen', 4, 0),
	(686, 43, 11, '2019-09-06 19:17:29', '2019-09-07 17:02:13', 'abgeschlossen', 4, 0),
	(687, 43, 2, '2019-09-06 20:11:49', '2019-09-06 20:11:54', 'abgeschlossen', 0, 0),
	(688, 43, 2, '2019-09-06 20:20:09', '2019-09-06 20:20:14', 'abgeschlossen', 0, 0),
	(689, 43, 6, '2019-09-06 20:20:16', '2019-09-06 20:20:21', 'abgeschlossen', 4, 0),
	(690, 43, 11, '2019-09-06 20:20:21', '2019-09-07 17:02:13', 'abgeschlossen', 4, 0),
	(691, 43, 2, '2019-09-06 20:21:10', '2019-09-06 20:21:15', 'abgeschlossen', 0, 0),
	(692, 43, 6, '2019-09-06 20:21:17', '2019-09-06 20:21:22', 'abgeschlossen', 4, 0),
	(693, 43, 11, '2019-09-06 20:21:23', '2019-09-07 17:02:13', 'abgeschlossen', 4, 0),
	(694, 43, 2, '2019-09-06 20:22:54', '2019-09-06 20:22:59', 'abgeschlossen', 0, 0),
	(695, 43, 6, '2019-09-06 20:23:01', '2019-09-06 20:23:06', 'abgeschlossen', 4, 0),
	(696, 43, 11, '2019-09-06 20:23:06', '2019-09-07 17:02:13', 'abgeschlossen', 4, 0),
	(697, 43, 2, '2019-09-06 20:24:37', '2019-09-06 20:24:42', 'abgeschlossen', 0, 0),
	(698, 43, 6, '2019-09-06 20:24:43', '2019-09-06 20:24:48', 'abgeschlossen', 4, 0),
	(699, 43, 11, '2019-09-06 20:24:48', '2019-09-07 17:02:13', 'abgeschlossen', 4, 0),
	(700, 43, 2, '2019-09-07 16:36:41', '2019-09-07 16:36:46', 'abgeschlossen', 0, 0),
	(701, 43, 6, '2019-09-07 16:36:48', '2019-09-07 16:36:53', 'abgeschlossen', 4, 0),
	(702, 43, 11, '2019-09-07 16:36:53', '2019-09-07 17:02:13', 'abgeschlossen', 4, 0),
	(703, 43, 2, '2019-09-07 16:37:31', '2019-09-07 16:37:36', 'abgeschlossen', 0, 0),
	(704, 43, 6, '2019-09-07 16:37:38', '2019-09-07 16:37:43', 'abgeschlossen', 4, 0),
	(705, 43, 11, '2019-09-07 16:37:43', '2019-09-07 17:02:13', 'abgeschlossen', 4, 0),
	(706, 43, 2, '2019-09-07 16:46:06', '2019-09-07 16:46:11', 'abgeschlossen', 0, 0),
	(707, 43, 2, '2019-09-07 16:47:52', '2019-09-07 16:47:57', 'abgeschlossen', 0, 0),
	(708, 43, 2, '2019-09-07 16:52:00', '2019-09-07 16:52:05', 'abgeschlossen', 0, 0),
	(709, 43, 6, '2019-09-07 16:52:10', '2019-09-07 16:52:15', 'abgeschlossen', 4, 0),
	(710, 43, 11, '2019-09-07 16:52:16', '2019-09-07 17:02:13', 'abgeschlossen', 4, 0),
	(711, 43, 2, '2019-09-07 16:54:01', '2019-09-07 16:54:06', 'abgeschlossen', 0, 0),
	(712, 43, 6, '2019-09-07 16:54:08', '2019-09-07 16:54:13', 'abgeschlossen', 4, 0),
	(713, 43, 11, '2019-09-07 16:54:13', '2019-09-07 17:02:13', 'abgeschlossen', 4, 0),
	(714, 43, 2, '2019-09-07 17:00:13', '2019-09-07 17:00:18', 'abgeschlossen', 0, 0),
	(715, 43, 6, '2019-09-07 17:00:21', '2019-09-07 17:00:26', 'abgeschlossen', 4, 0),
	(716, 43, 11, '2019-09-07 17:00:26', '2019-09-07 17:02:13', 'abgeschlossen', 4, 0),
	(717, 43, 2, '2019-09-07 17:01:25', '2019-09-07 17:01:30', 'abgeschlossen', 0, 0),
	(718, 43, 6, '2019-09-07 17:01:32', '2019-09-07 17:01:37', 'abgeschlossen', 4, 0),
	(719, 43, 11, '2019-09-07 17:01:37', '2019-09-07 17:02:13', 'abgeschlossen', 4, 0),
	(720, 43, 2, '2019-09-07 17:05:45', '2019-09-07 17:05:50', 'abgeschlossen', 0, 0),
	(721, 43, 6, '2019-09-07 17:05:52', '2019-09-07 17:05:57', 'abgeschlossen', 4, 0),
	(722, 43, 11, '2019-09-07 17:05:57', '2019-09-07 17:06:10', 'abgeschlossen', 4, 0),
	(723, 43, 2, '2019-09-07 17:11:32', '2019-09-07 17:11:37', 'abgeschlossen', 0, 0),
	(724, 43, 6, '2019-09-07 17:18:35', '2019-09-07 17:18:40', 'abgeschlossen', 4, 0),
	(725, 43, 11, '2019-09-07 17:18:40', '2019-09-07 17:19:41', 'abgeschlossen', 4, 0),
	(726, 43, 2, '2019-09-07 17:22:35', '2019-09-07 17:22:40', 'abgeschlossen', 0, 0),
	(727, 43, 6, '2019-09-07 17:22:42', '2019-09-07 17:22:47', 'abgeschlossen', 4, 0),
	(728, 43, 11, '2019-09-07 17:22:47', '2019-09-07 17:25:59', 'abgeschlossen', 43, 0),
	(729, 43, 2, '2019-09-07 17:26:13', '2019-09-07 17:26:18', 'abgeschlossen', 0, 0),
	(730, 43, 6, '2019-09-07 17:26:20', '2019-09-07 17:26:25', 'abgeschlossen', 23, 0),
	(731, 43, 11, '2019-09-07 17:26:25', '2019-09-07 17:27:31', 'abgeschlossen', 44, 0),
	(732, 43, 2, '2019-09-07 21:20:18', '2019-09-07 21:20:23', 'abgeschlossen', 0, 0),
	(733, 43, 6, '2019-09-07 21:20:27', '2019-09-07 21:20:32', 'abgeschlossen', 4, 0),
	(734, 43, 11, '2019-09-07 21:20:32', '2019-09-07 21:50:38', 'abgeschlossen', 45, 0),
	(735, 43, 2, '2019-09-07 21:50:51', '2019-09-07 21:50:56', 'abgeschlossen', 0, 0),
	(736, 43, 6, '2019-09-07 21:50:58', '2019-09-07 21:51:03', 'abgeschlossen', 2, 0),
	(737, 43, 11, '2019-09-07 21:51:03', '2019-09-07 21:51:49', 'abgeschlossen', 46, 0),
	(738, 43, 2, '2019-09-07 21:51:54', '2019-09-07 21:51:59', 'abgeschlossen', 0, 0),
	(739, 43, 6, '2019-09-07 21:52:01', '2019-09-07 21:52:06', 'abgeschlossen', 4, 0),
	(740, 43, 11, '2019-09-07 21:52:06', '2019-09-07 21:55:42', 'abgeschlossen', 47, 0),
	(741, 43, 2, '2019-09-07 21:55:46', '2019-09-07 21:55:51', 'abgeschlossen', 0, 0),
	(742, 43, 6, '2019-09-07 21:55:54', '2019-09-07 21:55:59', 'abgeschlossen', 4, 0),
	(743, 43, 11, '2019-09-07 21:55:59', '2019-09-07 21:56:51', 'abgeschlossen', 48, 0),
	(744, 43, 2, '2019-09-07 21:56:53', '2019-09-07 21:56:58', 'abgeschlossen', 0, 0),
	(745, 43, 6, '2019-09-07 21:56:59', '2019-09-07 21:57:04', 'abgeschlossen', 4, 0),
	(746, 43, 11, '2019-09-07 21:57:04', '2019-09-07 21:58:20', 'abgeschlossen', 49, 0),
	(747, 43, 2, '2019-09-07 21:58:22', '2019-09-07 21:58:27', 'abgeschlossen', 0, 0),
	(748, 43, 6, '2019-09-07 21:58:29', '2019-09-07 21:58:34', 'abgeschlossen', 4, 0),
	(749, 43, 11, '2019-09-07 21:58:34', '2019-09-07 22:00:24', 'abgeschlossen', 50, 0),
	(750, 43, 2, '2019-09-07 22:00:25', '2019-09-07 22:00:30', 'abgeschlossen', 0, 0),
	(751, 43, 6, '2019-09-07 22:00:32', '2019-09-07 22:00:37', 'abgeschlossen', 4, 0),
	(752, 43, 11, '2019-09-07 22:00:37', '2019-09-07 22:02:13', 'abgeschlossen', 51, 0),
	(753, 43, 2, '2019-09-07 22:02:14', '2019-09-07 22:02:19', 'abgeschlossen', 0, 0),
	(754, 43, 6, '2019-09-07 22:02:21', '2019-09-07 22:02:26', 'abgeschlossen', 4, 0),
	(755, 43, 11, '2019-09-07 22:02:26', '2019-09-07 22:04:00', 'abgeschlossen', 52, 0),
	(756, 43, 2, '2019-09-07 22:04:04', '2019-09-07 22:04:09', 'abgeschlossen', 0, 0),
	(757, 43, 6, '2019-09-07 22:04:11', '2019-09-07 22:04:16', 'abgeschlossen', 4, 0),
	(758, 43, 11, '2019-09-07 22:04:16', '2019-09-07 22:08:04', 'abgeschlossen', 53, 0),
	(759, 43, 2, '2019-09-07 22:08:08', '2019-09-07 22:08:13', 'abgeschlossen', 0, 0),
	(760, 43, 6, '2019-09-07 22:08:14', '2019-09-07 22:08:19', 'abgeschlossen', 4, 0),
	(761, 43, 11, '2019-09-07 22:08:19', '2019-09-07 22:09:55', 'abgeschlossen', 54, 0),
	(762, 43, 2, '2019-09-07 22:09:58', '2019-09-07 22:10:03', 'abgeschlossen', 0, 0),
	(763, 43, 6, '2019-09-07 22:10:05', '2019-09-07 22:10:10', 'abgeschlossen', 4, 0),
	(764, 43, 11, '2019-09-07 22:10:10', '2019-09-07 22:12:41', 'abgeschlossen', 55, 0),
	(765, 43, 2, '2019-09-07 22:12:43', '2019-09-07 22:12:48', 'abgeschlossen', 0, 0),
	(766, 43, 6, '2019-09-07 22:12:50', '2019-09-07 22:12:55', 'abgeschlossen', 4, 0),
	(767, 43, 11, '2019-09-07 22:12:55', '2019-09-07 22:14:35', 'abgeschlossen', 56, 0),
	(768, 43, 2, '2019-09-07 22:14:36', '2019-09-07 22:14:41', 'abgeschlossen', 0, 0),
	(769, 43, 6, '2019-09-07 22:14:42', '2019-09-07 22:14:47', 'abgeschlossen', 4, 0),
	(770, 43, 11, '2019-09-07 22:14:47', '2019-09-07 22:17:21', 'abgeschlossen', 57, 0),
	(771, 43, 2, '2019-09-07 22:17:22', '2019-09-07 22:17:27', 'abgeschlossen', 0, 0),
	(772, 43, 6, '2019-09-07 22:17:28', '2019-09-07 22:17:33', 'abgeschlossen', 4, 0),
	(773, 43, 11, '2019-09-07 22:17:33', '2019-09-07 22:22:31', 'abgeschlossen', 58, 0),
	(774, 43, 2, '2019-09-07 22:22:32', '2019-09-07 22:22:37', 'abgeschlossen', 0, 0),
	(775, 43, 6, '2019-09-07 22:22:39', '2019-09-07 22:22:44', 'abgeschlossen', 4, 0),
	(776, 43, 11, '2019-09-07 22:22:44', '2019-09-07 22:25:21', 'abgeschlossen', 59, 0),
	(777, 43, 2, '2019-09-07 22:25:23', '2019-09-07 22:25:28', 'abgeschlossen', 0, 0),
	(778, 43, 6, '2019-09-07 22:25:30', '2019-09-07 22:25:35', 'abgeschlossen', 4, 0),
	(779, 43, 11, '2019-09-07 22:25:35', '2019-09-07 22:26:32', 'abgeschlossen', 60, 0),
	(780, 43, 2, '2019-09-07 22:26:38', '2019-09-07 22:26:43', 'abgeschlossen', 0, 0),
	(781, 43, 6, '2019-09-07 22:26:46', '2019-09-07 22:26:51', 'abgeschlossen', 4, 0),
	(782, 43, 11, '2019-09-07 22:26:53', '2019-09-07 22:41:37', 'abgeschlossen', 61, 0),
	(783, 43, 2, '2019-09-07 22:41:47', '2019-09-07 22:41:52', 'abgeschlossen', 0, 0),
	(784, 43, 6, '2019-09-07 22:41:54', '2019-09-07 22:41:59', 'abgeschlossen', 4, 0),
	(785, 43, 11, '2019-09-07 22:41:59', '2019-09-07 22:42:05', 'abgeschlossen', 62, 0),
	(786, 43, 2, '2019-09-07 22:43:00', '2019-09-07 22:43:05', 'abgeschlossen', 0, 0),
	(787, 43, 6, '2019-09-07 22:43:07', '2019-09-07 22:43:12', 'abgeschlossen', 4, 0),
	(788, 43, 11, '2019-09-07 22:43:12', '2019-09-07 22:43:17', 'abgeschlossen', 63, 0),
	(789, 43, 2, '2019-09-07 22:43:21', '2019-09-07 22:43:26', 'abgeschlossen', 0, 0),
	(790, 43, 6, '2019-09-07 22:43:28', '2019-09-07 22:43:33', 'abgeschlossen', 4, 0),
	(791, 43, 11, '2019-09-07 22:43:33', '2019-09-07 22:43:37', 'abgeschlossen', 64, 0),
	(792, 43, 2, '2019-09-07 22:46:31', '2019-09-07 22:46:36', 'abgeschlossen', 0, 0),
	(793, 43, 6, '2019-09-07 22:46:39', '2019-09-07 22:46:44', 'abgeschlossen', 23, 0),
	(794, 43, 11, '2019-09-07 22:46:44', '2019-09-07 22:47:07', 'abgeschlossen', 65, 0),
	(795, 45, 10, '2019-09-07 22:47:54', '2019-09-07 22:48:04', 'abgeschlossen', 5, 0),
	(796, 45, 2, '2019-09-07 22:48:08', '2019-09-07 22:48:13', 'abgeschlossen', 0, 0),
	(797, 45, 7, '2019-09-07 22:50:16', '2019-09-07 22:50:21', 'abgeschlossen', 8, 0),
	(798, 45, 2, '2019-09-07 22:50:24', '2019-09-07 22:50:29', 'abgeschlossen', 0, 0),
	(799, 45, 2, '2019-09-07 22:50:32', '2019-09-07 22:50:37', 'abgeschlossen', 0, 0),
	(800, 45, 2, '2019-09-07 22:50:41', '2019-09-07 22:50:46', 'abgeschlossen', 0, 0),
	(801, 45, 2, '2019-09-07 22:50:49', '2019-09-07 22:50:54', 'abgeschlossen', 0, 0),
	(802, 45, 10, '2019-09-07 22:50:56', '2019-09-07 22:51:06', 'abgeschlossen', 3, 0),
	(803, 45, 2, '2019-09-07 22:51:09', '2019-09-07 22:51:14', 'abgeschlossen', 0, 0),
	(804, 45, 6, '2019-09-07 22:51:16', '2019-09-07 22:51:21', 'abgeschlossen', 27, 0),
	(805, 45, 11, '2019-09-07 22:51:21', '2019-09-07 22:51:25', 'abgeschlossen', 66, 0),
	(806, 45, 2, '2019-09-07 22:57:19', '2019-09-07 22:57:24', 'abgeschlossen', 0, 0),
	(807, 45, 6, '2019-09-07 22:57:26', '2019-09-07 22:57:31', 'abgeschlossen', 10, 0),
	(808, 45, 11, '2019-09-07 22:57:31', '2019-09-07 22:57:40', 'abgeschlossen', 67, 0),
	(809, 45, 10, '2019-09-07 22:57:46', '2019-09-07 22:57:56', 'abgeschlossen', 5, 0),
	(810, 45, 10, '2019-09-09 12:07:09', '2019-09-09 12:07:19', 'abgeschlossen', 7, 0),
	(811, 45, 10, '2019-09-09 12:07:28', '2019-09-09 12:07:38', 'abgeschlossen', 11, 0),
	(812, 45, 10, '2019-09-09 12:07:41', '2019-09-09 12:07:51', 'abgeschlossen', 4, 0),
	(813, 45, 10, '2019-09-09 12:07:56', '2019-09-09 12:08:06', 'abgeschlossen', 8, 0),
	(814, 45, 10, '2019-09-09 12:08:12', '2019-09-09 12:08:22', 'abgeschlossen', 9, 0),
	(815, 45, 2, '2019-09-09 12:08:25', '2019-09-09 12:08:30', 'abgeschlossen', 0, 0),
	(816, 45, 6, '2019-09-09 12:08:33', '2019-09-09 12:08:38', 'abgeschlossen', 4, 0),
	(817, 45, 11, '2019-09-09 12:08:40', '2019-09-09 14:08:54', 'abgeschlossen', 68, 0),
	(818, 26, 2, '2019-09-09 12:44:00', '2019-09-09 12:44:05', 'abgeschlossen', 0, 0),
	(819, 26, 6, '2019-09-09 12:44:07', '2019-09-09 12:44:12', 'abgeschlossen', 4, 0),
	(820, 26, 11, '2019-09-09 12:44:12', '2019-09-09 13:12:44', 'abgeschlossen', 69, 0),
	(821, 26, 2, '2019-09-09 13:12:49', '2019-09-09 13:12:54', 'abgeschlossen', 0, 0),
	(822, 26, 6, '2019-09-09 13:12:56', '2019-09-09 13:13:01', 'abgeschlossen', 4, 0),
	(823, 26, 11, '2019-09-09 13:13:02', '2019-09-09 13:13:36', 'abgeschlossen', 70, 0),
	(824, 26, 2, '2019-09-09 13:15:45', '2019-09-09 13:15:50', 'abgeschlossen', 0, 0),
	(825, 26, 6, '2019-09-09 13:17:25', '2019-09-09 13:17:30', 'abgeschlossen', 4, 0),
	(826, 26, 11, '2019-09-09 13:17:30', '2019-09-09 14:06:04', 'abgeschlossen', 71, 0),
	(827, 45, 2, '2019-09-09 14:10:00', '2019-09-09 14:10:05', 'abgeschlossen', 0, 0),
	(828, 45, 6, '2019-09-09 14:10:08', '2019-09-09 14:10:13', 'abgeschlossen', 5, 0),
	(829, 45, 11, '2019-09-09 14:10:13', '2019-09-09 14:10:38', 'abgeschlossen', 72, 0),
	(830, 45, 2, '2019-09-09 14:11:29', '2019-09-09 14:11:34', 'abgeschlossen', 0, 0),
	(831, 45, 6, '2019-09-09 14:12:11', '2019-09-09 14:12:16', 'abgeschlossen', 36, 0),
	(832, 45, 11, '2019-09-09 14:12:18', '2019-09-09 18:58:42', 'abgeschlossen', 73, 0),
	(833, 45, 2, '2019-09-09 18:58:47', '2019-09-09 18:58:52', 'abgeschlossen', 0, 0),
	(834, 45, 6, '2019-09-09 18:59:04', '2019-09-09 18:59:09', 'abgeschlossen', 4, 0),
	(835, 45, 11, '2019-09-09 18:59:09', '2019-09-09 19:01:00', 'abgeschlossen', 74, 0),
	(836, 45, 2, '2019-09-09 19:01:03', '2019-09-09 19:01:08', 'abgeschlossen', 0, 0),
	(837, 45, 6, '2019-09-09 19:01:10', '2019-09-09 19:01:15', 'abgeschlossen', 4, 0),
	(838, 45, 11, '2019-09-09 19:01:15', '2019-09-09 19:04:32', 'abgeschlossen', 75, 0),
	(839, 45, 2, '2019-09-09 19:04:38', '2019-09-09 19:04:43', 'abgeschlossen', 0, 0),
	(840, 45, 6, '2019-09-09 19:04:44', '2019-09-09 19:04:49', 'abgeschlossen', 4, 0),
	(841, 45, 11, '2019-09-09 19:04:51', '2019-09-09 19:07:09', 'abgeschlossen', 76, 0),
	(842, 45, 2, '2019-09-09 19:07:15', '2019-09-09 19:07:20', 'abgeschlossen', 0, 0),
	(843, 45, 6, '2019-09-09 19:07:23', '2019-09-09 19:07:28', 'abgeschlossen', 4, 0),
	(844, 45, 11, '2019-09-09 19:07:28', '2019-09-12 17:10:52', 'abgeschlossen', 77, 0),
	(845, 45, 2, '2019-09-12 17:10:59', '2019-09-12 17:11:04', 'abgeschlossen', 0, 0),
	(846, 45, 6, '2019-09-12 17:11:11', '2019-09-12 17:11:16', 'abgeschlossen', 4, 0),
	(847, 45, 11, '2019-09-12 17:11:17', '2019-09-12 17:11:22', 'abgeschlossen', 78, 0),
	(848, 45, 2, '2019-09-12 17:16:00', '2019-09-12 17:16:05', 'abgeschlossen', 0, 0),
	(849, 45, 6, '2019-09-12 17:16:37', '2019-09-12 17:16:42', 'abgeschlossen', 4, 0),
	(850, 45, 11, '2019-09-12 17:16:46', '2019-09-12 17:17:38', 'abgeschlossen', 79, 0),
	(851, 45, 2, '2019-09-12 17:20:37', '2019-09-12 17:20:42', 'abgeschlossen', 0, 0),
	(852, 45, 6, '2019-09-12 17:20:45', '2019-09-12 17:20:50', 'abgeschlossen', 4, 0),
	(853, 45, 11, '2019-09-12 17:20:50', '2019-09-12 17:21:02', 'abgeschlossen', 80, 0),
	(854, 45, 2, '2019-09-12 17:21:29', '2019-09-12 17:21:34', 'abgeschlossen', 0, 0),
	(855, 45, 2, '2019-09-12 17:21:43', '2019-09-12 17:21:48', 'abgeschlossen', 0, 0),
	(856, 45, 2, '2019-09-12 17:21:58', '2019-09-12 17:22:03', 'abgeschlossen', 0, 0),
	(857, 45, 6, '2019-09-12 17:22:05', '2019-09-12 17:22:10', 'abgeschlossen', 4, 0),
	(858, 45, 11, '2019-09-12 17:22:12', '2019-09-12 17:22:14', 'abgeschlossen', 81, 0),
	(859, 45, 2, '2019-09-12 17:36:43', '2019-09-12 17:36:48', 'abgeschlossen', 0, 0),
	(860, 45, 6, '2019-09-12 17:36:52', '2019-09-12 17:36:57', 'abgeschlossen', 4, 0),
	(861, 45, 11, '2019-09-12 17:36:58', '2019-09-12 18:19:12', 'abgeschlossen', 82, 0),
	(862, 45, 2, '2019-09-12 18:19:15', '2019-09-12 18:19:20', 'abgeschlossen', 0, 0),
	(863, 45, 6, '2019-09-12 18:19:22', '2019-09-12 18:19:27', 'abgeschlossen', 4, 0),
	(864, 45, 11, '2019-09-12 18:19:27', '2019-09-12 18:21:02', 'abgeschlossen', 83, 0),
	(865, 45, 2, '2019-09-12 18:21:05', '2019-09-12 18:21:10', 'abgeschlossen', 0, 0),
	(866, 45, 6, '2019-09-12 18:21:11', '2019-09-12 18:21:16', 'abgeschlossen', 4, 0),
	(867, 45, 11, '2019-09-12 18:21:36', '2019-09-16 19:31:01', 'abgeschlossen', 84, 0),
	(868, 45, 2, '2019-09-16 19:31:19', '2019-09-16 19:31:24', 'abgeschlossen', 0, 0),
	(869, 45, 6, '2019-09-16 19:31:27', '2019-09-16 19:31:32', 'abgeschlossen', 5, 0),
	(870, 45, 11, '2019-09-16 19:31:32', '2019-09-16 19:35:33', 'abgeschlossen', 85, 0),
	(871, 45, 2, '2019-09-16 19:36:03', '2019-09-16 19:36:08', 'abgeschlossen', 0, 0),
	(872, 45, 6, '2019-09-16 19:36:10', '2019-09-16 19:36:15', 'abgeschlossen', 4, 0),
	(873, 45, 11, '2019-09-16 19:36:15', '2019-09-16 19:38:02', 'abgeschlossen', 86, 0),
	(874, 45, 2, '2019-09-16 19:41:06', '2019-09-16 19:41:11', 'abgeschlossen', 0, 0),
	(875, 45, 6, '2019-09-16 19:41:12', '2019-09-16 19:41:17', 'abgeschlossen', 4, 0),
	(876, 45, 11, '2019-09-16 19:41:17', '2019-09-16 19:43:28', 'abgeschlossen', 87, 0),
	(877, 45, 2, '2019-09-16 19:44:35', '2019-09-16 19:44:40', 'abgeschlossen', 0, 0),
	(878, 45, 6, '2019-09-16 19:44:41', '2019-09-16 19:44:46', 'abgeschlossen', 4, 0),
	(879, 45, 11, '2019-09-16 19:44:46', '2019-09-16 19:45:20', 'abgeschlossen', 88, 0),
	(880, 45, 2, '2019-09-17 18:54:41', '2019-09-17 18:54:46', 'abgeschlossen', 0, 0),
	(881, 45, 6, '2019-09-17 18:55:36', '2019-09-17 18:55:41', 'abgeschlossen', 4, 0),
	(882, 45, 11, '2019-09-17 18:55:41', '2019-09-17 18:57:04', 'abgeschlossen', 89, 0),
	(883, 45, 2, '2019-09-17 19:02:58', '2019-09-17 19:03:03', 'abgeschlossen', 0, 0),
	(884, 45, 6, '2019-09-17 19:03:04', '2019-09-17 19:03:09', 'abgeschlossen', 4, 0),
	(885, 45, 11, '2019-09-17 19:03:09', '2019-09-17 19:03:38', 'abgeschlossen', 90, 0),
	(886, 45, 2, '2019-09-17 19:20:27', '2019-09-17 19:20:32', 'abgeschlossen', 0, 0),
	(887, 45, 6, '2019-09-17 19:20:34', '2019-09-17 19:20:39', 'abgeschlossen', 4, 0),
	(888, 45, 11, '2019-09-17 19:20:39', '2019-09-17 19:22:14', 'abgeschlossen', 91, 0),
	(889, 45, 2, '2019-09-17 19:24:06', '2019-09-17 19:24:11', 'abgeschlossen', 0, 0),
	(890, 45, 6, '2019-09-17 19:24:12', '2019-09-17 19:24:17', 'abgeschlossen', 4, 0),
	(891, 45, 11, '2019-09-17 19:24:17', '2019-09-17 19:25:19', 'abgeschlossen', 92, 0),
	(892, 45, 2, '2019-09-17 19:30:32', '2019-09-17 19:30:37', 'abgeschlossen', 0, 0),
	(893, 45, 6, '2019-09-17 19:30:39', '2019-09-17 19:30:44', 'abgeschlossen', 4, 0),
	(894, 45, 11, '2019-09-17 19:30:44', '2019-09-17 19:40:44', 'abgeschlossen', 93, 0),
	(895, 45, 2, '2019-09-17 19:44:40', '2019-09-17 19:44:45', 'abgeschlossen', 0, 0),
	(896, 45, 6, '2019-09-17 19:44:46', '2019-09-17 19:44:51', 'abgeschlossen', 4, 0),
	(897, 45, 11, '2019-09-17 19:44:51', '2019-09-17 19:45:05', 'abgeschlossen', 94, 0),
	(898, 45, 2, '2019-09-17 19:45:07', '2019-09-17 19:45:12', 'abgeschlossen', 0, 0),
	(899, 45, 6, '2019-09-17 19:45:31', '2019-09-17 19:45:36', 'abgeschlossen', 4, 0),
	(900, 45, 11, '2019-09-17 19:45:36', '2019-09-17 19:46:08', 'abgeschlossen', 95, 0),
	(901, 45, 2, '2019-09-17 19:46:09', '2019-09-17 19:46:14', 'abgeschlossen', 0, 0),
	(902, 45, 6, '2019-09-17 19:46:17', '2019-09-17 19:46:22', 'abgeschlossen', 5, 0),
	(903, 45, 11, '2019-09-17 19:46:22', '2019-09-17 19:47:36', 'abgeschlossen', 96, 0),
	(904, 45, 2, '2019-09-17 19:47:39', '2019-09-17 19:47:44', 'abgeschlossen', 0, 0),
	(905, 45, 6, '2019-09-17 19:47:46', '2019-09-17 19:47:51', 'abgeschlossen', 4, 0),
	(906, 45, 11, '2019-09-17 19:48:15', '2019-09-17 19:49:58', 'abgeschlossen', 97, 0),
	(907, 45, 2, '2019-09-17 19:50:00', '2019-09-17 19:50:05', 'abgeschlossen', 0, 0),
	(908, 45, 6, '2019-09-17 19:50:06', '2019-09-17 19:50:11', 'abgeschlossen', 4, 0),
	(909, 45, 11, '2019-09-17 19:50:11', '2019-09-17 19:50:55', 'abgeschlossen', 98, 0),
	(910, 45, 2, '2019-09-17 19:51:15', '2019-09-17 19:51:20', 'abgeschlossen', 0, 0),
	(911, 45, 6, '2019-09-17 19:51:22', '2019-09-17 19:51:27', 'abgeschlossen', 4, 0),
	(912, 45, 11, '2019-09-17 19:51:27', '2019-09-17 19:52:00', 'abgeschlossen', 99, 0),
	(913, 45, 2, '2019-09-17 19:52:03', '2019-09-17 19:52:08', 'abgeschlossen', 0, 0),
	(914, 45, 6, '2019-09-17 19:52:30', '2019-09-17 19:52:35', 'abgeschlossen', 4, 0),
	(915, 45, 11, '2019-09-17 19:52:35', '2019-09-17 19:53:37', 'abgeschlossen', 100, 0),
	(916, 45, 2, '2019-09-17 19:54:23', '2019-09-17 19:54:28', 'abgeschlossen', 0, 0),
	(917, 45, 6, '2019-09-17 19:54:30', '2019-09-17 19:54:35', 'abgeschlossen', 4, 0),
	(918, 45, 11, '2019-09-17 19:54:35', '2019-09-17 19:56:37', 'abgeschlossen', 101, 0),
	(919, 45, 2, '2019-09-17 19:56:39', '2019-09-17 19:56:44', 'abgeschlossen', 0, 0),
	(920, 45, 6, '2019-09-17 19:57:26', '2019-09-17 19:57:31', 'abgeschlossen', 4, 0),
	(921, 45, 11, '2019-09-17 19:57:31', '2019-09-17 19:58:14', 'abgeschlossen', 102, 0),
	(922, 45, 2, '2019-09-17 19:58:17', '2019-09-17 19:58:22', 'abgeschlossen', 0, 0),
	(923, 45, 6, '2019-09-17 19:58:24', '2019-09-17 19:58:29', 'abgeschlossen', 35, 0),
	(924, 45, 11, '2019-09-17 19:58:29', '2019-09-17 19:59:02', 'abgeschlossen', 103, 0),
	(925, 45, 2, '2019-09-22 15:11:51', '2019-09-22 15:11:56', 'abgeschlossen', 0, 0),
	(926, 45, 6, '2019-09-22 15:11:57', '2019-09-22 15:12:02', 'abgeschlossen', 4, 0),
	(927, 45, 11, '2019-09-22 15:12:02', '2019-09-22 15:13:28', 'abgeschlossen', 104, 0),
	(928, 45, 2, '2019-09-22 15:16:34', '2019-09-22 15:16:39', 'abgeschlossen', 0, 0),
	(929, 45, 6, '2019-09-22 15:16:40', '2019-09-22 15:16:45', 'abgeschlossen', 4, 0),
	(930, 45, 11, '2019-09-22 15:16:46', '2019-09-22 15:48:05', 'abgeschlossen', 105, 0),
	(931, 45, 2, '2019-09-22 15:48:11', '2019-09-22 15:48:16', 'abgeschlossen', 0, 0),
	(932, 45, 6, '2019-09-22 15:48:17', '2019-09-22 15:48:22', 'abgeschlossen', 4, 0),
	(933, 45, 11, '2019-09-22 15:48:22', '2019-09-22 15:49:18', 'abgeschlossen', 106, 0),
	(934, 45, 2, '2019-09-22 15:49:20', '2019-09-22 15:49:25', 'abgeschlossen', 0, 0),
	(935, 45, 6, '2019-09-22 15:49:26', '2019-09-22 15:49:31', 'abgeschlossen', 4, 0),
	(936, 45, 11, '2019-09-22 15:49:31', '2019-09-22 15:50:22', 'abgeschlossen', 107, 0),
	(937, 45, 2, '2019-09-22 15:50:26', '2019-09-22 15:50:31', 'abgeschlossen', 0, 0),
	(938, 45, 6, '2019-09-22 15:50:34', '2019-09-22 15:50:39', 'abgeschlossen', 4, 0),
	(939, 45, 11, '2019-09-22 15:50:50', '2019-09-22 15:51:39', 'abgeschlossen', 108, 0),
	(940, 45, 2, '2019-09-22 15:52:21', '2019-09-22 15:52:26', 'abgeschlossen', 0, 0),
	(941, 45, 6, '2019-09-22 15:52:27', '2019-09-22 15:52:32', 'abgeschlossen', 4, 0),
	(942, 45, 11, '2019-09-22 15:52:33', '2019-09-22 15:52:48', 'abgeschlossen', 109, 0),
	(943, 45, 2, '2019-09-22 16:01:15', '2019-09-22 16:01:20', 'abgeschlossen', 0, 0),
	(944, 45, 6, '2019-09-22 16:03:28', '2019-09-22 16:03:33', 'abgeschlossen', 4, 0),
	(945, 45, 11, '2019-09-22 16:03:33', '2019-09-22 16:03:55', 'abgeschlossen', 110, 0),
	(946, 45, 2, '2019-09-22 16:55:51', '2019-09-22 16:55:56', 'abgeschlossen', 0, 0),
	(947, 45, 6, '2019-09-22 16:55:57', '2019-09-22 16:56:02', 'abgeschlossen', 4, 0),
	(948, 45, 11, '2019-09-22 16:56:03', '2019-09-22 16:57:20', 'abgeschlossen', 111, 0),
	(949, 45, 2, '2019-09-22 16:57:53', '2019-09-22 16:57:58', 'abgeschlossen', 0, 0),
	(950, 45, 6, '2019-09-22 16:57:59', '2019-09-22 16:58:04', 'abgeschlossen', 4, 0),
	(951, 45, 11, '2019-09-22 16:58:04', '2019-09-22 17:02:26', 'abgeschlossen', 112, 0),
	(952, 45, 2, '2019-09-22 17:02:39', '2019-09-22 17:02:44', 'abgeschlossen', 0, 0),
	(953, 45, 6, '2019-09-22 17:02:45', '2019-09-22 17:02:50', 'abgeschlossen', 4, 0),
	(954, 45, 11, '2019-09-22 17:02:50', '2019-09-22 17:04:06', 'abgeschlossen', 113, 0),
	(955, 45, 2, '2019-09-22 17:04:10', '2019-09-22 17:04:15', 'abgeschlossen', 0, 0),
	(956, 45, 6, '2019-09-22 17:04:52', '2019-09-22 17:04:57', 'abgeschlossen', 4, 0),
	(957, 45, 11, '2019-09-22 17:04:57', '2019-09-22 17:18:52', 'abgeschlossen', 114, 0),
	(958, 45, 2, '2019-09-22 17:47:40', '2019-09-22 17:47:45', 'abgeschlossen', 0, 0),
	(959, 45, 6, '2019-09-22 17:47:46', '2019-09-22 17:47:51', 'abgeschlossen', 4, 0),
	(960, 45, 11, '2019-09-22 17:47:51', '2019-09-22 18:27:27', 'abgeschlossen', 115, 0),
	(961, 45, 2, '2019-09-22 18:27:50', '2019-09-22 18:27:55', 'abgeschlossen', 0, 0),
	(962, 45, 6, '2019-09-22 18:27:56', '2019-09-22 18:28:01', 'abgeschlossen', 4, 0),
	(963, 45, 11, '2019-09-22 18:28:01', '2019-09-22 18:28:50', 'abgeschlossen', 116, 0),
	(964, 45, 2, '2019-09-22 18:29:46', '2019-09-22 18:29:51', 'abgeschlossen', 0, 0),
	(965, 45, 6, '2019-09-22 18:29:52', '2019-09-22 18:29:57', 'abgeschlossen', 4, 0),
	(966, 45, 11, '2019-09-22 18:29:57', '2019-09-22 18:30:46', 'abgeschlossen', 117, 0),
	(967, 45, 2, '2019-09-22 18:31:02', '2019-09-22 18:31:07', 'abgeschlossen', 0, 0),
	(968, 45, 6, '2019-09-22 18:31:11', '2019-09-22 18:31:16', 'abgeschlossen', 4, 0),
	(969, 45, 11, '2019-09-22 18:31:16', '2019-09-22 18:32:04', 'abgeschlossen', 118, 0),
	(970, 45, 2, '2019-09-22 18:37:21', '2019-09-22 18:37:26', 'abgeschlossen', 0, 0),
	(971, 45, 6, '2019-09-22 18:37:27', '2019-09-22 18:37:32', 'abgeschlossen', 4, 0),
	(972, 45, 11, '2019-09-22 18:37:32', '2019-09-25 19:04:50', 'abgeschlossen', 119, 0),
	(973, 45, 2, '2019-09-25 19:45:56', '2019-09-25 19:46:01', 'abgeschlossen', 0, 0),
	(974, 45, 6, '2019-09-25 19:46:03', '2019-09-25 19:46:08', 'abgeschlossen', 4, 0),
	(975, 45, 11, '2019-09-25 19:46:08', '2019-09-25 19:46:33', 'abgeschlossen', 120, 0),
	(976, 45, 2, '2019-09-25 20:07:37', '2019-09-25 20:07:42', 'abgeschlossen', 0, 0),
	(977, 45, 6, '2019-09-25 20:07:44', '2019-09-25 20:07:49', 'abgeschlossen', 4, 0),
	(978, 45, 11, '2019-09-25 20:07:49', '2019-09-25 20:09:14', 'abgeschlossen', 121, 0),
	(979, 45, 2, '2019-09-25 20:24:41', '2019-09-25 20:24:46', 'abgeschlossen', 0, 0),
	(980, 45, 6, '2019-09-25 20:24:47', '2019-09-25 20:24:52', 'abgeschlossen', 4, 0),
	(981, 45, 11, '2019-09-25 20:24:52', '2019-09-28 16:33:04', 'abgeschlossen', 122, 0),
	(982, 45, 2, '2019-09-28 16:33:06', '2019-09-28 16:33:11', 'abgeschlossen', 0, 0),
	(983, 45, 6, '2019-09-28 16:33:12', '2019-09-28 16:33:17', 'abgeschlossen', 4, 0),
	(984, 45, 11, '2019-09-28 16:33:46', '2019-09-28 18:10:53', 'abgeschlossen', 123, 0),
	(985, 45, 2, '2019-09-28 18:10:56', '2019-09-28 18:11:01', 'abgeschlossen', 0, 0),
	(986, 45, 6, '2019-09-28 18:11:02', '2019-09-28 18:11:07', 'abgeschlossen', 4, 0),
	(987, 45, 11, '2019-09-28 18:11:07', '2019-09-28 18:14:35', 'abgeschlossen', 124, 0),
	(988, 45, 2, '2019-09-28 18:19:42', '2019-09-28 18:19:47', 'abgeschlossen', 0, 0),
	(989, 45, 6, '2019-09-28 18:19:50', '2019-09-28 18:19:55', 'abgeschlossen', 4, 0),
	(990, 45, 11, '2019-09-28 18:19:55', '2019-09-28 19:19:07', 'abgeschlossen', 125, 0),
	(991, 45, 2, '2019-09-28 19:19:13', '2019-09-28 19:19:18', 'abgeschlossen', 0, 0),
	(992, 45, 6, '2019-09-28 19:19:19', '2019-09-28 19:19:24', 'abgeschlossen', 4, 0),
	(993, 45, 11, '2019-09-28 19:19:24', '2019-09-28 19:24:59', 'abgeschlossen', 126, 0),
	(994, 45, 2, '2019-09-28 19:25:04', '2019-09-28 19:25:09', 'abgeschlossen', 0, 0),
	(995, 45, 6, '2019-09-28 19:25:10', '2019-09-28 19:25:15', 'abgeschlossen', 4, 0),
	(996, 45, 11, '2019-09-28 19:25:15', '2019-09-28 19:30:09', 'abgeschlossen', 127, 0),
	(997, 45, 2, '2019-09-28 19:30:14', '2019-09-28 19:30:19', 'abgeschlossen', 0, 0),
	(998, 45, 6, '2019-09-28 19:30:20', '2019-09-28 19:30:25', 'abgeschlossen', 4, 0),
	(999, 45, 11, '2019-09-28 19:30:25', '2019-09-28 19:34:35', 'abgeschlossen', 128, 0),
	(1000, 45, 2, '2019-09-28 19:34:41', '2019-09-28 19:34:46', 'abgeschlossen', 0, 0),
	(1001, 45, 6, '2019-09-28 19:34:48', '2019-09-28 19:34:53', 'abgeschlossen', 4, 0),
	(1002, 45, 11, '2019-09-28 19:34:53', '2019-09-28 19:37:39', 'abgeschlossen', 129, 0),
	(1003, 45, 2, '2019-09-28 19:38:07', '2019-09-28 19:38:12', 'abgeschlossen', 0, 0),
	(1004, 45, 6, '2019-09-28 19:38:14', '2019-09-28 19:38:19', 'abgeschlossen', 4, 0),
	(1005, 45, 11, '2019-09-28 19:38:19', '2019-09-29 11:01:36', 'abgeschlossen', 130, 0),
	(1006, 45, 2, '2019-09-29 11:02:38', '2019-09-29 11:02:43', 'abgeschlossen', 0, 0),
	(1007, 45, 6, '2019-09-29 11:02:45', '2019-09-29 11:02:50', 'abgeschlossen', 4, 0),
	(1008, 45, 11, '2019-09-29 11:03:33', '2019-09-29 12:12:56', 'abgeschlossen', 131, 0),
	(1009, 45, 2, '2019-09-29 12:16:03', '2019-09-29 12:16:08', 'abgeschlossen', 0, 0),
	(1010, 45, 6, '2019-09-29 12:16:09', '2019-09-29 12:16:14', 'abgeschlossen', 4, 0),
	(1011, 45, 11, '2019-09-29 12:16:14', '2019-09-29 15:05:38', 'abgeschlossen', 132, 0),
	(1012, 45, 2, '2019-09-29 15:06:42', '2019-09-29 15:06:47', 'abgeschlossen', 0, 0),
	(1013, 45, 6, '2019-09-29 15:06:50', '2019-09-29 15:06:55', 'abgeschlossen', 4, 0),
	(1014, 45, 11, '2019-09-29 15:06:56', '2019-09-29 15:09:29', 'abgeschlossen', 133, 0),
	(1015, 45, 2, '2019-09-29 15:09:43', '2019-09-29 15:09:48', 'abgeschlossen', 0, 0),
	(1016, 45, 6, '2019-09-29 15:09:49', '2019-09-29 15:09:54', 'abgeschlossen', 4, 0),
	(1017, 45, 11, '2019-09-29 15:09:54', '2019-09-29 15:11:10', 'abgeschlossen', 134, 0),
	(1018, 45, 2, '2019-09-29 15:25:42', '2019-09-29 15:25:47', 'abgeschlossen', 0, 0),
	(1019, 45, 6, '2019-09-29 15:25:49', '2019-09-29 15:25:54', 'abgeschlossen', 4, 0),
	(1020, 45, 11, '2019-09-29 15:25:54', '2019-09-29 15:26:44', 'abgeschlossen', 135, 0),
	(1021, 45, 2, '2019-09-29 15:26:47', '2019-09-29 15:26:52', 'abgeschlossen', 0, 0),
	(1022, 45, 6, '2019-09-29 15:26:53', '2019-09-29 15:26:58', 'abgeschlossen', 4, 0),
	(1023, 45, 11, '2019-09-29 15:26:58', '2019-09-29 15:27:44', 'abgeschlossen', 136, 0),
	(1024, 45, 2, '2019-09-29 15:27:47', '2019-09-29 15:27:52', 'abgeschlossen', 0, 0),
	(1025, 45, 6, '2019-09-29 15:27:53', '2019-09-29 15:27:58', 'abgeschlossen', 4, 0),
	(1026, 45, 11, '2019-09-29 15:27:58', '2019-09-29 15:29:08', 'abgeschlossen', 137, 0),
	(1027, 45, 2, '2019-09-29 15:29:10', '2019-09-29 15:29:15', 'abgeschlossen', 0, 0),
	(1028, 45, 6, '2019-09-29 15:29:16', '2019-09-29 15:29:21', 'abgeschlossen', 4, 0),
	(1029, 45, 11, '2019-09-29 15:29:21', '2019-09-29 15:29:53', 'abgeschlossen', 138, 0),
	(1030, 45, 2, '2019-10-03 16:41:14', '2019-10-03 16:41:19', 'abgeschlossen', 0, 0),
	(1031, 45, 6, '2019-10-03 16:41:20', '2019-10-03 16:41:25', 'abgeschlossen', 4, 0),
	(1032, 45, 11, '2019-10-03 16:41:25', '2019-10-03 16:45:00', 'abgeschlossen', 139, 0),
	(1033, 45, 2, '2019-10-03 16:47:28', '2019-10-03 16:47:33', 'abgeschlossen', 0, 0),
	(1034, 45, 6, '2019-10-03 16:47:34', '2019-10-03 16:47:39', 'abgeschlossen', 4, 0),
	(1035, 45, 11, '2019-10-03 16:47:39', '2019-10-03 16:48:06', 'abgeschlossen', 140, 0),
	(1036, 45, 2, '2019-10-03 17:22:25', '2019-10-03 17:22:30', 'abgeschlossen', 0, 0),
	(1037, 45, 6, '2019-10-03 17:22:34', '2019-10-03 17:22:39', 'abgeschlossen', 4, 0),
	(1038, 45, 11, '2019-10-03 17:22:39', '2019-10-03 17:31:30', 'abgeschlossen', 141, 0),
	(1039, 45, 2, '2019-10-03 17:40:28', '2019-10-03 17:40:33', 'abgeschlossen', 0, 0),
	(1040, 45, 6, '2019-10-03 17:40:34', '2019-10-03 17:40:39', 'abgeschlossen', 4, 0),
	(1041, 45, 11, '2019-10-03 17:40:41', '2019-10-03 17:43:43', 'abgeschlossen', 142, 0),
	(1042, 45, 2, '2019-10-03 17:44:28', '2019-10-03 17:44:33', 'abgeschlossen', 0, 0),
	(1043, 45, 6, '2019-10-03 17:44:34', '2019-10-03 17:44:39', 'abgeschlossen', 4, 0),
	(1044, 45, 11, '2019-10-03 17:44:39', '2019-10-03 17:50:30', 'abgeschlossen', 143, 0),
	(1045, 45, 2, '2019-10-03 17:50:33', '2019-10-03 17:50:38', 'abgeschlossen', 0, 0),
	(1046, 45, 6, '2019-10-03 17:50:39', '2019-10-03 17:50:44', 'abgeschlossen', 4, 0),
	(1047, 45, 11, '2019-10-03 17:50:44', '2019-10-03 17:53:15', 'abgeschlossen', 144, 0),
	(1048, 45, 2, '2019-10-04 16:54:40', '2019-10-04 16:54:45', 'abgeschlossen', 0, 0),
	(1049, 45, 6, '2019-10-04 16:54:46', '2019-10-04 16:54:51', 'abgeschlossen', 4, 0),
	(1050, 45, 11, '2019-10-04 16:54:51', '2019-10-06 14:40:55', 'abgeschlossen', 145, 0),
	(1051, 45, 2, '2019-10-06 14:49:32', '2019-10-06 14:49:37', 'abgeschlossen', 0, 0),
	(1052, 45, 6, '2019-10-06 14:50:40', '2019-10-06 14:50:45', 'abgeschlossen', 4, 0),
	(1053, 45, 11, '2019-10-06 14:50:45', '2019-10-06 14:51:40', 'abgeschlossen', 146, 0),
	(1054, 45, 2, '2019-10-06 14:51:42', '2019-10-06 14:51:47', 'abgeschlossen', 0, 0),
	(1055, 45, 6, '2019-10-06 14:51:51', '2019-10-06 14:51:56', 'abgeschlossen', 4, 0),
	(1056, 45, 11, '2019-10-06 14:51:56', '2019-10-06 14:52:25', 'abgeschlossen', 147, 0),
	(1057, 45, 2, '2019-10-06 14:52:29', '2019-10-06 14:52:34', 'abgeschlossen', 0, 0),
	(1058, 45, 6, '2019-10-06 14:52:35', '2019-10-06 14:52:40', 'abgeschlossen', 4, 0),
	(1059, 45, 11, '2019-10-06 14:52:40', '2019-10-06 14:53:12', 'abgeschlossen', 148, 0),
	(1060, 45, 2, '2019-10-06 14:53:26', '2019-10-06 14:53:31', 'abgeschlossen', 0, 0),
	(1061, 45, 6, '2019-10-06 14:54:18', '2019-10-06 14:54:23', 'abgeschlossen', 4, 0),
	(1062, 45, 11, '2019-10-06 14:54:23', '2019-10-06 15:06:04', 'abgeschlossen', 149, 0),
	(1063, 45, 2, '2019-10-06 15:06:07', '2019-10-06 15:06:12', 'abgeschlossen', 0, 0),
	(1064, 45, 6, '2019-10-06 15:06:13', '2019-10-06 15:06:18', 'abgeschlossen', 4, 0),
	(1065, 45, 11, '2019-10-06 15:06:19', '2019-10-06 15:07:17', 'abgeschlossen', 150, 0),
	(1066, 45, 2, '2019-10-08 18:41:45', '2019-10-08 18:41:50', 'abgeschlossen', 0, 0),
	(1067, 45, 6, '2019-10-08 18:41:51', '2019-10-08 18:41:56', 'abgeschlossen', 4, 0),
	(1068, 45, 11, '2019-10-08 18:41:56', '2019-10-08 18:44:21', 'abgeschlossen', 151, 0),
	(1069, 45, 2, '2019-10-08 18:44:24', '2019-10-08 18:44:29', 'abgeschlossen', 0, 0),
	(1070, 45, 6, '2019-10-08 18:44:30', '2019-10-08 18:44:35', 'abgeschlossen', 4, 0),
	(1071, 45, 11, '2019-10-08 18:44:35', '2019-10-08 18:45:27', 'abgeschlossen', 152, 0),
	(1072, 45, 2, '2019-10-08 18:45:30', '2019-10-08 18:45:35', 'abgeschlossen', 0, 0),
	(1073, 45, 6, '2019-10-08 18:45:36', '2019-10-08 18:45:41', 'abgeschlossen', 4, 0),
	(1074, 45, 11, '2019-10-08 18:45:41', '2019-10-08 18:46:20', 'abgeschlossen', 153, 0),
	(1075, 45, 2, '2019-10-08 18:46:23', '2019-10-08 18:46:28', 'abgeschlossen', 0, 0),
	(1076, 45, 6, '2019-10-08 18:46:29', '2019-10-08 18:46:34', 'abgeschlossen', 4, 0),
	(1077, 45, 11, '2019-10-08 18:46:34', '2019-10-08 18:47:48', 'abgeschlossen', 154, 0),
	(1078, 45, 2, '2019-10-08 18:47:51', '2019-10-08 18:47:56', 'abgeschlossen', 0, 0),
	(1079, 45, 6, '2019-10-08 18:47:57', '2019-10-08 18:48:02', 'abgeschlossen', 4, 0),
	(1080, 45, 11, '2019-10-08 18:48:02', '2019-10-08 18:48:52', 'abgeschlossen', 155, 0),
	(1081, 45, 2, '2019-10-08 19:05:10', '2019-10-08 19:05:15', 'abgeschlossen', 0, 0),
	(1082, 45, 6, '2019-10-08 19:05:16', '2019-10-08 19:05:21', 'abgeschlossen', 4, 0),
	(1083, 45, 11, '2019-10-08 19:05:21', '2019-10-08 19:07:45', 'abgeschlossen', 156, 0),
	(1084, 45, 2, '2019-10-08 19:07:48', '2019-10-08 19:07:53', 'abgeschlossen', 0, 0),
	(1085, 45, 6, '2019-10-08 19:07:54', '2019-10-08 19:07:59', 'abgeschlossen', 4, 0),
	(1086, 45, 11, '2019-10-08 19:07:59', '2019-10-08 19:09:45', 'abgeschlossen', 157, 0),
	(1087, 45, 2, '2019-10-09 19:14:51', '2019-10-09 19:14:56', 'abgeschlossen', 0, 0),
	(1088, 45, 6, '2019-10-09 19:14:57', '2019-10-09 19:15:02', 'abgeschlossen', 4, 0),
	(1089, 45, 11, '2019-10-09 19:15:02', '2019-10-09 19:20:11', 'abgeschlossen', 158, 0),
	(1090, 45, 2, '2019-10-09 19:20:14', '2019-10-09 19:20:19', 'abgeschlossen', 0, 0),
	(1091, 45, 6, '2019-10-09 19:20:20', '2019-10-09 19:20:25', 'abgeschlossen', 4, 0),
	(1092, 45, 11, '2019-10-09 19:20:25', '2019-10-09 19:30:27', 'abgeschlossen', 159, 0),
	(1093, 45, 2, '2019-10-09 19:40:18', '2019-10-09 19:40:23', 'abgeschlossen', 0, 0),
	(1094, 45, 6, '2019-10-09 19:40:47', '2019-10-09 19:40:52', 'abgeschlossen', 4, 0),
	(1095, 45, 11, '2019-10-09 19:40:52', '2019-10-09 19:48:13', 'abgeschlossen', 160, 0),
	(1096, 45, 2, '2019-10-09 19:48:19', '2019-10-09 19:48:24', 'abgeschlossen', 0, 0),
	(1097, 45, 6, '2019-10-09 19:49:00', '2019-10-09 19:49:05', 'abgeschlossen', 4, 0),
	(1098, 45, 11, '2019-10-09 19:49:05', '2019-10-09 19:52:55', 'abgeschlossen', 161, 0),
	(1099, 45, 2, '2019-10-09 19:53:17', '2019-10-09 19:53:22', 'abgeschlossen', 0, 0),
	(1100, 45, 6, '2019-10-09 19:53:23', '2019-10-09 19:53:28', 'abgeschlossen', 4, 0),
	(1101, 45, 11, '2019-10-09 19:53:28', '2019-10-09 19:55:47', 'abgeschlossen', 162, 0),
	(1102, 45, 2, '2019-10-09 19:56:17', '2019-10-09 19:56:22', 'abgeschlossen', 0, 0),
	(1103, 45, 6, '2019-10-09 19:56:23', '2019-10-09 19:56:28', 'abgeschlossen', 4, 0),
	(1104, 45, 11, '2019-10-09 19:56:28', '2019-10-09 19:58:35', 'abgeschlossen', 163, 0),
	(1105, 45, 2, '2019-10-13 18:58:56', '2019-10-13 18:59:01', 'abgeschlossen', 0, 0),
	(1106, 45, 6, '2019-10-13 18:59:02', '2019-10-13 18:59:07', 'abgeschlossen', 4, 0),
	(1107, 45, 11, '2019-10-13 18:59:18', '2019-10-13 19:00:16', 'abgeschlossen', 164, 0),
	(1108, 45, 2, '2019-10-13 19:49:59', '2019-10-13 19:50:04', 'abgeschlossen', 0, 0),
	(1109, 45, 6, '2019-10-13 19:50:06', '2019-10-13 19:50:11', 'abgeschlossen', 4, 0),
	(1110, 45, 11, '2019-10-13 19:50:18', '2019-10-13 19:58:47', 'abgeschlossen', 165, 0),
	(1111, 45, 2, '2019-10-13 20:05:10', '2019-10-13 20:05:15', 'abgeschlossen', 0, 0),
	(1112, 45, 6, '2019-10-13 20:05:16', '2019-10-13 20:05:21', 'abgeschlossen', 4, 0),
	(1113, 45, 11, '2019-10-13 20:05:21', '2019-10-13 20:06:25', 'abgeschlossen', 166, 0),
	(1114, 45, 2, '2019-10-14 18:41:13', '2019-10-14 18:41:18', 'abgeschlossen', 0, 0),
	(1115, 45, 6, '2019-10-14 18:41:19', '2019-10-14 18:41:24', 'abgeschlossen', 4, 0),
	(1116, 45, 11, '2019-10-14 18:41:24', '2019-10-14 18:45:25', 'abgeschlossen', 167, 0),
	(1117, 45, 2, '2019-10-14 18:45:28', '2019-10-14 18:45:33', 'abgeschlossen', 0, 0),
	(1118, 45, 6, '2019-10-14 18:46:05', '2019-10-14 18:46:10', 'abgeschlossen', 4, 0),
	(1119, 45, 11, '2019-10-14 18:46:26', '2019-10-14 18:48:58', 'abgeschlossen', 168, 0),
	(1120, 45, 2, '2019-10-14 18:49:02', '2019-10-14 18:49:07', 'abgeschlossen', 0, 0),
	(1121, 45, 6, '2019-10-14 18:49:08', '2019-10-14 18:49:13', 'abgeschlossen', 4, 0),
	(1122, 45, 11, '2019-10-14 18:49:13', '2019-10-14 18:51:30', 'abgeschlossen', 169, 0),
	(1123, 45, 2, '2019-10-14 18:51:32', '2019-10-14 18:51:37', 'abgeschlossen', 0, 0),
	(1124, 45, 6, '2019-10-14 18:51:38', '2019-10-14 18:51:43', 'abgeschlossen', 4, 0),
	(1125, 45, 11, '2019-10-14 18:51:43', '2019-10-14 18:52:25', 'abgeschlossen', 170, 0),
	(1126, 45, 2, '2019-10-14 18:52:28', '2019-10-14 18:52:33', 'abgeschlossen', 0, 0),
	(1127, 45, 6, '2019-10-14 18:52:34', '2019-10-14 18:52:39', 'abgeschlossen', 4, 0),
	(1128, 45, 11, '2019-10-14 18:52:39', '2019-10-14 18:53:17', 'abgeschlossen', 171, 0),
	(1129, 45, 2, '2019-10-14 18:53:19', '2019-10-14 18:53:24', 'abgeschlossen', 0, 0),
	(1130, 45, 6, '2019-10-14 18:53:25', '2019-10-14 18:53:30', 'abgeschlossen', 4, 0),
	(1131, 45, 11, '2019-10-14 18:53:30', '2019-10-14 18:54:08', 'abgeschlossen', 172, 0),
	(1132, 45, 2, '2019-10-14 18:54:11', '2019-10-14 18:54:16', 'abgeschlossen', 0, 0),
	(1133, 45, 6, '2019-10-14 18:54:17', '2019-10-14 18:54:22', 'abgeschlossen', 4, 0),
	(1134, 45, 11, '2019-10-14 18:54:22', '2019-10-14 18:55:39', 'abgeschlossen', 173, 0),
	(1135, 45, 2, '2019-10-14 18:55:43', '2019-10-14 18:55:48', 'abgeschlossen', 0, 0),
	(1136, 45, 6, '2019-10-14 18:55:49', '2019-10-14 18:55:54', 'abgeschlossen', 4, 0),
	(1137, 45, 11, '2019-10-14 18:55:55', '2019-10-14 18:56:47', 'abgeschlossen', 174, 0),
	(1138, 45, 2, '2019-10-14 18:56:50', '2019-10-14 18:56:55', 'abgeschlossen', 0, 0),
	(1139, 45, 6, '2019-10-14 18:56:56', '2019-10-14 18:57:01', 'abgeschlossen', 4, 0),
	(1140, 45, 11, '2019-10-14 18:57:01', '2019-10-14 18:58:08', 'abgeschlossen', 175, 0),
	(1141, 45, 2, '2019-10-14 18:59:58', '2019-10-14 19:00:03', 'abgeschlossen', 0, 0),
	(1142, 45, 6, '2019-10-14 19:00:11', '2019-10-14 19:00:16', 'abgeschlossen', 4, 0),
	(1143, 45, 11, '2019-10-14 19:00:16', '2019-10-14 19:02:37', 'abgeschlossen', 176, 0),
	(1144, 45, 2, '2019-10-19 17:24:33', '2019-10-19 17:24:38', 'abgeschlossen', 0, 0),
	(1145, 45, 6, '2019-10-19 17:24:40', '2019-10-19 17:24:45', 'abgeschlossen', 4, 0),
	(1146, 45, 11, '2019-10-19 17:24:45', '2019-10-19 17:26:19', 'abgeschlossen', 177, 0),
	(1147, 45, 2, '2019-10-19 17:26:24', '2019-10-19 17:26:29', 'abgeschlossen', 0, 0),
	(1148, 45, 6, '2019-10-19 17:26:30', '2019-10-19 17:26:35', 'abgeschlossen', 4, 0),
	(1149, 45, 11, '2019-10-19 17:26:35', '2019-10-19 17:28:26', 'abgeschlossen', 178, 0),
	(1150, 45, 2, '2019-10-19 17:28:29', '2019-10-19 17:28:34', 'abgeschlossen', 0, 0),
	(1151, 45, 6, '2019-10-19 17:28:35', '2019-10-19 17:28:40', 'abgeschlossen', 4, 0),
	(1152, 45, 11, '2019-10-19 17:28:40', '2019-10-19 17:32:28', 'abgeschlossen', 179, 0),
	(1153, 45, 2, '2019-10-19 17:32:32', '2019-10-19 17:32:37', 'abgeschlossen', 0, 0),
	(1154, 45, 6, '2019-10-19 17:32:38', '2019-10-19 17:32:43', 'abgeschlossen', 4, 0),
	(1155, 45, 11, '2019-10-19 17:32:43', '2019-10-19 17:37:29', 'abgeschlossen', 180, 0),
	(1156, 45, 2, '2019-10-19 17:37:31', '2019-10-19 17:37:36', 'abgeschlossen', 0, 0),
	(1157, 45, 6, '2019-10-19 17:37:37', '2019-10-19 17:37:42', 'abgeschlossen', 4, 0),
	(1158, 45, 11, '2019-10-19 17:37:42', '2019-10-19 17:39:50', 'abgeschlossen', 181, 0),
	(1159, 45, 2, '2019-10-19 17:39:51', '2019-10-19 17:39:56', 'abgeschlossen', 0, 0),
	(1160, 45, 6, '2019-10-19 17:39:57', '2019-10-19 17:40:02', 'abgeschlossen', 4, 0),
	(1161, 45, 11, '2019-10-19 17:40:02', '2019-10-19 17:40:23', 'abgeschlossen', 182, 0),
	(1162, 45, 2, '2019-10-19 18:51:06', '2019-10-19 18:51:11', 'abgeschlossen', 0, 0),
	(1163, 45, 6, '2019-10-19 18:51:12', '2019-10-19 18:51:17', 'abgeschlossen', 4, 0),
	(1164, 45, 11, '2019-10-19 18:51:17', '2019-10-19 18:52:21', 'abgeschlossen', 183, 0),
	(1165, 45, 2, '2019-10-19 18:52:39', '2019-10-19 18:52:44', 'abgeschlossen', 0, 0),
	(1166, 45, 6, '2019-10-19 18:52:56', '2019-10-19 18:53:01', 'abgeschlossen', 4, 0),
	(1167, 45, 11, '2019-10-19 18:53:01', '2019-10-19 18:53:53', 'abgeschlossen', 184, 0),
	(1168, 45, 2, '2019-10-19 18:58:50', '2019-10-19 18:58:55', 'abgeschlossen', 0, 0),
	(1169, 45, 7, '2019-10-19 18:58:57', '2019-10-19 18:59:02', 'abgeschlossen', 6, 0),
	(1170, 45, 12, '2019-10-20 13:32:27', '2019-10-20 13:32:37', 'abgeschlossen', 0, 0),
	(1171, 45, 12, '2019-10-20 13:34:09', '2019-10-20 13:34:19', 'abgeschlossen', 0, 0),
	(1172, 45, 12, '2019-10-20 15:22:59', '2019-10-20 15:23:02', 'abgeschlossen', 0, 0),
	(1173, 45, 12, '2019-10-20 15:23:30', '2019-10-20 15:23:33', 'abgeschlossen', 0, 0),
	(1174, 45, 12, '2019-10-20 15:26:50', '2019-10-20 15:26:53', 'abgeschlossen', 0, 0),
	(1175, 45, 12, '2019-10-20 15:27:04', '2019-10-20 15:27:07', 'abgeschlossen', 0, 0),
	(1176, 45, 2, '2019-10-20 15:49:57', '2019-10-20 15:50:02', 'abgeschlossen', 0, 0),
	(1177, 45, 6, '2019-10-20 15:50:12', '2019-10-20 15:50:17', 'abgeschlossen', 4, 0),
	(1178, 45, 11, '2019-10-20 15:50:17', '2019-10-20 15:51:03', 'abgeschlossen', 185, 0),
	(1179, 45, 2, '2019-10-20 15:51:31', '2019-10-20 15:51:36', 'abgeschlossen', 0, 0),
	(1180, 45, 6, '2019-10-20 15:51:38', '2019-10-20 15:51:43', 'abgeschlossen', 4, 0),
	(1181, 45, 11, '2019-10-20 15:51:43', '2019-10-20 15:52:20', 'abgeschlossen', 186, 0),
	(1182, 45, 2, '2019-10-20 15:52:50', '2019-10-20 15:52:55', 'abgeschlossen', 0, 0),
	(1183, 45, 6, '2019-10-20 15:52:56', '2019-10-20 15:53:01', 'abgeschlossen', 4, 0),
	(1184, 45, 11, '2019-10-20 15:53:01', '2019-10-20 15:53:31', 'abgeschlossen', 187, 0),
	(1185, 45, 2, '2019-10-20 15:54:08', '2019-10-20 15:54:13', 'abgeschlossen', 0, 0),
	(1186, 45, 6, '2019-10-20 15:54:14', '2019-10-20 15:54:19', 'abgeschlossen', 4, 0),
	(1187, 45, 11, '2019-10-20 15:54:19', '2019-10-20 15:54:52', 'abgeschlossen', 188, 0),
	(1188, 45, 12, '2019-10-20 15:55:00', '2019-10-20 15:55:03', 'abgeschlossen', 0, 0),
	(1189, 45, 2, '2019-10-20 16:17:11', '2019-10-20 16:17:16', 'abgeschlossen', 0, 0),
	(1190, 45, 6, '2019-10-20 16:17:17', '2019-10-20 16:17:22', 'abgeschlossen', 4, 0),
	(1191, 45, 11, '2019-10-20 16:17:22', '2019-10-20 16:17:49', 'abgeschlossen', 189, 0),
	(1192, 45, 12, '2019-10-20 16:17:57', '2019-10-20 16:18:00', 'abgeschlossen', 0, 0),
	(1193, 45, 12, '2019-10-20 16:18:08', '2019-10-20 16:18:11', 'abgeschlossen', 0, 0),
	(1194, 45, 2, '2019-10-20 16:37:45', '2019-10-20 16:37:50', 'abgeschlossen', 0, 0),
	(1195, 45, 6, '2019-10-20 16:38:04', '2019-10-20 16:38:09', 'abgeschlossen', 4, 0),
	(1196, 45, 11, '2019-10-20 16:38:09', '2019-10-20 16:38:29', 'abgeschlossen', 190, 0),
	(1197, 45, 12, '2019-10-20 16:39:44', '2019-10-20 16:39:47', 'abgeschlossen', 0, 0),
	(1198, 45, 2, '2019-10-20 16:39:55', '2019-10-20 16:40:00', 'abgeschlossen', 0, 0),
	(1199, 45, 7, '2019-10-20 16:40:04', '2019-10-20 16:40:09', 'abgeschlossen', 6, 0),
	(1200, 45, 2, '2019-10-20 16:40:12', '2019-10-20 16:40:17', 'abgeschlossen', 0, 0),
	(1201, 45, 6, '2019-10-20 16:40:19', '2019-10-20 16:40:24', 'abgeschlossen', 4, 0),
	(1202, 45, 11, '2019-10-20 16:40:24', '2019-10-20 16:40:39', 'abgeschlossen', 191, 0),
	(1203, 45, 12, '2019-10-20 16:40:46', '2019-10-20 16:40:49', 'abgeschlossen', 0, 0),
	(1204, 45, 12, '2019-10-20 16:40:53', '2019-10-20 16:40:56', 'abgeschlossen', 0, 0),
	(1205, 45, 10, '2019-10-20 16:41:03', '2019-10-20 16:41:13', 'abgeschlossen', 1, 0),
	(1206, 45, 10, '2019-10-20 16:41:17', '2019-10-20 16:41:27', 'abgeschlossen', 9, 0),
	(1207, 45, 10, '2019-10-20 16:41:33', '2019-10-20 16:41:43', 'abgeschlossen', 1, 0),
	(1208, 45, 10, '2019-10-20 16:41:45', '2019-10-20 16:41:55', 'abgeschlossen', 9, 0),
	(1209, 45, 2, '2019-10-20 16:42:02', '2019-10-20 16:42:07', 'abgeschlossen', 0, 0),
	(1210, 45, 12, '2019-10-20 16:42:27', '2019-10-20 16:42:30', 'abgeschlossen', 0, 0),
	(1211, 45, 12, '2019-10-20 16:42:34', '2019-10-20 16:42:37', 'abgeschlossen', 0, 0),
	(1212, 45, 12, '2019-10-20 16:42:41', '2019-10-20 16:42:44', 'abgeschlossen', 0, 0),
	(1213, 45, 12, '2019-10-20 17:05:04', '2019-10-20 17:05:07', 'abgeschlossen', 0, 0),
	(1214, 45, 2, '2019-10-20 17:05:38', '2019-10-20 17:05:43', 'abgeschlossen', 0, 0),
	(1215, 45, 7, '2019-10-20 17:05:45', '2019-10-20 17:05:50', 'abgeschlossen', 7, 0),
	(1216, 45, 2, '2019-10-20 17:06:04', '2019-10-20 17:06:09', 'abgeschlossen', 0, 0),
	(1217, 45, 6, '2019-10-20 17:06:11', '2019-10-20 17:06:16', 'abgeschlossen', 33, 0),
	(1218, 45, 11, '2019-10-20 17:06:16', '2019-10-20 17:08:12', 'abgeschlossen', 192, 0),
	(1219, 45, 12, '2019-10-20 18:16:33', '2019-10-20 18:16:36', 'abgeschlossen', 0, 0),
	(1220, 45, 2, '2019-10-20 18:16:43', '2019-10-20 18:16:48', 'abgeschlossen', 0, 0),
	(1221, 45, 6, '2019-10-20 18:16:51', '2019-10-20 18:16:56', 'abgeschlossen', 23, 0),
	(1222, 45, 11, '2019-10-20 18:16:56', '2019-10-20 18:17:46', 'abgeschlossen', 193, 0),
	(1223, 45, 12, '2019-10-20 18:17:53', '2019-10-20 18:17:56', 'abgeschlossen', 0, 0),
	(1224, 45, 10, '2019-10-20 18:18:03', '2019-10-20 18:18:13', 'abgeschlossen', 8, 0),
	(1225, 45, 2, '2019-10-20 18:18:20', '2019-10-20 18:18:25', 'abgeschlossen', 0, 0),
	(1226, 45, 2, '2019-10-20 18:18:28', '2019-10-20 18:18:33', 'abgeschlossen', 0, 0),
	(1227, 45, 2, '2019-10-20 18:18:40', '2019-10-20 18:18:45', 'abgeschlossen', 0, 0),
	(1228, 45, 10, '2019-10-20 18:18:49', '2019-10-20 18:18:59', 'abgeschlossen', 4, 0),
	(1229, 45, 10, '2019-10-20 18:19:01', '2019-10-20 18:19:11', 'abgeschlossen', 11, 0),
	(1230, 45, 12, '2019-10-20 18:19:14', '2019-10-20 18:19:17', 'abgeschlossen', 0, 0),
	(1231, 45, 12, '2019-10-20 18:19:22', '2019-10-20 18:19:25', 'abgeschlossen', 0, 0),
	(1232, 45, 2, '2019-10-20 18:19:28', '2019-10-20 18:19:33', 'abgeschlossen', 0, 0),
	(1233, 45, 6, '2019-10-20 18:19:42', '2019-10-20 18:19:47', 'abgeschlossen', 34, 0),
	(1234, 45, 11, '2019-10-20 18:19:47', '2019-10-20 18:21:19', 'abgeschlossen', 194, 0),
	(1235, 45, 2, '2019-10-20 18:21:24', '2019-10-20 18:21:29', 'abgeschlossen', 0, 0),
	(1236, 45, 6, '2019-10-20 18:21:31', '2019-10-20 18:21:36', 'abgeschlossen', 22, 0),
	(1237, 45, 11, '2019-10-20 18:21:36', '2019-10-20 18:21:46', 'abgeschlossen', 195, 0),
	(1238, 45, 2, '2019-10-20 18:23:26', '2019-10-20 18:23:31', 'abgeschlossen', 0, 0),
	(1239, 45, 12, '2019-10-20 18:23:40', '2019-10-20 18:23:43', 'abgeschlossen', 0, 0),
	(1240, 45, 2, '2019-10-20 18:23:46', '2019-10-20 18:23:51', 'abgeschlossen', 0, 0),
	(1241, 45, 6, '2019-10-20 18:23:53', '2019-10-20 18:23:58', 'abgeschlossen', 24, 0),
	(1242, 45, 11, '2019-10-20 18:23:58', '2019-10-20 18:25:15', 'abgeschlossen', 196, 0),
	(1243, 45, 12, '2019-10-20 18:25:21', '2019-10-20 18:25:24', 'abgeschlossen', 0, 0),
	(1244, 45, 2, '2019-10-20 18:25:27', '2019-10-20 18:25:32', 'abgeschlossen', 0, 0),
	(1245, 45, 6, '2019-10-20 18:25:36', '2019-10-20 18:25:41', 'abgeschlossen', 2, 0),
	(1246, 45, 11, '2019-10-20 18:25:41', '2019-10-20 18:26:28', 'abgeschlossen', 197, 0),
	(1247, 45, 2, '2019-10-20 18:26:33', '2019-10-20 18:26:38', 'abgeschlossen', 0, 0),
	(1248, 45, 2, '2019-10-20 18:26:41', '2019-10-20 18:26:46', 'abgeschlossen', 0, 0),
	(1249, 45, 6, '2019-10-20 18:26:49', '2019-10-20 18:26:54', 'abgeschlossen', 22, 0),
	(1250, 45, 11, '2019-10-20 18:26:54', '2019-10-20 18:27:21', 'abgeschlossen', 198, 0),
	(1251, 45, 12, '2019-10-20 18:27:25', '2019-10-20 18:27:28', 'abgeschlossen', 0, 0),
	(1252, 45, 10, '2019-10-20 18:27:32', '2019-10-20 18:27:42', 'abgeschlossen', 7, 0),
	(1253, 45, 2, '2019-10-20 18:27:55', '2019-10-20 18:28:00', 'abgeschlossen', 0, 0),
	(1254, 45, 6, '2019-10-20 18:28:02', '2019-10-20 18:28:07', 'abgeschlossen', 30, 0),
	(1255, 45, 11, '2019-10-20 18:28:07', '2019-10-20 18:29:27', 'abgeschlossen', 199, 0),
	(1256, 45, 2, '2019-10-20 18:29:46', '2019-10-20 18:29:51', 'abgeschlossen', 0, 0),
	(1257, 45, 12, '2019-10-20 18:29:56', '2019-10-20 18:29:59', 'abgeschlossen', 0, 0),
	(1258, 45, 2, '2019-10-20 18:30:01', '2019-10-20 18:30:06', 'abgeschlossen', 0, 0),
	(1259, 45, 2, '2019-10-20 18:30:09', '2019-10-20 18:30:14', 'abgeschlossen', 0, 0),
	(1260, 45, 2, '2019-10-20 18:30:16', '2019-10-20 18:30:21', 'abgeschlossen', 0, 0),
	(1261, 45, 6, '2019-10-20 18:30:47', '2019-10-20 18:30:52', 'abgeschlossen', 21, 0),
	(1262, 45, 11, '2019-10-20 18:30:52', '2019-10-20 18:32:13', 'abgeschlossen', 200, 0),
	(1263, 45, 12, '2019-10-20 18:32:33', '2019-10-20 18:32:36', 'abgeschlossen', 0, 0);
/*!40000 ALTER TABLE `aktion_spieler` ENABLE KEYS */;

-- Exportiere Struktur von Tabelle db_dvg.bilder
DROP TABLE IF EXISTS `bilder`;
CREATE TABLE IF NOT EXISTS `bilder` (
  `id` int(10) NOT NULL AUTO_INCREMENT,
  `titel` varchar(50) COLLATE utf8_unicode_ci NOT NULL,
  `pfad` varchar(100) COLLATE utf8_unicode_ci NOT NULL,
  PRIMARY KEY (`id`)
) ENGINE=InnoDB AUTO_INCREMENT=310 DEFAULT CHARSET=utf8 COLLATE=utf8_unicode_ci COMMENT='Bilder mit Speicherpfad, separatem Bildtitel und Beschreibung';

-- Exportiere Daten aus Tabelle db_dvg.bilder: ~229 rows (ungefähr)
DELETE FROM `bilder`;
/*!40000 ALTER TABLE `bilder` DISABLE KEYS */;
INSERT INTO `bilder` (`id`, `titel`, `pfad`) VALUES
	(1, '---ohne---', ''),
	(2, 'Sumpf', '../Platzhalter_gebiete/Gross/sumpf.jpg'),
	(3, 'Vulkan', '../Platzhalter_gebiete/Gross/vulkan.jpg'),
	(4, 'Eissee', '../Platzhalter_gebiete/Gross/eissee.jpg'),
	(5, 'Dschungel', '../Platzhalter_gebiete/Gross/dschungel.jpg'),
	(6, 'Klippe', '../Platzhalter_gebiete/Gross/klippe.jpg'),
	(7, 'Kristallhoehle', '../Platzhalter_gebiete/Gross/kristallhoehle.jpg'),
	(8, 'Wueste', '../Platzhalter_gebiete/Gross/wueste.jpg'),
	(9, 'Mammutbaum', '../Platzhalter_gebiete/Gross/mammutbaum.jpg'),
	(10, 'Wald', '../Platzhalter_gebiete/Gross/wald.jpg'),
	(11, 'Oase', '../Platzhalter_gebiete/Gross/oase.jpg'),
	(12, 'Steppe', '../Platzhalter_gebiete/Gross/steppe.jpg'),
	(13, 'Drache_laufend', '../Bilder/Drache_laeuft.gif'),
	(14, 'Drache_kaempfend', '../Bilder/Drache_kaempft.gif'),
	(15, 'Drache_wartend', '../Bilder/Drache_wartet.png'),
	(37, 'Adelie Pinguin', '../Bilder/NPC/Adelie pinguin.png'),
	(38, 'Gürteltier', '../Bilder/NPC/Gürteltier.png'),
	(39, 'Hase', '../Bilder/NPC/Hase.png'),
	(40, 'Hibiskus', '../Bilder/NPC/Hibiskus.png'),
	(41, 'Alligator', '../Bilder/NPC/alligator.png'),
	(42, 'Alpaca', '../Bilder/NPC/alpaca.png'),
	(43, 'Ara', '../Bilder/NPC/ara.png'),
	(44, 'Bambus', '../Bilder/NPC/bambus.png'),
	(45, 'Eisbär', '../Bilder/NPC/eisbär.png'),
	(46, 'Erdmännchen', '../Bilder/NPC/erdmännchen.png'),
	(47, 'Frettchen', '../Bilder/NPC/frettchen.png'),
	(48, 'Hahn', '../Bilder/NPC/hahn.png'),
	(49, 'Hyäne', '../Bilder/NPC/hyäne.png'),
	(57, 'AlterDrache', '../Bilder/AlterDrache.png'),
	(58, 'AusgewachsenerDrache', '../Bilder/AusgewachsenerDrache.png'),
	(59, 'Babydrache', '../Bilder/Babydrache.png'),
	(60, 'Deckblatt', '../Bilder/Deckblatt.png'),
	(61, 'Deckblatt_alt', '../Bilder/Deckblatt_alt.png'),
	(62, 'Drachenkind', '../Bilder/Drachenkind.png'),
	(63, 'Dschungel', '../Bilder/Dschungel.png'),
	(64, 'Eissee', '../Bilder/Eissee.png'),
	(65, 'Erdei', '../Bilder/Erdei.png'),
	(66, 'Erdei_klein', '../Bilder/Erdei_klein.png'),
	(67, 'ErfahrenerDrache', '../Bilder/ErfahrenerDrache.png'),
	(68, 'ErwachsenerDrache', '../Bilder/ErwachsenerDrache.png'),
	(69, 'Feuerei', '../Bilder/Feuerei.png'),
	(70, 'Feuerei_klein', '../Bilder/Feuerei_klein.png'),
	(71, 'JugendlicherDrache', '../Bilder/JugendlicherDrache.png'),
	(72, 'Klippe', '../Bilder/Klippe.png'),
	(73, 'Luftei', '../Bilder/Luftei.png'),
	(74, 'Luftei_klein', '../Bilder/Luftei_klein.png'),
	(75, 'Perlmutterfalter', '../Bilder/NPC/Perlmutterfalter.png'),
	(76, 'Rohrkolben', '../Bilder/NPC/Rohrkolben.png'),
	(77, 'Rotfuchs', '../Bilder/NPC/Rotfuchs.png'),
	(78, 'Sonnenblume', '../Bilder/NPC/Sonnenblume.png'),
	(79, 'Tiger', '../Bilder/NPC/Tiger.png'),
	(80, 'Toco', '../Bilder/NPC/Toco.png'),
	(81, 'Trauermantel', '../Bilder/NPC/Trauermantel.png'),
	(82, 'impala', '../Bilder/NPC/impala.png'),
	(83, 'jaguar', '../Bilder/NPC/jaguar.png'),
	(84, 'knoblauch', '../Bilder/NPC/knoblauch.png'),
	(85, 'kupfer_schmetterling', '../Bilder/NPC/kupfer_schmetterling.png'),
	(86, 'kürbis', '../Bilder/NPC/kürbis.png'),
	(87, 'luchs', '../Bilder/NPC/luchs.png'),
	(88, 'löwe', '../Bilder/NPC/löwe.png'),
	(89, 'mandrill', '../Bilder/NPC/mandrill.png'),
	(90, 'marienkäfer', '../Bilder/NPC/marienkäfer.png'),
	(91, 'panda', '../Bilder/NPC/panda.png'),
	(92, 'papageitaucher', '../Bilder/NPC/papageitaucher.png'),
	(93, 'schwein', '../Bilder/NPC/schwein.png'),
	(94, 'scorpion', '../Bilder/NPC/scorpion.png'),
	(95, 'steinpilzis', '../Bilder/NPC/steinpilzis.png'),
	(96, 'stockente', '../Bilder/NPC/stockente.png'),
	(97, 'tapir', '../Bilder/NPC/tapir.png'),
	(98, 'wallaby', '../Bilder/NPC/wallaby.png'),
	(99, 'wolf', '../Bilder/NPC/wolf.png'),
	(100, 'Vulkan', '../Bilder/Vulkan.png'),
	(101, 'Wasserei', '../Bilder/Wasserei.png'),
	(102, 'Wasserei_klein', '../Bilder/Wasserei_klein.png'),
	(103, 'buchstabe_E', '../Bilder/buchstabe_E.png'),
	(104, 'buchstabe_F', '../Bilder/buchstabe_F.png'),
	(105, 'buchstabe_L', '../Bilder/buchstabe_L.png'),
	(106, 'buchstabe_W', '../Bilder/buchstabe_W.png'),
	(107, 'erde', '../Bilder/erde.png'),
	(108, 'feuer', '../Bilder/feuer.png'),
	(109, 'feuerbutton', '../Bilder/feuerbutton.png'),
	(110, 'flugbutton', '../Bilder/flugbutton.png'),
	(111, 'jagenbutton', '../Bilder/jagenbutton.png'),
	(112, 'luft', '../Bilder/luft.png'),
	(113, 'pflanzenbutton', '../Bilder/pflanzenbutton.png'),
	(114, 'wasser', '../Bilder/wasser.png'),
	(115, 'zahl_1', '../Bilder/zahl_1.png'),
	(116, 'zahl_2', '../Bilder/zahl_2.png'),
	(117, 'zahl_3', '../Bilder/zahl_3.png'),
	(118, 'zahl_4', '../Bilder/zahl_4.png'),
	(119, 'zahl_5', '../Bilder/zahl_5.png'),
	(120, 'zahl_6', '../Bilder/zahl_6.png'),
	(121, 'zahl_7', '../Bilder/zahl_7.png'),
	(122, 'Alkohol', '../Bilder/Elemente/Alkohol.png'),
	(123, 'Asche', '../Bilder/Elemente/Asche.png'),
	(124, 'Asteroid', '../Bilder/Elemente/Asteroid.png'),
	(125, 'Blitz', '../Bilder/Elemente/Blitz.png'),
	(126, 'Boee', '../Bilder/Elemente/Boee.png'),
	(127, 'Donner', '../Bilder/Elemente/Donner.png'),
	(128, 'Eissturm', '../Bilder/Elemente/Eissturm.png'),
	(129, 'Erdbeben', '../Bilder/Elemente/Erdbeben.png'),
	(130, 'Erdgas', '../Bilder/Elemente/Erdgas.png'),
	(131, 'Erdloch', '../Bilder/Elemente/Erdloch.png'),
	(132, 'Erdoel', '../Bilder/Elemente/Erdoel.png'),
	(133, 'Explosion', '../Bilder/Elemente/Explosion.png'),
	(134, 'Feueratem', '../Bilder/Elemente/Feueratem.png'),
	(135, 'Feuerball', '../Bilder/Elemente/Feuerball.png'),
	(136, 'Feuerschneisse', '../Bilder/Elemente/Feuerschneisse.png'),
	(137, 'Feuersturm', '../Bilder/Elemente/Feuersturm.png'),
	(138, 'Flamme', '../Bilder/Elemente/Flamme.png'),
	(139, 'Funke', '../Bilder/Elemente/Funke.png'),
	(140, 'Funkenflug', '../Bilder/Elemente/Funkenflug.png'),
	(141, 'Geroelllawine', '../Bilder/Elemente/Geroelllawine.png'),
	(142, 'Gewitter', '../Bilder/Elemente/Gewitter.png'),
	(143, 'Geysir', '../Bilder/Elemente/Geysir.png'),
	(144, 'Gift', '../Bilder/Elemente/Gift.png'),
	(145, 'Glas', '../Bilder/Elemente/Glas.png'),
	(146, 'Gletscher', '../Bilder/Elemente/Gletscher.png'),
	(147, 'Glut', '../Bilder/Elemente/Glut.png'),
	(148, 'Hauch', '../Bilder/Elemente/Hauch.png'),
	(149, 'Heisse_Quelle', '../Bilder/Elemente/Heisse_Quelle.png'),
	(150, 'Hurrikan', '../Bilder/Elemente/Hurrikan.png'),
	(151, 'Keramik', '../Bilder/Elemente/Keramik.png'),
	(152, 'Kohle', '../Bilder/Elemente/Kohle.png'),
	(153, 'Korrosion', '../Bilder/Elemente/Korrosion.png'),
	(154, 'Kreide', '../Bilder/Elemente/Kreide.png'),
	(155, 'Kristall', '../Bilder/Elemente/Kristall.png'),
	(156, 'Lava', '../Bilder/Elemente/Lava.png'),
	(157, 'Lehm', '../Bilder/Elemente/Lehm.png'),
	(158, 'Lichtstrahl', '../Bilder/Elemente/Lichtstrahl.png'),
	(159, 'Lichtwelle', '../Bilder/Elemente/Lichtwelle.png'),
	(160, 'Magma', '../Bilder/Elemente/Magma.png'),
	(161, 'Metall', '../Bilder/Elemente/Metall.png'),
	(162, 'Monsun', '../Bilder/Elemente/Monsun.png'),
	(163, 'Moraene', '../Bilder/Elemente/Moraene.png'),
	(164, 'Nebel', '../Bilder/Elemente/Nebel.png'),
	(165, 'Oelbrand', '../Bilder/Elemente/Oelbrand.png'),
	(166, 'Orkan', '../Bilder/Elemente/Orkan.png'),
	(167, 'Regenbogen', '../Bilder/Elemente/Regenbogen.png'),
	(168, 'Regenschauer', '../Bilder/Elemente/Regenschauer.png'),
	(169, 'Saeure', '../Bilder/Elemente/Saeure.png'),
	(170, 'Salzwasser', '../Bilder/Elemente/Salzwasser.png'),
	(171, 'Sandhoehle', '../Bilder/Elemente/Sandhoehle.png'),
	(172, 'Sandstein', '../Bilder/Elemente/Sandstein.png'),
	(173, 'Sandsturm', '../Bilder/Elemente/Sandsturm.png'),
	(174, 'Schlamm', '../Bilder/Elemente/Schlamm.png'),
	(175, 'Schneesturm', '../Bilder/Elemente/Schneesturm.png'),
	(176, 'Schwelbrand', '../Bilder/Elemente/Schwelbrand.png'),
	(177, 'Smog', '../Bilder/Elemente/Smog.png'),
	(178, 'Staub', '../Bilder/Elemente/Staub.png'),
	(179, 'Steinschlag', '../Bilder/Elemente/Steinschlag.png'),
	(180, 'Ton', '../Bilder/Elemente/Ton.png'),
	(181, 'Tornado', '../Bilder/Elemente/Tornado.png'),
	(182, 'Treibsand', '../Bilder/Elemente/Treibsand.png'),
	(183, 'Tropfstein', '../Bilder/Elemente/Tropfstein.png'),
	(184, 'Tsunami', '../Bilder/Elemente/Tsunami.png'),
	(185, 'Wanderduene', '../Bilder/Elemente/Wanderduene.png'),
	(186, 'Wasserdampf', '../Bilder/Elemente/Wasserdampf.png'),
	(187, 'Wasserfall', '../Bilder/Elemente/Wasserfall.png'),
	(188, 'Wasserstrahl', '../Bilder/Elemente/Wasserstrahl.png'),
	(189, 'Wasserwelle', '../Bilder/Elemente/Wasserwelle.png'),
	(190, 'Windhose', '../Bilder/Elemente/Windhose.png'),
	(191, 'Windstoss', '../Bilder/Elemente/Windstoss.png'),
	(192, 'Wolke', '../Bilder/Elemente/Wolke.png'),
	(193, 'Wuestenwind', '../Bilder/Elemente/Wuestenwind.png'),
	(194, 'elementbutton', '../Bilder/elementbutton.png'),
	(195, 'erdelemente', '../Bilder/erdelemente.png'),
	(196, 'erkundenbutton', '../Bilder/erkundenbutton.png'),
	(197, 'feuerelemente', '../Bilder/feuerelemente.png'),
	(198, 'gepäckbutton', '../Bilder/gepäckbutton.png'),
	(199, 'luftelemente', '../Bilder/luftelemente.png'),
	(200, 'wasserelemente', '../Bilder/wasserelemente.png'),
	(201, 'Tagebuch', '../Bilder/Tagebuch.png'),
	(202, 'gepaeckbutton', '../Bilder/gepaeckbutton.png'),
	(203, 'kap_o', '../Bilder/kap_o.png'),
	(204, 'kap_u', '../Bilder/kap_u.png'),
	(205, 'streifen', '../Bilder/streifen.png'),
	(207, 'Osterei_gruen', '../Bilder/NPC/Osterei_gruen.png'),
	(208, 'Osterei_lila', '../Bilder/NPC/Osterei_lila.png'),
	(209, 'L1_erde', '../Bilder/AlleDrachen/L1_erde.png'),
	(210, 'L1_feuer', '../Bilder/AlleDrachen/L1_feuer.png'),
	(211, 'L1_himmel', '../Bilder/AlleDrachen/L1_himmel.png'),
	(212, 'L1_wasser', '../Bilder/AlleDrachen/L1_wasser.png'),
	(213, 'L2_erde', '../Bilder/AlleDrachen/L2_erde.png'),
	(214, 'L2_feuer', '../Bilder/AlleDrachen/L2_feuer.png'),
	(215, 'L2_himmel', '../Bilder/AlleDrachen/L2_himmel.png'),
	(216, 'L2_wasser', '../Bilder/AlleDrachen/L2_wasser.png'),
	(217, 'L3_erde', '../Bilder/AlleDrachen/L3_erde.png'),
	(218, 'L3_feuer', '../Bilder/AlleDrachen/L3_feuer.png'),
	(219, 'L3_himmel', '../Bilder/AlleDrachen/L3_himmel.png'),
	(220, 'L3_wasser', '../Bilder/AlleDrachen/L3_wasser.png'),
	(221, 'L4_erde', '../Bilder/AlleDrachen/L4_erde.png'),
	(222, 'L4_feuer', '../Bilder/AlleDrachen/L4_feuer.png'),
	(223, 'L4_himmel', '../Bilder/AlleDrachen/L4_himmel.png'),
	(224, 'L4_wasser', '../Bilder/AlleDrachen/L4_wasser.png'),
	(225, 'L5_erde', '../Bilder/AlleDrachen/L5_erde.png'),
	(226, 'L5_feuer', '../Bilder/AlleDrachen/L5_feuer.png'),
	(227, 'L5_himmel', '../Bilder/AlleDrachen/L5_himmel.png'),
	(228, 'L5_wasser', '../Bilder/AlleDrachen/L5_wasser.png'),
	(229, 'L6_erde', '../Bilder/AlleDrachen/L6_erde.png'),
	(230, 'L6_feuer', '../Bilder/AlleDrachen/L6_feuer.png'),
	(231, 'L6_himmel', '../Bilder/AlleDrachen/L6_himmel.png'),
	(232, 'L6_wasser', '../Bilder/AlleDrachen/L6_wasser.png'),
	(233, 'L7_erde', '../Bilder/AlleDrachen/L7_erde.png'),
	(234, 'L7_feuer', '../Bilder/AlleDrachen/L7_feuer.png'),
	(235, 'L7_himmel', '../Bilder/AlleDrachen/L7_himmel.png'),
	(236, 'L7_wasser', '../Bilder/AlleDrachen/L7_wasser.png'),
	(237, 'apfel', '../Bilder/NPC/apfel.png'),
	(238, 'apfelbaum', '../Bilder/NPC/apfelbaum.png'),
	(240, 'Ratte', '../Bilder/NPC/Ratte.png'),
	(241, 'catfish', '../Bilder/NPC/catfish.png'),
	(244, 'fleisch', '../Bilder/NPC/fleisch.png'),
	(245, 'gorilla', '../Bilder/NPC/gorilla.png'),
	(247, 'knochen', '../Bilder/NPC/knochen.png'),
	(251, 'plueschdrache', '../Bilder/NPC/plueschdrache.png'),
	(252, 'zebra', '../Bilder/NPC/zebra.png'),
	(260, 'Adler', '../Bilder/NPC/Adler.png'),
	(261, 'Buckelwal', '../Bilder/NPC/Buckelwal.png'),
	(262, 'Delphin', '../Bilder/NPC/Delphin.png'),
	(263, 'Schaf', '../Bilder/NPC/Schaf.png'),
	(264, 'flamingo', '../Bilder/NPC/flamingo.png'),
	(265, 'koala', '../Bilder/NPC/koala.png'),
	(266, 'schwan', '../Bilder/NPC/schwan.png'),
	(267, 'Elemente_inaktiv', '../Bilder/Elemente/Elemente_inaktiv.png'),
	(268, 'Handwerk', '../Bilder/Handwerk.png'),
	(269, 'Drachenirrlicht', '../Bilder/NPC/Drachenirrlicht.png'),
	(270, 'feuerring', '../Bilder/NPC/feuerring.png'),
	(271, 'drachenkampf', '../Bilder/drachenkampf.png'),
	(274, 'wymar', '../Bilder/NPC/wymar.png'),
	(275, 'Biss', '../Bilder/Elemente/Biss.png'),
	(276, 'Schlag', '../Bilder/Elemente/Schlag.png'),
	(277, 'Stich', '../Bilder/Elemente/Stich.png'),
	(278, 'Urbock', '../Bilder/NPC/Urbock.png'),
	(279, 'Urdelphin', '../Bilder/NPC/Urdelphin.png'),
	(280, 'Urechse', '../Bilder/NPC/Urechse.png'),
	(281, 'Urelefant', '../Bilder/NPC/Urelefant.png'),
	(282, 'Urfaultier', '../Bilder/NPC/Urfaultier.png'),
	(283, 'Urfisch', '../Bilder/NPC/Urfisch.png'),
	(284, 'Urflugechse', '../Bilder/NPC/Urflugechse.png'),
	(285, 'Urflusspferd', '../Bilder/NPC/Urflusspferd.png'),
	(286, 'Urfrosch', '../Bilder/NPC/Urfrosch.png'),
	(287, 'Urgeier', '../Bilder/NPC/Urgeier.png'),
	(288, 'Urgiraffe', '../Bilder/NPC/Urgiraffe.png'),
	(289, 'Urhirsch', '../Bilder/NPC/Urhirsch.png'),
	(290, 'Urhornvogel', '../Bilder/NPC/Urhornvogel.png'),
	(291, 'Urhuhn', '../Bilder/NPC/Urhuhn.png'),
	(292, 'Urkamel', '../Bilder/NPC/Urkamel.png'),
	(293, 'Urkammechse', '../Bilder/NPC/Urkammechse.png'),
	(294, 'Urkrokodil', '../Bilder/NPC/Urkrokodil.png'),
	(295, 'Urlurch', '../Bilder/NPC/Urlurch.png'),
	(296, 'Urnashorn', '../Bilder/NPC/Urnashorn.png'),
	(297, 'Urotter', '../Bilder/NPC/Urotter.png'),
	(298, 'Urpapagei', '../Bilder/NPC/Urpapagei.png'),
	(299, 'Urpapageitaucher', '../Bilder/NPC/Urpapageitaucher.png'),
	(300, 'Urpferd', '../Bilder/NPC/Urpferd.png'),
	(301, 'Urraubkatze', '../Bilder/NPC/Urraubkatze.png'),
	(302, 'Urrobbe', '../Bilder/NPC/Urrobbe.png'),
	(303, 'Urschildkröte', '../Bilder/NPC/Urschildkröte.png'),
	(304, 'Urschuppentier', '../Bilder/NPC/Urschuppentier.png'),
	(305, 'Urstacheligel', '../Bilder/NPC/Urstacheligel.png'),
	(306, 'Urtrompetentier', '../Bilder/NPC/Urtrompetentier.png'),
	(307, 'Urvogel', '../Bilder/NPC/Urvogel.png'),
	(308, 'Urwal', '../Bilder/NPC/Urwal.png'),
	(309, 'Urgürteltier', '../Bilder/NPC/Urgürteltier.png');
/*!40000 ALTER TABLE `bilder` ENABLE KEYS */;

-- Exportiere Struktur von Tabelle db_dvg.element
DROP TABLE IF EXISTS `element`;
CREATE TABLE IF NOT EXISTS `element` (
  `id` int(10) NOT NULL AUTO_INCREMENT,
  `element_id` int(10) NOT NULL,
  `bilder_id` int(10) NOT NULL,
  `titel` varchar(50) COLLATE utf8_unicode_ci NOT NULL,
  `beschreibung` text COLLATE utf8_unicode_ci NOT NULL,
  PRIMARY KEY (`id`),
  UNIQUE KEY `titel` (`titel`),
  KEY `FK_bilder_id_element` (`bilder_id`),
  CONSTRAINT `FK_element_bilder` FOREIGN KEY (`bilder_id`) REFERENCES `bilder` (`id`)
) ENGINE=InnoDB AUTO_INCREMENT=6 DEFAULT CHARSET=utf8 COLLATE=utf8_unicode_ci COMMENT='Alle möglichen Elemente';

-- Exportiere Daten aus Tabelle db_dvg.element: ~5 rows (ungefähr)
DELETE FROM `element`;
/*!40000 ALTER TABLE `element` DISABLE KEYS */;
INSERT INTO `element` (`id`, `element_id`, `bilder_id`, `titel`, `beschreibung`) VALUES
	(1, 0, 1, '---ohne---', ''),
	(2, 0, 1, 'Feuer', ''),
	(3, 0, 1, 'Wasser', ''),
	(4, 0, 1, 'Erde', ''),
	(5, 0, 1, 'Luft', '');
/*!40000 ALTER TABLE `element` ENABLE KEYS */;

-- Exportiere Struktur von Tabelle db_dvg.faehigkeiten
DROP TABLE IF EXISTS `faehigkeiten`;
CREATE TABLE IF NOT EXISTS `faehigkeiten` (
  `id` int(10) NOT NULL AUTO_INCREMENT,
  `bilder_id` int(10) NOT NULL,
  `titel` varchar(50) COLLATE utf8_unicode_ci NOT NULL,
  `beschreibung` text COLLATE utf8_unicode_ci NOT NULL,
  PRIMARY KEY (`id`),
  UNIQUE KEY `titel` (`titel`),
  KEY `FK_bilder_id_faehigkeiten` (`bilder_id`),
  CONSTRAINT `FK_faehigkeiten_bilder` FOREIGN KEY (`bilder_id`) REFERENCES `bilder` (`id`)
) ENGINE=InnoDB AUTO_INCREMENT=5 DEFAULT CHARSET=utf8 COLLATE=utf8_unicode_ci COMMENT='Alle möglichen Fähigkeiten';

-- Exportiere Daten aus Tabelle db_dvg.faehigkeiten: ~4 rows (ungefähr)
DELETE FROM `faehigkeiten`;
/*!40000 ALTER TABLE `faehigkeiten` DISABLE KEYS */;
INSERT INTO `faehigkeiten` (`id`, `bilder_id`, `titel`, `beschreibung`) VALUES
	(1, 1, 'Fliegen', ''),
	(2, 1, 'Töpfern', ''),
	(3, 1, 'Sprinten', ''),
	(4, 1, 'Lyrik', '');
/*!40000 ALTER TABLE `faehigkeiten` ENABLE KEYS */;

-- Exportiere Struktur von Tabelle db_dvg.faehigkeiten_spieler
DROP TABLE IF EXISTS `faehigkeiten_spieler`;
CREATE TABLE IF NOT EXISTS `faehigkeiten_spieler` (
  `id` int(10) NOT NULL AUTO_INCREMENT,
  `spieler_id` int(10) NOT NULL,
  `faehigkeiten_id` int(10) NOT NULL,
  `wert` float NOT NULL,
  `stufe` int(10) NOT NULL,
  PRIMARY KEY (`id`),
  KEY `FK_faehigkeiten_id_faehigkeiten_spieler` (`faehigkeiten_id`),
  KEY `FK_spieler_id_faehigkeiten_spieler` (`spieler_id`),
  CONSTRAINT `FK_faehigkeiten_spieler_faehigkeiten` FOREIGN KEY (`faehigkeiten_id`) REFERENCES `faehigkeiten` (`id`) ON DELETE CASCADE,
  CONSTRAINT `FK_faehigkeiten_spieler_spieler` FOREIGN KEY (`spieler_id`) REFERENCES `spieler` (`id`) ON DELETE CASCADE
) ENGINE=InnoDB DEFAULT CHARSET=utf8 COLLATE=utf8_unicode_ci COMMENT='Fähigkeiten die die einzelnen Spieler besitzen bzw. beherrschen';

-- Exportiere Daten aus Tabelle db_dvg.faehigkeiten_spieler: ~0 rows (ungefähr)
DELETE FROM `faehigkeiten_spieler`;
/*!40000 ALTER TABLE `faehigkeiten_spieler` DISABLE KEYS */;
/*!40000 ALTER TABLE `faehigkeiten_spieler` ENABLE KEYS */;

-- Exportiere Struktur von Tabelle db_dvg.gattung
DROP TABLE IF EXISTS `gattung`;
CREATE TABLE IF NOT EXISTS `gattung` (
  `id` int(10) NOT NULL AUTO_INCREMENT,
  `bilder_id` int(10) NOT NULL,
  `titel` varchar(50) COLLATE utf8_unicode_ci NOT NULL,
  `start_staerke` float NOT NULL,
  `start_intelligenz` float NOT NULL,
  `start_magie` float NOT NULL,
  `start_element_feuer` float NOT NULL,
  `start_element_wasser` float NOT NULL,
  `start_element_erde` float NOT NULL,
  `start_element_luft` float NOT NULL,
  `beschreibung` text COLLATE utf8_unicode_ci NOT NULL,
  PRIMARY KEY (`id`),
  UNIQUE KEY `titel` (`titel`),
  KEY `FK_bilder_id_gattung` (`bilder_id`),
  CONSTRAINT `FK_gattung_bilder` FOREIGN KEY (`bilder_id`) REFERENCES `bilder` (`id`)
) ENGINE=InnoDB AUTO_INCREMENT=11 DEFAULT CHARSET=utf8 COLLATE=utf8_unicode_ci COMMENT='Gattungen aller möglichen Lebewesen';

-- Exportiere Daten aus Tabelle db_dvg.gattung: ~10 rows (ungefähr)
DELETE FROM `gattung`;
/*!40000 ALTER TABLE `gattung` DISABLE KEYS */;
INSERT INTO `gattung` (`id`, `bilder_id`, `titel`, `start_staerke`, `start_intelligenz`, `start_magie`, `start_element_feuer`, `start_element_wasser`, `start_element_erde`, `start_element_luft`, `beschreibung`) VALUES
	(1, 210, 'Feuerdrache', 10, 5, 1, 5, 1, 1, 1, ''),
	(2, 212, 'Wasserdrache', 10, 5, 1, 1, 5, 1, 1, ''),
	(3, 209, 'Erddrache', 10, 5, 1, 1, 1, 5, 1, ''),
	(4, 211, 'Luftdrache', 10, 5, 1, 1, 1, 1, 5, ''),
	(5, 1, 'Zayine', 10, 10, 10, 10, 10, 10, 10, ''),
	(6, 1, 'Fisch', 2, 1, 0, 0, 30, 0, 0, ''),
	(7, 1, 'Paarhufer', 5, 4, 1, 0, 5, 10, 10, ''),
	(8, 1, 'Vogel', 1, 3, 0, 0, 3, 1, 30, ''),
	(9, 1, 'Nager', 1, 2, 0, 1, 1, 20, 0, ''),
	(10, 1, 'Raubtier', 10, 7, 0, 5, 3, 10, 3, '');
/*!40000 ALTER TABLE `gattung` ENABLE KEYS */;

-- Exportiere Struktur von Tabelle db_dvg.gebiet
DROP TABLE IF EXISTS `gebiet`;
CREATE TABLE IF NOT EXISTS `gebiet` (
  `id` int(10) NOT NULL AUTO_INCREMENT,
  `bilder_id` int(10) NOT NULL,
  `titel` varchar(50) COLLATE utf8_unicode_ci NOT NULL,
  `beschreibung` text COLLATE utf8_unicode_ci NOT NULL,
  PRIMARY KEY (`id`),
  UNIQUE KEY `titel` (`titel`),
  KEY `FK_bilder_id_gebiet` (`bilder_id`),
  CONSTRAINT `FK_gebiet_bilder` FOREIGN KEY (`bilder_id`) REFERENCES `bilder` (`id`)
) ENGINE=InnoDB AUTO_INCREMENT=13 DEFAULT CHARSET=utf8 COLLATE=utf8_unicode_ci COMMENT='Vorhandene Gebiete';

-- Exportiere Daten aus Tabelle db_dvg.gebiet: ~12 rows (ungefähr)
DELETE FROM `gebiet`;
/*!40000 ALTER TABLE `gebiet` DISABLE KEYS */;
INSERT INTO `gebiet` (`id`, `bilder_id`, `titel`, `beschreibung`) VALUES
	(1, 2, 'Sumpf', 'Nass, schmutzig und schauerlich. Ein Sumpf eben!'),
	(2, 3, 'Vulkan', 'Das feurige Herz von Gaia. Vorsicht heiß!'),
	(3, 4, 'Eissee', 'Ein schöner großer See lädt euch zum Baden gehen ein. An die Hacke, fertig, los!'),
	(4, 5, 'Dschungel', 'Gestrüpp soweit das Auge reicht. Was hier alles kreucht und fleucht, wollt ihr euch gar nicht erst ausmalen.'),
	(5, 6, 'Klippe', 'Ihr schaut in den Abgrund und sogleich juckt es euch in den Flügeln. Traut euch!'),
	(6, 7, 'Kristallhöhle', 'Funkelnde Steine weit und breit. Ein wahres Paradies ... wenn man es kalt, muffig und feucht mag.'),
	(7, 8, 'Wüste', 'Naaaa, wollt ihr etwas zu trinken? Hier ganz sicher nicht!'),
	(8, 9, 'Mammutbaum', 'Ein mächtiger Stamm, gewaltiges Blattwerk und die schier endlose Höhe lassen auf einen Mammutbaum schließen.'),
	(9, 10, 'Wald', 'Manchereins sieht den Wald vor lauter Bäumen nicht. Hinweis: Ihr steht gerade in einem!'),
	(10, 11, 'Oase', 'Träumt ihr oder halluziniert ihr nur? Wasser und Grün mitten in der Wüste. Das kann doch nicht mit rechten Dingen zugehen.'),
	(11, 12, 'Steppe', 'Gras überall Gras. Ihr schlagt die Hände über dem Kopf zusammen und denkt: \'Wenn man es wenigstens rauchen könnte ...\''),
	(12, 1, '---ohne---', '---ohne---');
/*!40000 ALTER TABLE `gebiet` ENABLE KEYS */;

-- Exportiere Struktur von Tabelle db_dvg.gebiet_gebiet
DROP TABLE IF EXISTS `gebiet_gebiet`;
CREATE TABLE IF NOT EXISTS `gebiet_gebiet` (
  `id` int(10) NOT NULL AUTO_INCREMENT,
  `von_gebiet_id` int(10) NOT NULL,
  `nach_gebiet_id` int(10) NOT NULL,
  `pos_x` int(10) unsigned NOT NULL DEFAULT '0',
  `pos_y` int(10) unsigned NOT NULL DEFAULT '0',
  PRIMARY KEY (`id`),
  KEY `FK_gebiet_id_(von)_gebiet_gebiet` (`von_gebiet_id`),
  KEY `FK_gebiet_id_(nach)_gebiet_gebiet` (`nach_gebiet_id`),
  CONSTRAINT `FK_gebiet_gebiet_gebiet_(nach)` FOREIGN KEY (`nach_gebiet_id`) REFERENCES `gebiet` (`id`) ON DELETE CASCADE,
  CONSTRAINT `FK_gebiet_gebiet_gebiet_(von)` FOREIGN KEY (`von_gebiet_id`) REFERENCES `gebiet` (`id`) ON DELETE CASCADE
) ENGINE=InnoDB AUTO_INCREMENT=27 DEFAULT CHARSET=utf8 COLLATE=utf8_unicode_ci COMMENT='Verbindungen von Gebieten untereinander';

-- Exportiere Daten aus Tabelle db_dvg.gebiet_gebiet: ~26 rows (ungefähr)
DELETE FROM `gebiet_gebiet`;
/*!40000 ALTER TABLE `gebiet_gebiet` DISABLE KEYS */;
INSERT INTO `gebiet_gebiet` (`id`, `von_gebiet_id`, `nach_gebiet_id`, `pos_x`, `pos_y`) VALUES
	(1, 1, 4, 0, 51),
	(2, 1, 9, 75, 32),
	(3, 2, 5, 17, 56),
	(4, 2, 6, 88, 29),
	(5, 3, 5, 39, 51),
	(6, 3, 6, 69, 88),
	(7, 4, 1, 11, 69),
	(8, 4, 8, 47, 59),
	(9, 4, 11, 85, 28),
	(10, 5, 2, 11, 79),
	(11, 5, 3, 47, 45),
	(12, 5, 7, 10, 2),
	(13, 6, 2, 88, 88),
	(14, 6, 3, 0, 88),
	(15, 6, 9, 15, 45),
	(16, 7, 5, 9, 29),
	(17, 7, 10, 65, 23),
	(18, 7, 11, 88, 26),
	(19, 8, 4, 0, 88),
	(20, 8, 9, 85, 75),
	(21, 9, 1, 0, 60),
	(22, 9, 6, 57, 52),
	(23, 9, 8, 16, 0),
	(24, 10, 7, 88, 25),
	(25, 11, 4, 0, 55),
	(26, 11, 7, 58, 59);
/*!40000 ALTER TABLE `gebiet_gebiet` ENABLE KEYS */;

-- Exportiere Struktur von Tabelle db_dvg.gewinn
DROP TABLE IF EXISTS `gewinn`;
CREATE TABLE IF NOT EXISTS `gewinn` (
  `id` int(10) NOT NULL AUTO_INCREMENT,
  `staerke` float NOT NULL DEFAULT '0',
  `intelligenz` float NOT NULL DEFAULT '0',
  `magie` float NOT NULL DEFAULT '0',
  `element_feuer` float NOT NULL DEFAULT '0',
  `element_wasser` float NOT NULL DEFAULT '0',
  `element_erde` float NOT NULL DEFAULT '0',
  `element_luft` float NOT NULL DEFAULT '0',
  `gesundheit` int(10) NOT NULL DEFAULT '0',
  `energie` int(10) NOT NULL DEFAULT '0',
  `zauberpunkte` int(10) NOT NULL DEFAULT '0',
  `initiative` float NOT NULL DEFAULT '0',
  `ausweichen` float NOT NULL DEFAULT '0',
  `abwehr` float NOT NULL DEFAULT '0',
  PRIMARY KEY (`id`)
) ENGINE=InnoDB AUTO_INCREMENT=26 DEFAULT CHARSET=utf8 COLLATE=utf8_unicode_ci COMMENT='Sammelt Gewinne innerhalb eines Zeitraums (z.B. während Kämpfen). Gewinne werden dem "Inhaber" in der Regel nach Ablauf des Zeitraums gutgeschrieben.';

-- Exportiere Daten aus Tabelle db_dvg.gewinn: ~25 rows (ungefähr)
DELETE FROM `gewinn`;
/*!40000 ALTER TABLE `gewinn` DISABLE KEYS */;
INSERT INTO `gewinn` (`id`, `staerke`, `intelligenz`, `magie`, `element_feuer`, `element_wasser`, `element_erde`, `element_luft`, `gesundheit`, `energie`, `zauberpunkte`, `initiative`, `ausweichen`, `abwehr`) VALUES
	(1, 0, 0, 0, 0, 0, 0, 0, 0, 0, 0, 0, 0, 0),
	(2, 0, 0, 0, 0, 0, 0, 0, 0, 0, 0, 0, 0, 0),
	(3, 0, 0, 0, 0, 0, 0, 0, 0, 0, 0, 0, 0, 0),
	(4, 0, 0, 0, 0, 0, 0, 0, 0, 0, 0, 0, 0, 0),
	(5, 0, 0, 0, 0, 0, 0, 0, 0, 0, 0, 0, 0, 0),
	(6, 0, 0, 0, 0, 0, 0, 0, 0, 0, 0, 0, 0, 0),
	(7, 0, 0, 0, 0, 0, 0, 0, 0, 0, 0, 0, 0, 0),
	(8, 0, 0, 0, 0, 0, 0, 0, 0, 0, 0, 0, 0, 0),
	(9, 0, 0, 0, 0, 0, 0, 0, 0, 0, 0, 0, 0, 0),
	(10, 0, 0, 0, 0, 0, 0, 0, 0, 0, 0, 0, 0, 0),
	(11, 0, 0, 0, 0, 0, 0, 0, 0, 0, 0, 0, 0, 0),
	(12, 0, 0, 0, 0, 0, 0, 0, 0, 0, 0, 0, 0, 0),
	(13, 0, 0, 0, 0, 0, 0, 0, 0, 0, 0, 0, 0, 0),
	(14, 0, 0, 0, 0, 0, 0, 0, 0, 0, 0, 0, 0, 0),
	(15, 0, 0, 0, 0, 0, 0, 0, 0, 0, 0, 0, 0, 0),
	(16, 0, 0, 0, 0, 0, 0, 0, 0, 0, 0, 0, 0, 0),
	(17, 0, 0, 0, 0, 0, 0, 0, 0, 0, 0, 0, 0, 0),
	(18, 0, 0, 0, 0, 0, 0, 0, 0, 0, 0, 0, 0, 0),
	(19, 0, 0, 0, 0, 0, 0, 0, 0, 0, 0, 0, 0, 0),
	(20, 0, 0, 0, 0, 0, 0, 0, 0, 0, 0, 0, 0, 0),
	(21, 0, 0, 0, 0, 0, 0, 0, 0, 0, 0, 0, 0, 0),
	(22, 0, 0, 0, 0, 0, 0, 0, 0, 0, 0, 0, 0, 0),
	(23, 0, 0, 0, 0, 0, 0, 0, 0, 0, 0, 0, 0, 0),
	(24, 0, 0, 0, 0, 0, 0, 0, 0, 0, 0, 0, 0, 0),
	(25, 0, 0, 0, 0, 0, 0, 0, 0, 0, 0, 0, 0, 0);
/*!40000 ALTER TABLE `gewinn` ENABLE KEYS */;

-- Exportiere Struktur von Tabelle db_dvg.items
DROP TABLE IF EXISTS `items`;
CREATE TABLE IF NOT EXISTS `items` (
  `id` int(10) NOT NULL AUTO_INCREMENT,
  `titel` varchar(100) COLLATE utf8_unicode_ci NOT NULL,
  `beschreibung` text COLLATE utf8_unicode_ci NOT NULL,
  `typ` enum('Pflanze','Pilz','Werkzeug','Kleidung','Material','Nahrung','Spielzeug') COLLATE utf8_unicode_ci NOT NULL,
  `bilder_id` int(10) NOT NULL,
  PRIMARY KEY (`id`),
  KEY `FK_bilder_id_items` (`bilder_id`),
  CONSTRAINT `FK_items_bilder` FOREIGN KEY (`bilder_id`) REFERENCES `bilder` (`id`)
) ENGINE=InnoDB AUTO_INCREMENT=24 DEFAULT CHARSET=utf8 COLLATE=utf8_unicode_ci COMMENT='Alle möglichen Items';

-- Exportiere Daten aus Tabelle db_dvg.items: ~20 rows (ungefähr)
DELETE FROM `items`;
/*!40000 ALTER TABLE `items` DISABLE KEYS */;
INSERT INTO `items` (`id`, `titel`, `beschreibung`, `typ`, `bilder_id`) VALUES
	(1, 'Apfel', 'Eine Hälfte knallrot, die andere goldgelb. Ein klassischer Apfel.', 'Nahrung', 237),
	(2, 'Rinde', 'Die äußere Schale eines Apfelbaumes. Wozu die wohl gut ist?', 'Material', 1),
	(3, 'Knoblauchlauchknolle', 'Ein Leckerbissen für die die\'s wissen.', 'Pflanze', 84),
	(4, 'Fuchsfell', 'Ein rotes Fell von einem Fuchs. Schön flauschig!', 'Material', 1),
	(5, 'Steinpilz', 'Ein schöner Pilz. Hoffentlich ist er nicht so hart, wie der Name es verspricht.', 'Pilz', 95),
	(6, 'Ring des Feuers', 'Ein funkelnder Ring in dem kleine Flammen züngeln. Passt wunderbar an eine Drachenklaue.', 'Kleidung', 270),
	(7, 'Messer', 'Ein kleines scharfes Messer. Nützlich um so allerlei Dinge zu ernten, zu teilen, zu filetieren oder was man sonst noch damit anstellen kann. Auf jeden Fall präziser als eine klobige Drachenkralle.', 'Werkzeug', 1),
	(8, 'Knochen', 'Grau, staubig, schaurig ... ein Knochen wie er im Buche steht.', 'Material', 247),
	(9, 'Schokoladendrache', 'Süßer Drache zum Vernaschen', 'Nahrung', 1),
	(10, 'Drachenfigur', 'Nicht zum Verzehr geeignet!', 'Spielzeug', 1),
	(11, 'Plüschdrache', 'Einfach zum Knuddeln ... für einsame Stunden', 'Spielzeug', 251),
	(12, 'Drachenpuzzleteil 1', 'Das 1. Teil des 4-Teile Puzzles', 'Spielzeug', 1),
	(13, 'Drachenpuzzleteil 2', 'Das 2. Teil des 4-Teile Puzzles', 'Spielzeug', 1),
	(14, 'Drachenpuzzleteil 3', 'Das 3. Teil des 4-Teile Puzzles', 'Spielzeug', 1),
	(15, 'Drachenpuzzleteil 4', 'Das 4. Teil des 4-Teile Puzzles', 'Spielzeug', 1),
	(18, 'Fleisch', 'Ein Stück Fleisch !', 'Nahrung', 244),
	(19, 'Kürbis', 'Oranges Riesengemüse', 'Nahrung', 86),
	(21, 'Katzenfisch', 'Eine Katze die im Wasser zu finden ist.', 'Nahrung', 241),
	(22, 'Koala', 'Ein Haustier zum knuddeln.', 'Spielzeug', 265),
	(23, 'Drachenirrlicht', 'Ein funkelndes Drachenirrlicht aus alter Zeit. Ein sehr seltener, aber magischer neuer Freund.', 'Material', 269);
/*!40000 ALTER TABLE `items` ENABLE KEYS */;

-- Exportiere Struktur von Tabelle db_dvg.items_spieler
DROP TABLE IF EXISTS `items_spieler`;
CREATE TABLE IF NOT EXISTS `items_spieler` (
  `id` int(10) NOT NULL AUTO_INCREMENT,
  `items_id` int(10) NOT NULL,
  `spieler_id` int(10) NOT NULL,
  `anzahl` int(10) NOT NULL,
  PRIMARY KEY (`id`),
  KEY `FK_items_id_items_spieler` (`items_id`),
  KEY `FK_spieler_id_items_spieler` (`spieler_id`),
  CONSTRAINT `FK_items_spieler_items` FOREIGN KEY (`items_id`) REFERENCES `items` (`id`) ON DELETE CASCADE,
  CONSTRAINT `FK_items_spieler_spieler` FOREIGN KEY (`spieler_id`) REFERENCES `spieler` (`id`) ON DELETE CASCADE
) ENGINE=InnoDB AUTO_INCREMENT=62 DEFAULT CHARSET=utf8 COLLATE=utf8_unicode_ci COMMENT='Items die ein Spieler im Besitz hat';

-- Exportiere Daten aus Tabelle db_dvg.items_spieler: ~36 rows (ungefähr)
DELETE FROM `items_spieler`;
/*!40000 ALTER TABLE `items_spieler` DISABLE KEYS */;
INSERT INTO `items_spieler` (`id`, `items_id`, `spieler_id`, `anzahl`) VALUES
	(1, 3, 26, 6),
	(2, 6, 26, 3),
	(3, 7, 26, 2),
	(4, 1, 19, 7),
	(5, 2, 19, 1),
	(6, 8, 19, 1),
	(8, 8, 26, 29),
	(9, 5, 26, 9),
	(10, 11, 26, 3),
	(11, 1, 26, 22),
	(12, 2, 26, 1),
	(13, 14, 26, 1),
	(14, 2, 32, 1),
	(15, 15, 26, 1),
	(16, 18, 26, 5),
	(34, 4, 26, 3),
	(35, 1, 39, 1),
	(36, 8, 39, 2),
	(37, 10, 26, 2),
	(38, 21, 26, 1),
	(39, 19, 26, 0),
	(40, 12, 26, 2),
	(41, 18, 39, 1),
	(49, 8, 43, 26),
	(50, 4, 43, 12),
	(51, 6, 43, 2),
	(52, 1, 43, 4),
	(53, 3, 45, 1),
	(54, 21, 45, 1),
	(55, 8, 45, 246),
	(56, 4, 45, 78),
	(57, 1, 45, 19),
	(58, 7, 45, 4),
	(59, 6, 45, 8),
	(60, 18, 45, 2),
	(61, 5, 45, 1);
/*!40000 ALTER TABLE `items_spieler` ENABLE KEYS */;

-- Exportiere Struktur von Tabelle db_dvg.kampf
DROP TABLE IF EXISTS `kampf`;
CREATE TABLE IF NOT EXISTS `kampf` (
  `id` int(10) NOT NULL AUTO_INCREMENT,
  `gebiet_id` int(10) DEFAULT NULL,
  `log` text COLLATE utf8_unicode_ci,
  PRIMARY KEY (`id`),
  KEY `gebiet_id` (`gebiet_id`),
  CONSTRAINT `FK_kampf_gebiet` FOREIGN KEY (`gebiet_id`) REFERENCES `gebiet` (`id`)
) ENGINE=InnoDB AUTO_INCREMENT=201 DEFAULT CHARSET=utf8 COLLATE=utf8_unicode_ci COMMENT='Stellt das Grundelement für einen Kampf';

-- Exportiere Daten aus Tabelle db_dvg.kampf: ~172 rows (ungefähr)
DELETE FROM `kampf`;
/*!40000 ALTER TABLE `kampf` DISABLE KEYS */;
INSERT INTO `kampf` (`id`, `gebiet_id`, `log`) VALUES
	(29, 9, NULL),
	(30, 9, NULL),
	(31, 9, NULL),
	(32, 9, NULL),
	(33, 9, NULL),
	(34, 9, NULL),
	(35, 9, NULL),
	(36, 9, NULL),
	(37, 9, NULL),
	(38, 9, NULL),
	(39, 9, NULL),
	(40, 9, NULL),
	(41, 9, NULL),
	(42, 9, NULL),
	(43, 9, NULL),
	(44, 9, NULL),
	(45, 9, NULL),
	(46, 9, NULL),
	(47, 9, NULL),
	(48, 9, NULL),
	(49, 9, NULL),
	(50, 9, NULL),
	(51, 9, NULL),
	(52, 9, NULL),
	(53, 9, NULL),
	(54, 9, NULL),
	(55, 9, NULL),
	(56, 9, NULL),
	(57, 9, NULL),
	(58, 9, NULL),
	(59, 9, NULL),
	(60, 9, NULL),
	(61, 9, NULL),
	(62, 9, NULL),
	(63, 9, NULL),
	(64, 9, NULL),
	(65, 9, NULL),
	(66, 3, NULL),
	(67, 3, NULL),
	(68, 9, NULL),
	(69, 9, NULL),
	(70, 9, NULL),
	(71, 9, NULL),
	(72, 9, NULL),
	(73, 9, NULL),
	(74, 9, NULL),
	(75, 9, NULL),
	(76, 9, NULL),
	(77, 9, NULL),
	(78, 9, NULL),
	(79, 9, NULL),
	(80, 9, NULL),
	(81, 9, NULL),
	(82, 9, NULL),
	(83, 9, NULL),
	(84, 9, NULL),
	(85, 9, NULL),
	(86, 9, NULL),
	(87, 9, NULL),
	(88, 9, NULL),
	(89, 9, NULL),
	(90, 9, NULL),
	(91, 9, NULL),
	(92, 9, NULL),
	(93, 9, NULL),
	(94, 9, NULL),
	(95, 9, NULL),
	(96, 9, NULL),
	(97, 9, NULL),
	(98, 9, NULL),
	(99, 9, NULL),
	(100, 9, NULL),
	(101, 9, NULL),
	(102, 9, NULL),
	(103, 9, NULL),
	(104, 9, NULL),
	(105, 9, NULL),
	(106, 9, NULL),
	(107, 9, NULL),
	(108, 9, NULL),
	(109, 9, NULL),
	(110, 9, NULL),
	(111, 9, NULL),
	(112, 9, NULL),
	(113, 9, NULL),
	(114, 9, NULL),
	(115, 9, NULL),
	(116, 9, NULL),
	(117, 9, NULL),
	(118, 9, NULL),
	(119, 9, NULL),
	(120, 9, NULL),
	(121, 9, NULL),
	(122, 9, NULL),
	(123, 9, NULL),
	(124, 9, NULL),
	(125, NULL, 'Flammi greift Fuchs erfolgreich mit Biss an.<br>Fuchs versucht vergeblich Flammi mit Schlag anzugreifen. (Angriff/Zauber=1, Ausweichen=0, Abwehr=1)<br>Flammi greift Fuchs erfolgreich mit Biss an.<br>Fuchs greift Flammi erfolgreich mit Schlag an.<br>Flammi versucht vergeblich Fuchs mit Biss anzugreifen. (Angriff/Zauber=1, Ausweichen=1, Abwehr=0)<br>Fuchs versucht vergeblich Flammi mit Schlag anzugreifen. (Angriff/Zauber=1, Ausweichen=1, Abwehr=1)<br>Flammi greift Fuchs erfolgreich mit Biss an.<br>Fuchsstirbt im Kampf.<br>'),
	(126, NULL, 'Flammi wendet den Zauber Lava erfolgreich auf Ratte an.<br>Ratte greift Flammi erfolgreich mit Biss an.<br>Fuchs greift Flammi erfolgreich mit Biss an.<br>Ratte stirbt im Kampf.</text><br>Flammi wendet den Zauber Lava erfolgreich auf Fuchs an.<br>Fuchs wendet den Zauber Staub erfolgreich auf sich selbst an.<br>Flammi wendet den Zauber Lava erfolgreich auf Fuchs an.<br>Fuchs greift Flammi erfolgreich mit Biss an.<br>Flammi greift Fuchs erfolgreich mit Biss an.<br>Fuchs stirbt im Kampf.</font><br>Fuchs stirbt im Kampf.</font><br>'),
	(127, NULL, 'Flammi versucht vergeblich den Zauber Lava auf Ratte anzuwenden. (Angriff/Zauber=1, Ausweichen=1, Abwehr=0)<br>Ratte greift Flammi erfolgreich mit Biss an.<br>Fuchs wendet den Zauber Staub erfolgreich auf sich selbst an.<br>Ratte greift Flammi erfolgreich mit Biss an.<br>Flammi versucht vergeblich den Zauber Lava auf Ratte anzuwenden. (Angriff/Zauber=1, Ausweichen=1, Abwehr=0)<br>Fuchs greift Flammi erfolgreich mit Biss an.<br>Ratte greift Flammi erfolgreich mit Biss an.<br>Flammi wendet den Zauber Lava erfolgreich auf Ratte an.<br>Fuchs versucht vergeblich Flammi mit Biss anzugreifen. (Angriff/Zauber=1, Ausweichen=0, Abwehr=1)<br>Ratte greift Flammi erfolgreich mit Biss an.<br>Flammi wendet den Zauber Heiße Quelle erfolgreich auf sich selbst an.<br><font color=\'red\'>Ratte stirbt im Kampf.</font><br>Fuchs wendet den Zauber Staub erfolgreich auf sich selbst an.<br>Flammi versucht vergeblich den Zauber Feuersturm auf Fuchs anzuwenden. (Angriff/Zauber=1, Ausweichen=1, Abwehr=0)<br>Fuchs greift Flammi erfolgreich mit Schlag an.<br>Flammi versucht vergeblich den Zauber Feuersturm auf Fuchs anzuwenden. (Angriff/Zauber=0, Ausweichen=0, Abwehr=0)<br>Fuchs versucht vergeblich Flammi mit Biss anzugreifen. (Angriff/Zauber=1, Ausweichen=1, Abwehr=1)<br>Flammi wendet den Zauber Lava erfolgreich auf Fuchs an.<br>Fuchs wendet den Zauber Staub erfolgreich auf sich selbst an.<br>Flammi versucht vergeblich den Zauber Lava auf Fuchs anzuwenden. (Angriff/Zauber=1, Ausweichen=1, Abwehr=0)<br>Fuchs greift Flammi erfolgreich mit Schlag an.<br>Flammi versucht vergeblich den Zauber Alkohol auf Fuchs anzuwenden. (Angriff/Zauber=1, Ausweichen=1, Abwehr=0)<br>Fuchs greift Flammi erfolgreich mit Biss an.<br>Flammi versucht vergeblich Fuchs mit Biss anzugreifen. (Angriff/Zauber=1, Ausweichen=1, Abwehr=0)<br>Fuchs versucht vergeblich Flammi mit Biss anzugreifen. (Angriff/Zauber=0, Ausweichen=0, Abwehr=1)<br>Flammi greift Fuchs erfolgreich mit Biss an.<br>Flammi versucht vergeblich Fuchs mit Biss anzugreifen. (Angriff/Zauber=1, Ausweichen=1, Abwehr=0)<br>Fuchs greift Flammi erfolgreich mit Biss an.<br>Flammi versucht vergeblich Fuchs mit Biss anzugreifen. (Angriff/Zauber=1, Ausweichen=1, Abwehr=0)<br>Fuchs greift Flammi erfolgreich mit Biss an.<br>Flammi versucht vergeblich Fuchs mit Biss anzugreifen. (Angriff/Zauber=1, Ausweichen=0, Abwehr=1)<br>Fuchs greift Flammi erfolgreich mit Biss an.<br>Flammi greift Fuchs erfolgreich mit Biss an.<br><font color=\'red\'>Fuchs stirbt im Kampf.</font><br>'),
	(128, NULL, '<font color=\'red\'>Ratte stirbt im Kampf.</font><br>Flammi greift Ratte erfolgreich mit Biss an.<br>Ratte greift Flammi erfolgreich mit Biss an.<br>Flammi versucht vergeblich Ratte mit Biss anzugreifen. (Angriff/Zauber=1, Ausweichen=1, Abwehr=0)<br>Ratte versucht vergeblich Flammi mit Biss anzugreifen. (Angriff/Zauber=1, Ausweichen=1, Abwehr=0)<br>Flammi greift Ratte erfolgreich mit Biss an.<br>Ratte versucht vergeblich Flammi mit Biss anzugreifen. (Angriff/Zauber=1, Ausweichen=0, Abwehr=1)<br>Flammi versucht vergeblich Ratte mit Biss anzugreifen. (Angriff/Zauber=0, Ausweichen=0, Abwehr=0)<br>Ratte greift Flammi erfolgreich mit Biss an.<br>Flammi wendet den Zauber Alkohol erfolgreich auf Ratte an.<br>Ratte greift Flammi erfolgreich mit Biss an.<br>Flammi versucht vergeblich den Zauber Lava auf Ratte anzuwenden. (Angriff/Zauber=1, Ausweichen=1, Abwehr=0)<br>Ratte versucht vergeblich Flammi mit Biss anzugreifen. (Angriff/Zauber=1, Ausweichen=0, Abwehr=1)<br>Flammi versucht vergeblich den Zauber Feuersturm auf Ratte anzuwenden. (Angriff/Zauber=1, Ausweichen=1, Abwehr=0)<br><font color=\'red\'>Fuchs stirbt im Kampf.</font><br>Flammi greift Fuchs erfolgreich mit Biss an.<br>Ratte greift Flammi erfolgreich mit Biss an.<br>Flammi versucht vergeblich Fuchs mit Biss anzugreifen. (Angriff/Zauber=1, Ausweichen=1, Abwehr=0)<br>Ratte versucht vergeblich Flammi mit Biss anzugreifen. (Angriff/Zauber=1, Ausweichen=0, Abwehr=1)<br>Flammi greift Ratte erfolgreich mit Biss an.<br>Ratte wendet den Zauber Gift erfolgreich auf Flammi an.<br>Flammi wendet den Zauber Alkohol erfolgreich auf Ratte an.<br>Ratte versucht vergeblich Flammi mit Biss anzugreifen. (Angriff/Zauber=1, Ausweichen=0, Abwehr=1)<br>Flammi versucht vergeblich den Zauber Feuersturm auf Fuchs anzuwenden. (Angriff/Zauber=1, Ausweichen=1, Abwehr=0)<br>Ratte versucht vergeblich Flammi mit Biss anzugreifen. (Angriff/Zauber=1, Ausweichen=1, Abwehr=1)<br>Fuchs greift Flammi erfolgreich mit Schlag an.<br>Flammi wendet den Zauber Lava erfolgreich auf Fuchs an.<br>Ratte greift Flammi erfolgreich mit Biss an.<br>Fuchs versucht vergeblich Flammi mit Biss anzugreifen. (Angriff/Zauber=1, Ausweichen=1, Abwehr=0)<br>Flammi wendet den Zauber Heiße Quelle erfolgreich auf sich selbst an.<br>Ratte versucht vergeblich Flammi mit Biss anzugreifen. (Angriff/Zauber=1, Ausweichen=0, Abwehr=1)<br>Fuchs greift Flammi erfolgreich mit Biss an.<br>Flammi wendet den Zauber Feuersturm erfolgreich auf Fuchs an.<br>Ratte versucht vergeblich den Zauber Gift auf Flammi anzuwenden. (Angriff/Zauber=1, Ausweichen=0, Abwehr=1)<br>Fuchs versucht vergeblich Flammi mit Biss anzugreifen. (Angriff/Zauber=1, Ausweichen=1, Abwehr=0)<br>Ratte greift Flammi erfolgreich mit Biss an.<br>Flammi wendet den Zauber Lava erfolgreich auf Fuchs an.<br><font color=\'red\'>Fuchs stirbt im Kampf.</font><br>'),
	(129, NULL, 'Fuchs wendet den Zauber Staub erfolgreich auf sich selbst an.<br>Flammi greift Fuchs erfolgreich mit Biss an.<br><font color=\'red\'>Flammi stirbt im Kampf.</font><br>Fuchs greift Flammi erfolgreich mit Biss an.<br>Flammi versucht vergeblich Ratte mit Biss anzugreifen. (Angriff/Zauber=1, Ausweichen=1, Abwehr=0)<br>Fuchs greift Flammi erfolgreich mit Biss an.<br>Flammi versucht vergeblich Ratte mit Biss anzugreifen. (Angriff/Zauber=1, Ausweichen=1, Abwehr=0)<br>Fuchs greift Flammi erfolgreich mit Schlag an.<br><font color=\'red\'>Ratte stirbt im Kampf.</font><br>Flammi greift Ratte erfolgreich mit Biss an.<br>Fuchs greift Flammi erfolgreich mit Biss an.<br><font color=\'red\'>Ratte stirbt im Kampf.</font><br>Flammi greift Ratte erfolgreich mit Biss an.<br>Fuchs greift Flammi erfolgreich mit Biss an.<br>Flammi versucht vergeblich Ratte mit Biss anzugreifen. (Angriff/Zauber=1, Ausweichen=1, Abwehr=0)<br>Fuchs greift Flammi erfolgreich mit Biss an.<br><font color=\'red\'>Ratte stirbt im Kampf.</font><br>Flammi greift Ratte erfolgreich mit Biss an.<br>Fuchs wendet den Zauber Staub erfolgreich auf sich selbst an.<br><font color=\'red\'>Ratte stirbt im Kampf.</font><br>Flammi greift Ratte erfolgreich mit Biss an.<br>Fuchs greift Flammi erfolgreich mit Biss an.<br>Flammi versucht vergeblich Ratte mit Biss anzugreifen. (Angriff/Zauber=1, Ausweichen=1, Abwehr=0)<br>Fuchs greift Flammi erfolgreich mit Biss an.<br><font color=\'red\'>Ratte stirbt im Kampf.</font><br>Flammi greift Ratte erfolgreich mit Biss an.<br>Fuchs versucht vergeblich Flammi mit Biss anzugreifen. (Angriff/Zauber=1, Ausweichen=1, Abwehr=0)<br><font color=\'red\'>Ratte stirbt im Kampf.</font><br>Flammi greift Ratte erfolgreich mit Biss an.<br>Fuchs versucht vergeblich Flammi mit Biss anzugreifen. (Angriff/Zauber=1, Ausweichen=0, Abwehr=1)<br>Flammi versucht vergeblich Ratte mit Biss anzugreifen. (Angriff/Zauber=1, Ausweichen=1, Abwehr=0)<br>Fuchs greift Flammi erfolgreich mit Schlag an.<br><font color=\'red\'>Ratte stirbt im Kampf.</font><br>Flammi greift Ratte erfolgreich mit Biss an.<br>Ratte greift Flammi erfolgreich mit Biss an.<br>Fuchs greift Flammi erfolgreich mit Biss an.<br>Flammi greift Ratte erfolgreich mit Biss an.<br>Ratte versucht vergeblich Flammi mit Biss anzugreifen. (Angriff/Zauber=1, Ausweichen=1, Abwehr=0)<br>Fuchs wendet den Zauber Staub erfolgreich auf sich selbst an.<br>Flammi versucht vergeblich Ratte mit Biss anzugreifen. (Angriff/Zauber=1, Ausweichen=1, Abwehr=0)<br>Ratte greift Flammi erfolgreich mit Biss an.<br>Fuchs greift Flammi erfolgreich mit Schlag an.<br>Flammi versucht vergeblich Ratte mit Biss anzugreifen. (Angriff/Zauber=1, Ausweichen=1, Abwehr=0)<br>Ratte greift Flammi erfolgreich mit Biss an.<br>Fuchs versucht vergeblich Flammi mit Biss anzugreifen. (Angriff/Zauber=1, Ausweichen=1, Abwehr=0)<br>Flammi versucht vergeblich Ratte mit Biss anzugreifen. (Angriff/Zauber=1, Ausweichen=1, Abwehr=0)<br>Ratte versucht vergeblich den Zauber Gift auf Flammi anzuwenden. (Angriff/Zauber=1, Ausweichen=1, Abwehr=1)<br>Fuchs versucht vergeblich Flammi mit Biss anzugreifen. (Angriff/Zauber=1, Ausweichen=1, Abwehr=0)<br>Ratte greift Flammi erfolgreich mit Biss an.<br>Flammi greift Ratte erfolgreich mit Biss an.<br>'),
	(130, NULL, '<font color=\'red\'>Fuchs stirbt im Kampf.</font><br>Flammi greift Fuchs erfolgreich mit Biss an.<br>Fuchs versucht vergeblich Flammi mit Schlag anzugreifen. (Angriff/Zauber=1, Ausweichen=0, Abwehr=1)<br>Flammi greift Fuchs erfolgreich mit Biss an.<br>Flammi will Ratte mit Biss angreifen und stellt dabei fest, dass das Ziel bereits tot ist.<br>Fuchs versucht vergeblich Flammi mit Schlag anzugreifen. (Angriff/Zauber=1, Ausweichen=0, Abwehr=1)<br>Flammi versucht vergeblich Fuchs mit Biss anzugreifen. (Angriff/Zauber=1, Ausweichen=1, Abwehr=0)<br>Fuchs greift Flammi erfolgreich mit Schlag an.<br>Flammi versucht vergeblich Fuchs mit Biss anzugreifen. (Angriff/Zauber=1, Ausweichen=1, Abwehr=0)<br>Flammi greift Fuchs erfolgreich mit Biss an.<br>Fuchs greift Flammi erfolgreich mit Schlag an.<br>Flammi wendet den Zauber Alkohol erfolgreich auf Fuchs an.<br>Fuchs versucht vergeblich Flammi mit Biss anzugreifen. (Angriff/Zauber=0, Ausweichen=0, Abwehr=1)<br>Flammi wendet den Zauber Lava erfolgreich auf Fuchs an.<br>Fuchs versucht vergeblich Flammi mit Schlag anzugreifen. (Angriff/Zauber=1, Ausweichen=0, Abwehr=1)<br><font color=\'red\'>Ratte stirbt im Kampf.</font><br>Flammi greift Ratte erfolgreich mit Biss an.<br>Flammi versucht vergeblich Ratte mit Biss anzugreifen. (Angriff/Zauber=1, Ausweichen=1, Abwehr=0)<br>Ratte greift Flammi erfolgreich mit Biss an.<br>Fuchs greift Flammi erfolgreich mit Biss an.<br>Flammi versucht vergeblich Ratte mit Biss anzugreifen. (Angriff/Zauber=1, Ausweichen=1, Abwehr=0)<br>Ratte greift Flammi erfolgreich mit Biss an.<br>Fuchs versucht vergeblich Flammi mit Biss anzugreifen. (Angriff/Zauber=1, Ausweichen=0, Abwehr=1)<br>Flammi greift Ratte erfolgreich mit Biss an.<br>Ratte greift Flammi erfolgreich mit Biss an.<br>Fuchs greift Flammi erfolgreich mit Biss an.<br>Flammi greift Ratte erfolgreich mit Biss an.<br>Ratte versucht vergeblich Flammi mit Biss anzugreifen. (Angriff/Zauber=1, Ausweichen=0, Abwehr=1)<br>Flammi wendet den Zauber Heiße Quelle erfolgreich auf sich selbst an.<br>Fuchs greift Flammi erfolgreich mit Schlag an.<br>Ratte greift Flammi erfolgreich mit Biss an.<br>Flammi wendet den Zauber Heiße Quelle erfolgreich auf sich selbst an.<br>Fuchs versucht vergeblich Flammi mit Biss anzugreifen. (Angriff/Zauber=1, Ausweichen=0, Abwehr=1)<br>Ratte greift Flammi erfolgreich mit Biss an.<br>Flammi wendet den Zauber Heiße Quelle erfolgreich auf sich selbst an.<br><font color=\'red\'>Flammi stirbt im Kampf.</font><br>Fuchs versucht vergeblich Flammi mit Biss anzugreifen. (Angriff/Zauber=1, Ausweichen=0, Abwehr=1)<br>Ratte greift Flammi erfolgreich mit Biss an.<br>Flammi versucht vergeblich den Zauber Alkohol auf Fuchs anzuwenden. (Angriff/Zauber=1, Ausweichen=1, Abwehr=0)<br>Fuchs versucht vergeblich Flammi mit Biss anzugreifen. (Angriff/Zauber=1, Ausweichen=0, Abwehr=1)<br>Ratte greift Flammi erfolgreich mit Biss an.<br>Flammi versucht vergeblich den Zauber Alkohol auf Fuchs anzuwenden. (Angriff/Zauber=1, Ausweichen=1, Abwehr=0)<br>Fuchs versucht vergeblich Flammi mit Schlag anzugreifen. (Angriff/Zauber=1, Ausweichen=1, Abwehr=1)<br>Ratte greift Flammi erfolgreich mit Biss an.<br>Flammi versucht vergeblich den Zauber Alkohol auf Fuchs anzuwenden. (Angriff/Zauber=1, Ausweichen=1, Abwehr=0)<br>Fuchs wendet den Zauber Staub erfolgreich auf sich selbst an.<br>Ratte greift Flammi erfolgreich mit Biss an.<br>Flammi wendet den Zauber Alkohol erfolgreich auf Fuchs an.<br>Fuchs wendet den Zauber Staub erfolgreich auf sich selbst an.<br>Ratte greift Flammi erfolgreich mit Biss an.<br>Flammi wendet den Zauber Alkohol erfolgreich auf Fuchs an.<br>Ratte versucht vergeblich Flammi mit Biss anzugreifen. (Angriff/Zauber=0, Ausweichen=0, Abwehr=0)<br>Fuchs greift Flammi erfolgreich mit Biss an.<br>Flammi versucht vergeblich den Zauber Alkohol auf Fuchs anzuwenden. (Angriff/Zauber=1, Ausweichen=1, Abwehr=0)<br>Ratte versucht vergeblich Flammi mit Biss anzugreifen. (Angriff/Zauber=1, Ausweichen=0, Abwehr=1)<br>Fuchs versucht vergeblich Flammi mit Schlag anzugreifen. (Angriff/Zauber=1, Ausweichen=0, Abwehr=1)<br>Flammi versucht vergeblich den Zauber Alkohol auf Fuchs anzuwenden. (Angriff/Zauber=1, Ausweichen=0, Abwehr=1)<br>Ratte greift Flammi erfolgreich mit Biss an.<br>Fuchs wendet den Zauber Staub erfolgreich auf Ratte an.<br>Flammi wendet den Zauber Alkohol erfolgreich auf Fuchs an.<br>Ratte versucht vergeblich den Zauber Gift auf Flammi anzuwenden. (Angriff/Zauber=1, Ausweichen=0, Abwehr=1)<br>Fuchs greift Flammi erfolgreich mit Biss an.<br>Flammi wendet den Zauber Alkohol erfolgreich auf Fuchs an.<br>Ratte versucht vergeblich Flammi mit Biss anzugreifen. (Angriff/Zauber=1, Ausweichen=0, Abwehr=1)<br>Fuchs greift Flammi erfolgreich mit Schlag an.<br>Flammi wendet den Zauber Alkohol erfolgreich auf Fuchs an.<br>Ratte greift Flammi erfolgreich mit Biss an.<br>Fuchs greift Flammi erfolgreich mit Biss an.<br>Flammi wendet den Zauber Alkohol erfolgreich auf Fuchs an.<br>Ratte versucht vergeblich den Zauber Gift auf Flammi anzuwenden. (Angriff/Zauber=1, Ausweichen=1, Abwehr=1)<br>Fuchs versucht vergeblich Flammi mit Schlag anzugreifen. (Angriff/Zauber=1, Ausweichen=1, Abwehr=0)<br>Flammi wendet den Zauber Alkohol erfolgreich auf Fuchs an.<br>Ratte versucht vergeblich Flammi mit Biss anzugreifen. (Angriff/Zauber=0, Ausweichen=0, Abwehr=0)<br>Fuchs versucht vergeblich Flammi mit Biss anzugreifen. (Angriff/Zauber=1, Ausweichen=0, Abwehr=1)<br>Flammi wendet den Zauber Alkohol erfolgreich auf Fuchs an.<br>Ratte versucht vergeblich Flammi mit Biss anzugreifen. (Angriff/Zauber=0, Ausweichen=0, Abwehr=0)<br>Fuchs versucht vergeblich Flammi mit Biss anzugreifen. (Angriff/Zauber=1, Ausweichen=0, Abwehr=1)<br>Ratte greift Flammi erfolgreich mit Biss an.<br>Flammi versucht vergeblich den Zauber Alkohol auf Fuchs anzuwenden. (Angriff/Zauber=1, Ausweichen=1, Abwehr=0)<br>'),
	(131, NULL, '<font color=\'green\'>Gewonnen</font><br><font color=\'red\'>Fuchs stirbt im Kampf.</font><br>Flammi greift Fuchs erfolgreich mit Biss an.<br>Fuchs versucht vergeblich Flammi mit Biss anzugreifen. (Angriff/Zauber=1, Ausweichen=0, Abwehr=1)<br>Flammi greift Fuchs erfolgreich mit Biss an.<br>Fuchs versucht vergeblich Flammi mit Biss anzugreifen. (Angriff/Zauber=1, Ausweichen=0, Abwehr=1)<br>Flammi versucht vergeblich Fuchs mit Biss anzugreifen. (Angriff/Zauber=1, Ausweichen=1, Abwehr=0)<br>Flammi greift Fuchs erfolgreich mit Biss an.<br>Fuchs versucht vergeblich Flammi mit Biss anzugreifen. (Angriff/Zauber=1, Ausweichen=0, Abwehr=1)<br>Flammi versucht vergeblich Fuchs mit Biss anzugreifen. (Angriff/Zauber=1, Ausweichen=1, Abwehr=1)<br>Fuchs versucht vergeblich Flammi mit Schlag anzugreifen. (Angriff/Zauber=1, Ausweichen=1, Abwehr=0)<br>Flammi wendet den Zauber Alkohol erfolgreich auf Fuchs an.<br>Fuchs wendet den Zauber Staub erfolgreich auf sich selbst an.<br>Flammi wendet den Zauber Heiße Quelle erfolgreich auf sich selbst an.<br>Fuchs wendet den Zauber Staub erfolgreich auf sich selbst an.<br>Flammi wendet den Zauber Heiße Quelle erfolgreich auf sich selbst an.<br>Fuchs greift Flammi erfolgreich mit Biss an.<br>Flammi versucht vergeblich den Zauber Lava auf Fuchs anzuwenden. (Angriff/Zauber=1, Ausweichen=1, Abwehr=0)<br>Fuchs greift Flammi erfolgreich mit Schlag an.<br>Flammi wendet den Zauber Lava erfolgreich auf Fuchs an.<br>Fuchs versucht vergeblich Flammi mit Schlag anzugreifen. (Angriff/Zauber=1, Ausweichen=0, Abwehr=1)<br>Flammi versucht vergeblich den Zauber Lava auf Fuchs anzuwenden. (Angriff/Zauber=1, Ausweichen=1, Abwehr=0)<br>Fuchs greift Flammi erfolgreich mit Biss an.<br>Flammi versucht vergeblich den Zauber Lava auf Fuchs anzuwenden. (Angriff/Zauber=1, Ausweichen=0, Abwehr=1)<br>Fuchs greift Flammi erfolgreich mit Biss an.<br>Flammi versucht vergeblich den Zauber Lava auf Fuchs anzuwenden. (Angriff/Zauber=1, Ausweichen=1, Abwehr=0)<br>Fuchs greift Flammi erfolgreich mit Biss an.<br>Flammi versucht vergeblich den Zauber Lava auf Fuchs anzuwenden. (Angriff/Zauber=1, Ausweichen=1, Abwehr=0)<br><font color=\'red\'>Ratte stirbt im Kampf.</font><br>Fuchs greift Flammi erfolgreich mit Schlag an.<br>Ratte greift Flammi erfolgreich mit Biss an.<br>Flammi wendet den Zauber Lava erfolgreich auf Ratte an.<br>'),
	(132, NULL, '<font color=\'green\'>Gewonnen</font><br><font color=\'red\'>Fuchs stirbt im Kampf.</font><br>Flammi greift Fuchs erfolgreich mit Biss an.<br>Fuchs greift Flammi erfolgreich mit Biss an.<br>Flammi versucht vergeblich Fuchs mit Biss anzugreifen. (Angriff/Zauber=1, Ausweichen=1, Abwehr=0)<br>Flammi wendet den Zauber Heiße Quelle erfolgreich auf sich selbst an.<br>Fuchs greift Flammi erfolgreich mit Biss an.<br>Flammi versucht vergeblich Fuchs mit Biss anzugreifen. (Angriff/Zauber=1, Ausweichen=1, Abwehr=0)<br>Fuchs wendet den Zauber Staub erfolgreich auf sich selbst an.<br>Flammi versucht vergeblich Fuchs mit Biss anzugreifen. (Angriff/Zauber=0, Ausweichen=1, Abwehr=0)<br>Fuchs versucht vergeblich Flammi mit Schlag anzugreifen. (Angriff/Zauber=1, Ausweichen=0, Abwehr=1)<br>Flammi versucht vergeblich Fuchs mit Biss anzugreifen. (Angriff/Zauber=1, Ausweichen=1, Abwehr=0)<br>Fuchs wendet den Zauber Staub erfolgreich auf sich selbst an.<br>Flammi versucht vergeblich Fuchs mit Biss anzugreifen. (Angriff/Zauber=1, Ausweichen=1, Abwehr=0)<br>Fuchs versucht vergeblich Flammi mit Schlag anzugreifen. (Angriff/Zauber=1, Ausweichen=0, Abwehr=1)<br>Flammi versucht vergeblich Fuchs mit Biss anzugreifen. (Angriff/Zauber=1, Ausweichen=0, Abwehr=1)<br>Fuchs wendet den Zauber Staub erfolgreich auf sich selbst an.<br><font color=\'red\'>Ratte stirbt im Kampf.</font><br>Flammi wendet den Zauber Heiße Quelle erfolgreich auf sich selbst an.<br>Ratte greift Flammi erfolgreich mit Biss an.<br>Fuchs greift Flammi erfolgreich mit Biss an.<br>Flammi wendet den Zauber Lava erfolgreich auf Ratte an.<br>Ratte greift Flammi erfolgreich mit Biss an.<br>Fuchs versucht vergeblich Flammi mit Schlag anzugreifen. (Angriff/Zauber=1, Ausweichen=1, Abwehr=0)<br>Flammi wendet den Zauber Lava erfolgreich auf Fuchs an.<br>Ratte greift Flammi erfolgreich mit Biss an.<br>Fuchs versucht vergeblich Flammi mit Biss anzugreifen. (Angriff/Zauber=1, Ausweichen=1, Abwehr=0)<br>Flammi versucht vergeblich den Zauber Lava auf Fuchs anzuwenden. (Angriff/Zauber=1, Ausweichen=1, Abwehr=0)<br>Ratte versucht vergeblich den Zauber Gift auf Flammi anzuwenden. (Angriff/Zauber=0, Ausweichen=0, Abwehr=1)<br>Fuchs greift Flammi erfolgreich mit Schlag an.<br>Ratte greift Flammi erfolgreich mit Biss an.<br>Flammi wendet den Zauber Feuersturm erfolgreich auf Fuchs an.<br>Fuchs will den Zauber Staub auf sich selbst anwenden und stellt dabei fest, dass das ziemlich dämlich wäre.<br>'),
	(133, NULL, '<font color=\'green\'>Gewonnen</font><br><font color=\'red\'>Flammi stirbt im Kampf.</font><br><font color=\'red\'>Fuchs stirbt im Kampf.</font><br>Flammi greift Fuchs erfolgreich mit Biss an.<br>Flammi greift Fuchs erfolgreich mit Biss an.<br>Fuchs greift Flammi erfolgreich mit Schlag an.<br><font color=\'red\'>Ratte stirbt im Kampf.</font><br>Flammi greift Ratte erfolgreich mit Biss an.<br>Fuchs greift Flammi erfolgreich mit Schlag an.<br>Ratte wendet den Zauber Gift erfolgreich auf Flammi an.<br>Flammi versucht vergeblich Fuchs mit Biss anzugreifen. (Angriff/Zauber=1, Ausweichen=1, Abwehr=0)<br>Ratte greift Flammi erfolgreich mit Biss an.<br>Fuchs greift Flammi erfolgreich mit Biss an.<br>Flammi versucht vergeblich Ratte mit Biss anzugreifen. (Angriff/Zauber=1, Ausweichen=1, Abwehr=0)<br>Ratte versucht vergeblich Flammi mit Biss anzugreifen. (Angriff/Zauber=1, Ausweichen=0, Abwehr=1)<br>Fuchs wendet den Zauber Staub erfolgreich auf sich selbst an.<br>Flammi versucht vergeblich Ratte mit Biss anzugreifen. (Angriff/Zauber=1, Ausweichen=1, Abwehr=0)<br>Ratte greift Flammi erfolgreich mit Biss an.<br>Fuchs wendet den Zauber Staub erfolgreich auf Ratte an.<br>Flammi versucht vergeblich Fuchs mit Biss anzugreifen. (Angriff/Zauber=1, Ausweichen=1, Abwehr=0)<br>Ratte versucht vergeblich Flammi mit Biss anzugreifen. (Angriff/Zauber=1, Ausweichen=0, Abwehr=1)<br>Fuchs greift Flammi erfolgreich mit Biss an.<br>Flammi wendet den Zauber Heiße Quelle erfolgreich auf sich selbst an.<br>Ratte greift Flammi erfolgreich mit Biss an.<br>Fuchs greift Flammi erfolgreich mit Biss an.<br>Flammi wendet den Zauber Lava erfolgreich auf Fuchs an.<br>Ratte wendet den Zauber Gift erfolgreich auf Flammi an.<br>Fuchs versucht vergeblich Flammi mit Schlag anzugreifen. (Angriff/Zauber=1, Ausweichen=0, Abwehr=1)<br>Flammi wendet den Zauber Feuersturm erfolgreich auf Ratte an.<br>Ratte versucht vergeblich Flammi mit Biss anzugreifen. (Angriff/Zauber=1, Ausweichen=0, Abwehr=1)<br>Fuchs versucht vergeblich Flammi mit Biss anzugreifen. (Angriff/Zauber=1, Ausweichen=1, Abwehr=0)<br>Flammi versucht vergeblich den Zauber Feuersturm auf Ratte anzuwenden. (Angriff/Zauber=1, Ausweichen=1, Abwehr=0)<br>Ratte versucht vergeblich Flammi mit Biss anzugreifen. (Angriff/Zauber=1, Ausweichen=1, Abwehr=0)<br>Fuchs wendet den Zauber Staub erfolgreich auf Ratte an.<br>Flammi versucht vergeblich den Zauber Feuersturm auf Ratte anzuwenden. (Angriff/Zauber=1, Ausweichen=1, Abwehr=0)<br>Ratte versucht vergeblich Flammi mit Biss anzugreifen. (Angriff/Zauber=1, Ausweichen=0, Abwehr=1)<br>Fuchs versucht vergeblich Flammi mit Schlag anzugreifen. (Angriff/Zauber=1, Ausweichen=1, Abwehr=0)<br>Ratte greift Flammi erfolgreich mit Biss an.<br>Flammi wendet den Zauber Feuersturm erfolgreich auf Fuchs an.<br>'),
	(134, NULL, '<font color=\'green\'>Gewonnen</font><br><font color=\'red\'>Fuchs stirbt im Kampf.</font><br>Flammi greift Fuchs erfolgreich mit Biss an.<br>Fuchs greift Flammi erfolgreich mit Biss an.<br>Flammi greift Fuchs erfolgreich mit Biss an.<br>Flammi greift Fuchs erfolgreich mit Biss an.<br>Fuchs greift Flammi erfolgreich mit Biss an.<br>Flammi versucht vergeblich Fuchs mit Biss anzugreifen. (Angriff/Zauber=1, Ausweichen=1, Abwehr=0)<br>Fuchs versucht vergeblich Flammi mit Biss anzugreifen. (Angriff/Zauber=1, Ausweichen=0, Abwehr=1)<br>Flammi greift Fuchs erfolgreich mit Biss an.<br>Fuchs greift Flammi erfolgreich mit Biss an.<br>Flammi greift Fuchs erfolgreich mit Biss an.<br>Fuchs greift Flammi erfolgreich mit Schlag an.<br>Flammi greift Fuchs erfolgreich mit Biss an.<br>Flammi versucht vergeblich Fuchs mit Biss anzugreifen. (Angriff/Zauber=1, Ausweichen=1, Abwehr=0)<br>Fuchs versucht vergeblich Flammi mit Biss anzugreifen. (Angriff/Zauber=1, Ausweichen=1, Abwehr=1)<br>Flammi greift Fuchs erfolgreich mit Biss an.<br>Fuchs versucht vergeblich Flammi mit Biss anzugreifen. (Angriff/Zauber=1, Ausweichen=0, Abwehr=1)<br>Flammi versucht vergeblich Fuchs mit Biss anzugreifen. (Angriff/Zauber=0, Ausweichen=1, Abwehr=0)<br><font color=\'red\'>Ratte stirbt im Kampf.</font><br>Ratte versucht vergeblich Flammi mit Biss anzugreifen. (Angriff/Zauber=1, Ausweichen=0, Abwehr=1)<br>Fuchs versucht vergeblich Flammi mit Biss anzugreifen. (Angriff/Zauber=1, Ausweichen=0, Abwehr=1)<br>Flammi wendet den Zauber Heiße Quelle erfolgreich auf sich selbst an.<br>Ratte versucht vergeblich Flammi mit Biss anzugreifen. (Angriff/Zauber=0, Ausweichen=0, Abwehr=0)<br>Fuchs wendet den Zauber Staub erfolgreich auf Ratte an.<br>Flammi wendet den Zauber Heiße Quelle erfolgreich auf sich selbst an.<br>Ratte versucht vergeblich Flammi mit Biss anzugreifen. (Angriff/Zauber=1, Ausweichen=0, Abwehr=1)<br>Fuchs versucht vergeblich Flammi mit Schlag anzugreifen. (Angriff/Zauber=0, Ausweichen=0, Abwehr=0)<br>Flammi versucht vergeblich den Zauber Lava auf Fuchs anzuwenden. (Angriff/Zauber=1, Ausweichen=1, Abwehr=0)<br>Ratte greift Flammi erfolgreich mit Biss an.<br>Fuchs greift Flammi erfolgreich mit Biss an.<br>Flammi versucht vergeblich den Zauber Lava auf Fuchs anzuwenden. (Angriff/Zauber=1, Ausweichen=1, Abwehr=0)<br>Ratte greift Flammi erfolgreich mit Biss an.<br>Fuchs wendet den Zauber Staub erfolgreich auf Ratte an.<br>Flammi versucht vergeblich den Zauber Lava auf Fuchs anzuwenden. (Angriff/Zauber=1, Ausweichen=1, Abwehr=0)<br>Ratte versucht vergeblich Flammi mit Biss anzugreifen. (Angriff/Zauber=1, Ausweichen=0, Abwehr=1)<br>Fuchs greift Flammi erfolgreich mit Schlag an.<br>Flammi versucht vergeblich den Zauber Lava auf Fuchs anzuwenden. (Angriff/Zauber=1, Ausweichen=1, Abwehr=0)<br>Ratte versucht vergeblich den Zauber Gift auf Flammi anzuwenden. (Angriff/Zauber=1, Ausweichen=0, Abwehr=1)<br>Fuchs wendet den Zauber Staub erfolgreich auf sich selbst an.<br>Flammi greift Ratte erfolgreich mit Biss an.<br>Ratte wendet den Zauber Gift erfolgreich auf Flammi an.<br>Fuchs greift Flammi erfolgreich mit Schlag an.<br>Flammi wendet den Zauber Feuersturm erfolgreich auf Ratte an.<br>Ratte greift Flammi erfolgreich mit Biss an.<br>Fuchs versucht vergeblich Flammi mit Schlag anzugreifen. (Angriff/Zauber=1, Ausweichen=0, Abwehr=1)<br>Ratte greift Flammi erfolgreich mit Biss an.<br>Flammi versucht vergeblich den Zauber Feuersturm auf Ratte anzuwenden. (Angriff/Zauber=1, Ausweichen=1, Abwehr=0)<br>'),
	(135, NULL, '<font color=\'red\'>Verloren</font><br><font color=\'red\'>Flammi stirbt im Kampf.</font><br>Fuchs greift Flammi erfolgreich mit Biss an.<br>Ratte greift Flammi erfolgreich mit Biss an.<br>Flammi versucht vergeblich Fuchs mit Biss anzugreifen. (Angriff/Zauber=1, Ausweichen=1, Abwehr=0)<br>Ratte versucht vergeblich Flammi mit Biss anzugreifen. (Angriff/Zauber=1, Ausweichen=0, Abwehr=1)<br>Fuchs greift Flammi erfolgreich mit Schlag an.<br>Flammi versucht vergeblich Fuchs mit Biss anzugreifen. (Angriff/Zauber=0, Ausweichen=1, Abwehr=0)<br>Ratte wendet den Zauber Gift erfolgreich auf Flammi an.<br>Fuchs greift Flammi erfolgreich mit Schlag an.<br>Flammi versucht vergeblich den Zauber Alkohol auf Fuchs anzuwenden. (Angriff/Zauber=1, Ausweichen=1, Abwehr=0)<br>Ratte versucht vergeblich Flammi mit Biss anzugreifen. (Angriff/Zauber=1, Ausweichen=0, Abwehr=1)<br>Fuchs greift Flammi erfolgreich mit Biss an.<br>Flammi versucht vergeblich den Zauber Feuersturm auf Fuchs anzuwenden. (Angriff/Zauber=1, Ausweichen=1, Abwehr=0)<br>Ratte greift Flammi erfolgreich mit Biss an.<br>Fuchs greift Flammi erfolgreich mit Biss an.<br>Flammi wendet den Zauber Heiße Quelle erfolgreich auf sich selbst an.<br>Ratte greift Flammi erfolgreich mit Biss an.<br>Fuchs greift Flammi erfolgreich mit Schlag an.<br>Flammi wendet den Zauber Feuersturm erfolgreich auf Ratte an.<br>Ratte versucht vergeblich Flammi mit Biss anzugreifen. (Angriff/Zauber=1, Ausweichen=1, Abwehr=0)<br>Fuchs greift Flammi erfolgreich mit Biss an.<br>Flammi versucht vergeblich den Zauber Lava auf Ratte anzuwenden. (Angriff/Zauber=1, Ausweichen=1, Abwehr=0)<br>Ratte versucht vergeblich Flammi mit Biss anzugreifen. (Angriff/Zauber=1, Ausweichen=0, Abwehr=1)<br>Fuchs greift Flammi erfolgreich mit Schlag an.<br>Flammi wendet den Zauber Feuersturm erfolgreich auf Fuchs an.<br>Ratte versucht vergeblich den Zauber Gift auf Flammi anzuwenden. (Angriff/Zauber=1, Ausweichen=1, Abwehr=0)<br>Fuchs wendet den Zauber Staub erfolgreich auf Ratte an.<br>Flammi wendet den Zauber Lava erfolgreich auf Fuchs an.<br>Ratte greift Flammi erfolgreich mit Biss an.<br>Fuchs wendet den Zauber Staub erfolgreich auf Ratte an.<br>Ratte versucht vergeblich Flammi mit Biss anzugreifen. (Angriff/Zauber=1, Ausweichen=0, Abwehr=1)<br>Flammi versucht vergeblich den Zauber Lava auf Ratte anzuwenden. (Angriff/Zauber=0, Ausweichen=0, Abwehr=0)<br>'),
	(136, NULL, '<font color=\'green\'>Gewonnen</font><br><font color=\'red\'>Fuchs stirbt im Kampf.</font><br>Flammi wendet den Zauber Heiße Quelle erfolgreich auf sich selbst an.<br>Fuchs greift Flammi erfolgreich mit Biss an.<br>Flammi wendet den Zauber Lava erfolgreich auf Fuchs an.<br>Fuchs greift Flammi erfolgreich mit Biss an.<br><font color=\'red\'>Ratte stirbt im Kampf.</font><br>Flammi wendet den Zauber Lava erfolgreich auf Fuchs an.<br>Ratte greift Flammi erfolgreich mit Biss an.<br>Fuchs wendet den Zauber Staub erfolgreich auf Ratte an.<br>Flammi wendet den Zauber Lava erfolgreich auf Ratte an.<br>Ratte versucht vergeblich Flammi mit Biss anzugreifen. (Angriff/Zauber=1, Ausweichen=0, Abwehr=1)<br>Fuchs greift Flammi erfolgreich mit Biss an.<br>Flammi versucht vergeblich den Zauber Lava auf Ratte anzuwenden. (Angriff/Zauber=1, Ausweichen=1, Abwehr=0)<br>Ratte versucht vergeblich Flammi mit Biss anzugreifen. (Angriff/Zauber=1, Ausweichen=0, Abwehr=1)<br>Fuchs greift Flammi erfolgreich mit Schlag an.<br>Flammi versucht vergeblich den Zauber Lava auf Ratte anzuwenden. (Angriff/Zauber=1, Ausweichen=1, Abwehr=0)<br>Ratte wendet den Zauber Gift erfolgreich auf Flammi an.<br>Fuchs versucht vergeblich Flammi mit Schlag anzugreifen. (Angriff/Zauber=0, Ausweichen=0, Abwehr=0)<br>Ratte versucht vergeblich den Zauber Gift auf Flammi anzuwenden. (Angriff/Zauber=1, Ausweichen=0, Abwehr=1)<br>Flammi versucht vergeblich den Zauber Lava auf Ratte anzuwenden. (Angriff/Zauber=1, Ausweichen=1, Abwehr=0)<br>'),
	(137, NULL, '<font color=\'green\'>Gewonnen</font><br><font color=\'red\'>Fuchs stirbt im Kampf.</font><br>Flammi greift Fuchs erfolgreich mit Biss an.<br>Fuchs versucht vergeblich Flammi mit Schlag anzugreifen. (Angriff/Zauber=1, Ausweichen=1, Abwehr=0)<br>Flammi versucht vergeblich Fuchs mit Biss anzugreifen. (Angriff/Zauber=1, Ausweichen=1, Abwehr=0)<br>Fuchs versucht vergeblich Flammi mit Schlag anzugreifen. (Angriff/Zauber=1, Ausweichen=1, Abwehr=1)<br>Flammi versucht vergeblich Fuchs mit Biss anzugreifen. (Angriff/Zauber=1, Ausweichen=1, Abwehr=0)<br>Fuchs greift Flammi erfolgreich mit Biss an.<br>Flammi greift Fuchs erfolgreich mit Biss an.<br>Fuchs versucht vergeblich Flammi mit Biss anzugreifen. (Angriff/Zauber=1, Ausweichen=1, Abwehr=0)<br>Flammi versucht vergeblich Fuchs mit Biss anzugreifen. (Angriff/Zauber=1, Ausweichen=1, Abwehr=0)<br>Fuchs versucht vergeblich Flammi mit Biss anzugreifen. (Angriff/Zauber=1, Ausweichen=0, Abwehr=1)<br>Flammi wendet den Zauber Heiße Quelle erfolgreich auf sich selbst an.<br>Fuchs wendet den Zauber Staub erfolgreich auf sich selbst an.<br>Flammi wendet den Zauber Feuersturm erfolgreich auf Fuchs an.<br>Fuchs versucht vergeblich Flammi mit Biss anzugreifen. (Angriff/Zauber=1, Ausweichen=0, Abwehr=1)<br>Flammi wendet den Zauber Lava erfolgreich auf Fuchs an.<br><font color=\'red\'>Ratte stirbt im Kampf.</font><br>Fuchs greift Flammi erfolgreich mit Biss an.<br>Ratte versucht vergeblich Flammi mit Biss anzugreifen. (Angriff/Zauber=1, Ausweichen=1, Abwehr=0)<br>Flammi wendet den Zauber Lava erfolgreich auf Ratte an.<br>'),
	(138, NULL, '<font color=\'red\'>Verloren</font><br><font color=\'red\'>Flammi stirbt im Kampf.</font><br>Ratte greift Flammi erfolgreich mit Biss an.<br>Fuchs greift Flammi erfolgreich mit Biss an.<br>Flammi wendet den Zauber Alkohol erfolgreich auf Ratte an.<br>Ratte greift Flammi erfolgreich mit Biss an.<br>Fuchs greift Flammi erfolgreich mit Biss an.<br>Flammi wendet den Zauber Alkohol erfolgreich auf Ratte an.<br>Ratte greift Flammi erfolgreich mit Biss an.<br>Fuchs greift Flammi erfolgreich mit Schlag an.<br>Flammi wendet den Zauber Alkohol erfolgreich auf Fuchs an.<br>Ratte versucht vergeblich Flammi mit Biss anzugreifen. (Angriff/Zauber=1, Ausweichen=0, Abwehr=1)<br>Fuchs versucht vergeblich Flammi mit Schlag anzugreifen. (Angriff/Zauber=1, Ausweichen=0, Abwehr=1)<br>Flammi wendet den Zauber Alkohol erfolgreich auf Fuchs an.<br>Ratte versucht vergeblich den Zauber Gift auf Flammi anzuwenden. (Angriff/Zauber=1, Ausweichen=0, Abwehr=1)<br>Fuchs versucht vergeblich Flammi mit Biss anzugreifen. (Angriff/Zauber=1, Ausweichen=0, Abwehr=1)<br>Flammi wendet den Zauber Alkohol erfolgreich auf Fuchs an.<br>Ratte greift Flammi erfolgreich mit Biss an.<br>Fuchs wendet den Zauber Staub erfolgreich auf sich selbst an.<br>Flammi wendet den Zauber Alkohol erfolgreich auf Fuchs an.<br>Ratte wendet den Zauber Gift erfolgreich auf Flammi an.<br>Fuchs versucht vergeblich Flammi mit Biss anzugreifen. (Angriff/Zauber=1, Ausweichen=0, Abwehr=1)<br>Ratte greift Flammi erfolgreich mit Biss an.<br>Flammi wendet den Zauber Alkohol erfolgreich auf Fuchs an.<br>'),
	(139, NULL, '<font color=\'green\'>Gewonnen</font><br><font color=\'red\'>Fuchs stirbt im Kampf.</font><br>Flammi greift Fuchs erfolgreich mit Biss an.<br>Fuchs patzt Ausführen von Biss auf Flammi.<br>Flammi greift Fuchs mit Biss an. Fuchs kann dem Angriff jedoch ausweichen.<br>Fuchs greift Flammi mit Biss an. Flammi kann dem Angriff jedoch ausweichen.<br>Flammi greift Fuchs erfolgreich mit Biss an.<br>Fuchs greift Flammi mit Schlag an. Flammi kann den Angriff jedoch abwehren.<br>Flammi greift Fuchs erfolgreich mit Biss an.<br>Fuchs wendet den Zauber Staub erfolgreich auf sich selbst an.<br>Flammi zaubert Lava auf Fuchs. Fuchs kann dem Zauber jedoch ausweichen.<br>Fuchs greift Flammi mit Schlag an. Flammi kann den Angriff jedoch abwehren.<br>Flammi wendet den Zauber Heiße Quelle erfolgreich auf sich selbst an.<br>Fuchs greift Flammi erfolgreich mit Schlag an.<br>Flammi zaubert Feuersturm auf Fuchs. Fuchs kann dem Zauber jedoch ausweichen.<br>Fuchs greift Flammi erfolgreich mit Schlag an.<br>Flammi wendet den Zauber Lava erfolgreich auf Fuchs an.<br>Fuchs greift Flammi erfolgreich mit Biss an.<br>Flammi wendet den Zauber Alkohol erfolgreich auf Fuchs an.<br>Fuchs greift Flammi erfolgreich mit Biss an.<br>Flammi wendet den Zauber Alkohol erfolgreich auf Fuchs an.<br>'),
	(140, NULL, '<font color=\'green\'>Gewonnen</font><br><font color=\'red\'>Fuchs stirbt im Kampf.</font><br>Flammi wendet den Zauber Alkohol erfolgreich auf Fuchs an.<br><br>Fuchs greift Flammi erfolgreich mit Schlag an.<br>Flammi wendet den Zauber Lava erfolgreich auf Fuchs an.<br><br>Fuchs greift Flammi mit Biss an. Flammi kann den Angriff jedoch abwehren.<br>Flammi wendet den Zauber Lava erfolgreich auf Fuchs an.<br><br>'),
	(141, NULL, '<font color=\'green\'>Gewonnen</font><br><font color=\'red\'>Fuchs stirbt im Kampf.</font><br>Fuchs: -1 Gesundheit durch Staub<br>Fuchs greift Flammi mit Biss an. Flammi kann dem Angriff jedoch ausweichen.<br>Fuchs: -5 Gesundheit durch Biss<br>Flammi greift Fuchs erfolgreich mit Biss an.<br><br>Fuchs: -1 Gesundheit durch Staub<br>Fuchs: 20 Ausweichen durch Staub<br>Fuchs wendet den Zauber Staub erfolgreich auf sich selbst an.<br>Fuchs: -5 Gesundheit durch Biss<br>Fuchs: -9 Gesundheit durch Lava<br>Flammi greift Fuchs erfolgreich mit Biss an.<br><br>Fuchs greift Flammi mit Biss an. Flammi kann den Angriff jedoch abwehren.<br>Fuchs: -9 Gesundheit durch Lava<br>Flammi wendet den Zauber Lava erfolgreich auf Fuchs an.<br><br>Fuchs greift Flammi mit Biss an. Flammi kann dem Angriff jedoch ausweichen.<br>Fuchs: 10 Ausweichen durch Beendigung von Alkohol<br>Fuchs: -5 Gesundheit durch Biss<br>Flammi: 5 Initiative durch Heiße Quelle<br>Flammi: 7 Gesundheit durch Heiße Quelle<br>Flammi greift Fuchs erfolgreich mit Biss an.<br><br>Flammi: -5 Gesundheit durch Biss<br>Fuchs greift Flammi erfolgreich mit Biss an.<br>Flammi: 5 Initiative durch Heiße Quelle<br>Flammi: 7 Gesundheit durch Heiße Quelle<br>Flammi wendet den Zauber Heiße Quelle erfolgreich auf sich selbst an.<br><br>Flammi: 4 Gesundheit durch Beendigung von Schlag<br>Flammi: -4 Gesundheit durch Schlag<br>Fuchs greift Flammi erfolgreich mit Schlag an.<br>Fuchs: 10 Ausweichen durch Beendigung von Alkohol<br>Fuchs: -10 Ausweichen durch Alkohol<br>Flammi wendet den Zauber Alkohol erfolgreich auf Fuchs an.<br><br>'),
	(142, NULL, '<font color=\'green\'>Gewonnen</font><br><font color=\'red\'>Fuchs stirbt im Kampf.</font><br>Fuchs: -5 Gesundheit durch Biss<br>Flammi: 4 Gesundheit durch Heiße Quelle<br>Flammi: 3 Stärke durch Heiße Quelle<br>Flammi greift Fuchs erfolgreich mit Biss an.<br><br>Fuchs greift Flammi mit Biss an. Flammi kann den Angriff jedoch abwehren.<br>Fuchs: -5 Gesundheit durch Biss<br>Flammi: 4 Gesundheit durch Heiße Quelle<br>Flammi: 3 Stärke durch Heiße Quelle<br>Flammi greift Fuchs erfolgreich mit Biss an.<br><br>Fuchs zaubert Staub auf Flammi. Flammi kann den Zauber jedoch abwehren.<br>Flammi: 4 Gesundheit durch Heiße Quelle<br>Flammi: 3 Stärke durch Heiße Quelle<br>Flammi wendet den Zauber Heiße Quelle erfolgreich auf sich selbst an.<br><br>Flammi: -4 Gesundheit durch Schlag<br>Fuchs greift Flammi erfolgreich mit Schlag an.<br>Fuchs: 1 Gesundheit durch Beendigung von Alkohol<br>Fuchs: 2 Intelligenz durch Beendigung von Alkohol<br>Fuchs: -5 Gesundheit durch Biss<br>Flammi greift Fuchs erfolgreich mit Biss an.<br><br>Fuchs greift Flammi mit Biss an. Flammi kann den Angriff jedoch abwehren.<br>Fuchs: 1 Gesundheit durch Beendigung von Alkohol<br>Fuchs: 2 Intelligenz durch Beendigung von Alkohol<br>Fuchs: -1 Gesundheit durch Alkohol<br>Fuchs: -2 Intelligenz durch Alkohol<br>Flammi wendet den Zauber Alkohol erfolgreich auf Fuchs an.<br><br>Flammi: -5 Gesundheit durch Biss<br>Fuchs greift Flammi erfolgreich mit Biss an.<br>Fuchs: -1 Gesundheit durch Alkohol<br>Fuchs: -2 Intelligenz durch Alkohol<br>Flammi wendet den Zauber Alkohol erfolgreich auf Fuchs an.<br><br>Fuchs greift Flammi mit Schlag an. Flammi kann den Angriff jedoch abwehren.<br>Flammi zaubert Alkohol auf Fuchs. Fuchs kann dem Zauber jedoch ausweichen.<br><br>Flammi: -4 Gesundheit durch Schlag<br>Fuchs greift Flammi erfolgreich mit Schlag an.<br>Fuchs: -5 Gesundheit durch Biss<br>Fuchs: -2 Ausweichen durch Feuersturm<br>Fuchs: -6 Gesundheit durch Feuersturm<br>Flammi greift Fuchs erfolgreich mit Biss an.<br><br>Flammi: -4 Gesundheit durch Schlag<br>Fuchs greift Flammi erfolgreich mit Schlag an.<br>Fuchs: -2 Ausweichen durch Feuersturm<br>Fuchs: -6 Gesundheit durch Feuersturm<br>Flammi greift Fuchs mit Biss an. Fuchs kann dem Angriff jedoch ausweichen.<br><br>Flammi: -5 Gesundheit durch Biss<br>Fuchs greift Flammi erfolgreich mit Biss an.<br>Fuchs: -2 Ausweichen durch Feuersturm<br>Fuchs: -6 Gesundheit durch Feuersturm<br>Flammi wendet den Zauber Feuersturm erfolgreich auf Fuchs an.<br><br>'),
	(143, NULL, '<font color=\'green\'>Gewonnen</font><br><font color=\'red\'>Fuchs stirbt im Kampf.</font><br>Fuchs: -5 Gesundheit durch Biss<br>Flammi greift Fuchs erfolgreich mit Biss an.<br><br>Fuchs greift Flammi mit Biss an. Flammi kann den Angriff jedoch abwehren.<br>Fuchs: -5 Gesundheit durch Biss<br>Flammi greift Fuchs erfolgreich mit Biss an.<br><br>Flammi: -5 Gesundheit durch Biss<br>Fuchs greift Flammi erfolgreich mit Biss an.<br>Fuchs: -5 Gesundheit durch Biss<br>Flammi greift Fuchs erfolgreich mit Biss an.<br><br>Fuchs greift Flammi mit Biss an. Flammi kann den Angriff jedoch abwehren.<br>Fuchs: -5 Gesundheit durch Biss<br>Flammi greift Fuchs erfolgreich mit Biss an.<br><br>Flammi: -4 Gesundheit durch Schlag<br>Fuchs greift Flammi erfolgreich mit Schlag an.<br>Fuchs: -5 Gesundheit durch Biss<br>Flammi greift Fuchs erfolgreich mit Biss an.<br><br>Fuchs greift Flammi mit Schlag an. Flammi kann den Angriff jedoch abwehren.<br>Fuchs: -5 Gesundheit durch Biss<br>Flammi greift Fuchs erfolgreich mit Biss an.<br><br>Flammi: -4 Gesundheit durch Schlag<br>Fuchs greift Flammi erfolgreich mit Schlag an.<br>Fuchs: 2 Abwehr durch Beendigung von Wanderdüne<br>Fuchs: 3 Magie durch Beendigung von Wanderdüne<br>Fuchs: 3 Intelligenz durch Beendigung von Wanderdüne<br>Fuchs: 3 Stärke durch Beendigung von Wanderdüne<br>Fuchs: -5 Gesundheit durch Biss<br>Flammi greift Fuchs erfolgreich mit Biss an.<br><br>Flammi: -4 Gesundheit durch Schlag<br>Fuchs greift Flammi erfolgreich mit Schlag an.<br>Fuchs: 2 Abwehr durch Beendigung von Wanderdüne<br>Fuchs: 3 Magie durch Beendigung von Wanderdüne<br>Fuchs: 3 Intelligenz durch Beendigung von Wanderdüne<br>Fuchs: 3 Stärke durch Beendigung von Wanderdüne<br>Flammi zaubert Erdbeben auf Fuchs. Fuchs kann dem Zauber jedoch ausweichen.<br><br>Fuchs zaubert Staub auf Flammi. Flammi kann den Zauber jedoch abwehren.<br>Fuchs: -2 Abwehr durch Wanderdüne<br>Fuchs: -3 Magie durch Wanderdüne<br>Fuchs: -3 Intelligenz durch Wanderdüne<br>Fuchs: -3 Stärke durch Wanderdüne<br>Flammi wendet den Zauber Wanderdüne erfolgreich auf Fuchs an.<br><br>Flammi: -5 Gesundheit durch Biss<br>Fuchs greift Flammi erfolgreich mit Biss an.<br>Fuchs: 3 Gesundheit durch Beendigung von Staub<br>Fuchs: -2 Abwehr durch Wanderdüne<br>Fuchs: -3 Magie durch Wanderdüne<br>Fuchs: -3 Intelligenz durch Wanderdüne<br>Fuchs: -3 Stärke durch Wanderdüne<br>Flammi wendet den Zauber Wanderdüne erfolgreich auf Fuchs an.<br><br>Flammi: -4 Gesundheit durch Schlag<br>Fuchs greift Flammi erfolgreich mit Schlag an.<br>Flammi zaubert Wanderdüne auf Fuchs. Fuchs kann dem Zauber jedoch ausweichen.<br><br>Fuchs greift Flammi mit Biss an. Flammi kann den Angriff jedoch abwehren.<br>Fuchs: -3 Gesundheit durch Staub<br>Flammi wendet den Zauber Staub erfolgreich auf Fuchs an.<br><br>Flammi will den Zauber Staub auf sich selbst anwenden und stellt dabei fest, dass das ziemlich dämlich wäre.<br><br>'),
	(144, NULL, '<font color=\'green\'>Gewonnen</font><br><font color=\'red\'>Fuchs stirbt im Kampf.</font><br>Fuchs: -5 Gesundheit durch Biss<br>Fuchs: -3 Gesundheit durch Erdbeben<br>Flammi greift Fuchs erfolgreich mit Biss an.<br><br>Flammi: -3 Gesundheit durch Staub<br>Fuchs greift Flammi mit Biss an. Flammi kann den Angriff jedoch abwehren.<br>Fuchs: -5 Gesundheit durch Biss<br>Fuchs: -3 Gesundheit durch Erdbeben<br>Flammi greift Fuchs erfolgreich mit Biss an.<br><br>Flammi: -3 Gesundheit durch Staub<br>Fuchs patzt Ausführen von Biss auf Flammi.<br>Fuchs: -5 Gesundheit durch Biss<br>Fuchs: -3 Gesundheit durch Erdbeben<br>Flammi greift Fuchs erfolgreich mit Biss an.<br><br>Flammi: -3 Gesundheit durch Staub<br>Fuchs wendet den Zauber Staub erfolgreich auf Flammi an.<br>Fuchs: -5 Gesundheit durch Biss<br>Fuchs: -3 Gesundheit durch Erdbeben<br>Flammi greift Fuchs erfolgreich mit Biss an.<br><br>Fuchs greift Flammi mit Schlag an. Flammi kann den Angriff jedoch abwehren.<br>Fuchs: -3 Gesundheit durch Erdbeben<br>Fuchs: -5 Stärke durch Erdbeben<br>Flammi wendet den Zauber Erdbeben erfolgreich auf Fuchs an.<br><br>'),
	(145, NULL, '<font color=\'green\'>Gewonnen</font><br><font color=\'red\'>Fuchs stirbt im Kampf.</font><br>Fuchs: -5 Gesundheit durch Biss<br>Fuchs: -3 Gesundheit durch Erdbeben<br>Flammi greift Fuchs erfolgreich mit Biss an.<br><br>Flammi: -3 Gesundheit durch Staub<br>Fuchs greift Flammi mit Schlag an. Flammi kann den Angriff jedoch abwehren.<br>Fuchs: -5 Gesundheit durch Biss<br>Fuchs: 2 Abwehr durch Beendigung von Wanderdüne<br>Fuchs: 3 Magie durch Beendigung von Wanderdüne<br>Fuchs: 3 Stärke durch Beendigung von Wanderdüne<br>Flammi greift Fuchs erfolgreich mit Biss an.<br><br>Flammi: -3 Gesundheit durch Staub<br>Fuchs: -5 Gesundheit durch Biss<br>Fuchs: -3 Gesundheit durch Erdbeben<br>Flammi greift Fuchs erfolgreich mit Biss an.<br><br>Flammi: -3 Gesundheit durch Staub<br>Fuchs wendet den Zauber Staub erfolgreich auf Flammi an.<br><br>Fuchs greift Flammi mit Biss an. Flammi kann den Angriff jedoch abwehren.<br>Fuchs: -3 Gesundheit durch Erdbeben<br>Fuchs: -5 Stärke durch Erdbeben<br>Flammi wendet den Zauber Erdbeben erfolgreich auf Fuchs an.<br><br>Fuchs greift Flammi mit Biss an. Flammi kann den Angriff jedoch abwehren.<br>Fuchs: -2 Abwehr durch Wanderdüne<br>Fuchs: -3 Magie durch Wanderdüne<br>Fuchs: -3 Intelligenz durch Wanderdüne<br>Fuchs: -3 Stärke durch Wanderdüne<br>Flammi wendet den Zauber Wanderdüne erfolgreich auf Fuchs an.<br><br>Flammi: -4 Gesundheit durch Schlag<br>Fuchs greift Flammi erfolgreich mit Schlag an.<br>Fuchs: -3 Gesundheit durch Staub<br>Flammi zaubert Wanderdüne auf Fuchs. Fuchs kann dem Zauber jedoch ausweichen.<br><br>Fuchs greift Flammi mit Schlag an. Flammi kann den Angriff jedoch abwehren.<br>Fuchs: -3 Gesundheit durch Staub<br>Fuchs: -3 Gesundheit durch Staub<br>Flammi zaubert Staub auf Fuchs. Fuchs kann dem Zauber jedoch ausweichen.<br><br>Flammi: -4 Gesundheit durch Schlag<br>Fuchs greift Flammi erfolgreich mit Schlag an.<br>Fuchs: -3 Gesundheit durch Staub<br>Fuchs: -3 Gesundheit durch Staub<br>Flammi wendet den Zauber Staub erfolgreich auf Fuchs an.<br><br>'),
	(146, NULL, '<font color=\'green\'>Gewonnen</font><br><font color=\'red\'>Fuchs stirbt im Kampf.</font><br>Fuchs: -3 Gesundheit durch Erdbeben<br>Fuchs: -3 Gesundheit durch Erdbeben<br>Flammi greift Fuchs erfolgreich mit Biss an.<br><br>Flammi: -5 Gesundheit durch Biss<br>Fuchs greift Flammi erfolgreich mit Biss an.<br>Fuchs: -5 Gesundheit durch Biss<br>Fuchs: -3 Gesundheit durch Erdbeben<br>Fuchs: -3 Gesundheit durch Erdbeben<br>Flammi greift Fuchs erfolgreich mit Biss an.<br><br>Flammi: -5 Gesundheit durch Biss<br>Fuchs greift Flammi erfolgreich mit Biss an.<br>Fuchs: 2 Abwehr durch Beendigung von Wanderdüne<br>Fuchs: 3 Magie durch Beendigung von Wanderdüne<br>Fuchs: 3 Intelligenz durch Beendigung von Wanderdüne<br>Fuchs: 3 Stärke durch Beendigung von Wanderdüne<br>Fuchs: -5 Gesundheit durch Biss<br>Fuchs: -3 Gesundheit durch Erdbeben<br>Fuchs: -3 Gesundheit durch Erdbeben<br>Flammi greift Fuchs erfolgreich mit Biss an.<br><br>Flammi: -4 Gesundheit durch Schlag<br>Fuchs greift Flammi erfolgreich mit Schlag an.<br>Fuchs: -3 Gesundheit durch Erdbeben<br>Fuchs: -5 Stärke durch Erdbeben<br>Fuchs: -3 Gesundheit durch Erdbeben<br>Flammi wendet den Zauber Erdbeben erfolgreich auf Fuchs an.<br><br>Flammi: -5 Gesundheit durch Biss<br>Fuchs greift Flammi erfolgreich mit Biss an.<br>Fuchs: -3 Gesundheit durch Erdbeben<br>Fuchs: -5 Stärke durch Erdbeben<br>Flammi wendet den Zauber Erdbeben erfolgreich auf Fuchs an.<br><br>Fuchs: -2 Abwehr durch Wanderdüne<br>Fuchs: -3 Magie durch Wanderdüne<br>Fuchs: -3 Intelligenz durch Wanderdüne<br>Fuchs: -3 Stärke durch Wanderdüne<br>Flammi wendet den Zauber Wanderdüne erfolgreich auf Fuchs an.<br><br>Flammi zaubert Staub auf Fuchs. Fuchs kann dem Zauber jedoch ausweichen.<br><br>Flammi zaubert Erdbeben auf Fuchs. Fuchs kann den Zauber jedoch abwehren.<br><br>Flammi: -4 Gesundheit durch Schlag<br>Fuchs greift Flammi erfolgreich mit Schlag an.<br><br>Flammi: -5 Gesundheit durch Biss<br>Fuchs greift Flammi erfolgreich mit Biss an.<br><br>Fuchs zaubert Staub auf Flammi. Flammi kann den Zauber jedoch abwehren.<br><br>'),
	(147, NULL, '<font color=\'green\'>Gewonnen</font><br><font color=\'red\'>Fuchs stirbt im Kampf.</font><br>Fuchs: -5 Gesundheit durch Biss<br>Fuchs: -3 Gesundheit durch Erdbeben<br>Fuchs: -3 Gesundheit durch Erdbeben<br>Flammi greift Fuchs erfolgreich mit Biss an.<br><br>Fuchs greift Flammi mit Biss an. Flammi kann den Angriff jedoch abwehren.<br>Fuchs: -3 Gesundheit durch Erdbeben<br>Fuchs: -3 Gesundheit durch Erdbeben<br>Flammi zaubert Erdbeben auf Fuchs. Fuchs kann dem Zauber jedoch ausweichen.<br><br>Flammi: -4 Gesundheit durch Schlag<br>Fuchs greift Flammi erfolgreich mit Schlag an.<br>Fuchs: -3 Gesundheit durch Erdbeben<br>Fuchs: -3 Gesundheit durch Erdbeben<br>Flammi zaubert Erdbeben auf Fuchs. Fuchs kann dem Zauber jedoch ausweichen.<br><br>Fuchs greift Flammi mit Schlag an. Flammi kann dem Angriff jedoch ausweichen.<br>Fuchs: -3 Gesundheit durch Erdbeben<br>Fuchs: -5 Stärke durch Erdbeben<br>Fuchs: -3 Gesundheit durch Erdbeben<br>Flammi wendet den Zauber Erdbeben erfolgreich auf Fuchs an.<br><br>Fuchs greift Flammi mit Biss an. Flammi kann dem Angriff jedoch ausweichen.<br>Fuchs: -3 Gesundheit durch Erdbeben<br>Fuchs: -5 Stärke durch Erdbeben<br>Flammi wendet den Zauber Erdbeben erfolgreich auf Fuchs an.<br><br>Fuchs: -5 Gesundheit durch Biss<br>Flammi greift Fuchs erfolgreich mit Biss an.<br><br>Fuchs patzt beim Zaubern von Staub auf Flammi.<br><br>'),
	(148, NULL, '<font color=\'green\'>Gewonnen</font><br><font color=\'red\'>Fuchs stirbt im Kampf.</font><br>Fuchs: -5 Gesundheit durch Biss<br>Flammi greift Fuchs erfolgreich mit Biss an.<br><br>Fuchs greift Flammi mit Schlag an. Flammi kann den Angriff jedoch abwehren.<br>Flammi patzt Ausführen von Biss auf Fuchs.<br><br>Flammi: -5 Gesundheit durch Biss<br>Fuchs greift Flammi erfolgreich mit Biss an.<br>Fuchs: -5 Gesundheit durch Biss<br>Flammi greift Fuchs erfolgreich mit Biss an.<br><br>Flammi: -4 Gesundheit durch Schlag<br>Fuchs greift Flammi erfolgreich mit Schlag an.<br>Fuchs: -5 Gesundheit durch Biss<br>Flammi greift Fuchs erfolgreich mit Biss an.<br><br>Fuchs greift Flammi mit Biss an. Flammi kann den Angriff jedoch abwehren.<br>Flammi greift Fuchs mit Biss an. Fuchs kann dem Angriff jedoch ausweichen.<br><br>Flammi: -4 Gesundheit durch Schlag<br>Fuchs greift Flammi erfolgreich mit Schlag an.<br>Flammi zaubert Erdbeben auf Fuchs. Fuchs kann dem Zauber jedoch ausweichen.<br><br>Flammi: -4 Gesundheit durch Schlag<br>Fuchs greift Flammi erfolgreich mit Schlag an.<br>Fuchs: 5 Stärke durch Beendigung von Erdbeben<br>Fuchs: -3 Gesundheit durch Staub<br>Fuchs: -3 Gesundheit durch Erdbeben<br>Flammi zaubert Staub auf Fuchs. Fuchs kann dem Zauber jedoch ausweichen.<br><br>Flammi: -5 Gesundheit durch Biss<br>Fuchs greift Flammi erfolgreich mit Biss an.<br>Fuchs: -3 Gesundheit durch Staub<br>Fuchs: -3 Gesundheit durch Erdbeben<br>Flammi zaubert Staub auf Fuchs. Fuchs kann den Zauber jedoch abwehren.<br><br>Fuchs greift Flammi mit Schlag an. Flammi kann den Angriff jedoch abwehren.<br>Fuchs: -3 Gesundheit durch Staub<br>Fuchs: -3 Gesundheit durch Erdbeben<br>Flammi wendet den Zauber Staub erfolgreich auf Fuchs an.<br><br>Flammi: -5 Gesundheit durch Biss<br>Fuchs greift Flammi erfolgreich mit Biss an.<br>Fuchs: -3 Gesundheit durch Erdbeben<br>Flammi zaubert Staub auf Fuchs. Fuchs kann dem Zauber jedoch ausweichen.<br><br>Fuchs greift Flammi mit Biss an. Flammi kann den Angriff jedoch abwehren.<br>Flammi patzt beim Zaubern von Staub auf Fuchs.<br><br>Fuchs: -3 Gesundheit durch Erdbeben<br>Fuchs: -5 Stärke durch Erdbeben<br>Flammi wendet den Zauber Erdbeben erfolgreich auf Fuchs an.<br><br>Fuchs zaubert Staub auf Flammi. Flammi kann den Zauber jedoch abwehren.<br><br>'),
	(149, NULL, '<font color=\'green\'>Gewonnen</font><br><font color=\'red\'>Fuchs stirbt im Kampf.</font><br>Fuchs: -5 Gesundheit durch Biss<br>Fuchs: -3 Gesundheit durch Stich<br>Flammi greift Fuchs erfolgreich mit Biss an.<br><br>Fuchs greift Flammi mit Biss an. Flammi kann dem Angriff jedoch ausweichen.<br>Fuchs: -3 Gesundheit durch Stich<br>Fuchs: -3 Gesundheit durch Stich<br>Flammi greift Fuchs erfolgreich mit Stich an.<br><br>Fuchs greift Flammi mit Biss an. Flammi kann den Angriff jedoch abwehren.<br>Fuchs: -3 Gesundheit durch Stich<br>Fuchs: -3 Gesundheit durch Stich<br>Flammi greift Fuchs erfolgreich mit Stich an.<br><br>Flammi: -4 Gesundheit durch Schlag<br>Fuchs greift Flammi erfolgreich mit Schlag an.<br>Flammi greift Fuchs mit Stich an. Fuchs kann dem Angriff jedoch ausweichen.<br><br>Fuchs: -3 Gesundheit durch Stich<br>Fuchs: -3 Gesundheit durch Stich<br>Flammi greift Fuchs erfolgreich mit Stich an.<br><br>Fuchs greift Flammi mit Schlag an. Flammi kann den Angriff jedoch abwehren.<br>Fuchs: -3 Gesundheit durch Stich<br>Flammi greift Fuchs erfolgreich mit Stich an.<br><br>Fuchs greift Flammi mit Schlag an. Flammi kann dem Angriff jedoch ausweichen.<br>Flammi greift Fuchs mit Stich an. Fuchs kann dem Angriff jedoch ausweichen.<br><br>Flammi: -5 Gesundheit durch Biss<br>Fuchs greift Flammi erfolgreich mit Biss an.<br>Fuchs: -3 Gesundheit durch Stich<br>Flammi: 4 Gesundheit durch Heiße Quelle<br>Flammi: 3 Stärke durch Heiße Quelle<br>Flammi patzt Ausführen von Stich auf Fuchs.<br><br>Flammi: -5 Gesundheit durch Biss<br>Fuchs greift Flammi erfolgreich mit Biss an.<br>Fuchs: -3 Gesundheit durch Stich<br>Flammi: 4 Gesundheit durch Heiße Quelle<br>Flammi: 3 Stärke durch Heiße Quelle<br>Flammi greift Fuchs erfolgreich mit Stich an.<br><br>Fuchs greift Flammi mit Biss an. Flammi kann den Angriff jedoch abwehren.<br><font color=\'red\'>Ratte stirbt im Kampf.</font><br>Ratte: -4 Gesundheit durch Eissturm<br>Flammi: 4 Gesundheit durch Heiße Quelle<br>Flammi: 3 Stärke durch Heiße Quelle<br>Flammi wendet den Zauber Heiße Quelle erfolgreich auf sich selbst an.<br><br>Flammi: -5 Gesundheit durch Biss<br>Ratte greift Flammi mit Biss an. Flammi kann den Angriff jedoch abwehren.<br>Fuchs greift Flammi erfolgreich mit Biss an.<br>Ratte: -5 Gesundheit durch Biss<br>Ratte: -4 Gesundheit durch Eissturm<br>Flammi greift Ratte erfolgreich mit Biss an.<br><br>Flammi: -5 Gesundheit durch Biss<br>Ratte greift Flammi erfolgreich mit Biss an.<br>Ratte: -3 Abwehr durch Eissturm<br>Ratte: -4 Gesundheit durch Eissturm<br>Ratte: -1 Ausweichen durch Eissturm<br>Ratte: -1 Initiative durch Eissturm<br>Ratte: -2 Magie durch Eissturm<br>Flammi wendet den Zauber Eissturm erfolgreich auf Ratte an.<br><br>Flammi will den Zauber Wasserfall auf sich selbst anwenden und stellt dabei fest, dass das ziemlich dämlich wäre.<br><br>Flammi will den Zauber Wasserfall auf sich selbst anwenden und stellt dabei fest, dass das ziemlich dämlich wäre.<br><br>Flammi: -5 Gesundheit durch Biss<br>Fuchs greift Flammi mit Schlag an. Flammi kann den Angriff jedoch abwehren.<br>Ratte greift Flammi erfolgreich mit Biss an.<br>Flammi greift Ratte mit Stich an. Ratte kann dem Angriff jedoch ausweichen.<br><br>Flammi: -4 Gesundheit durch Schlag<br>Ratte greift Flammi mit Biss an. Flammi kann den Angriff jedoch abwehren.<br>Fuchs greift Flammi erfolgreich mit Schlag an.<br>Flammi greift Ratte mit Stich an. Ratte kann dem Angriff jedoch ausweichen.<br><br>Flammi: -3 Gesundheit durch Staub<br>Ratte greift Flammi mit Biss an. Flammi kann den Angriff jedoch abwehren.<br>Fuchs greift Flammi mit Schlag an. Flammi kann dem Angriff jedoch ausweichen.<br>Fuchs: -4 Ausweichen durch Hurrikan<br>Fuchs: -3 Initiative durch Hurrikan<br>Flammi: 4 Gesundheit durch Heiße Quelle<br>Flammi: 3 Stärke durch Heiße Quelle<br>Flammi greift Ratte mit Stich an. Ratte kann dem Angriff jedoch ausweichen.<br><br>Flammi: -3 Gesundheit durch Staub<br>Ratte patzt Ausführen von Biss auf Flammi.<br>Fuchs greift Flammi mit Biss an. Flammi kann den Angriff jedoch abwehren.<br>Fuchs: -4 Ausweichen durch Hurrikan<br>Fuchs: -3 Initiative durch Hurrikan<br>Flammi: 4 Gesundheit durch Heiße Quelle<br>Flammi: 3 Stärke durch Heiße Quelle<br>Flammi greift Ratte mit Stich an. Ratte kann dem Angriff jedoch ausweichen.<br><br>Flammi: -5 Gesundheit durch Biss<br>Flammi: -3 Gesundheit durch Staub<br>Ratte greift Flammi erfolgreich mit Biss an.<br>Fuchs wendet den Zauber Staub erfolgreich auf Flammi an.<br>Fuchs: -4 Ausweichen durch Hurrikan<br>Fuchs: -3 Initiative durch Hurrikan<br>Flammi: 4 Gesundheit durch Heiße Quelle<br>Flammi: 3 Stärke durch Heiße Quelle<br>Flammi wendet den Zauber Heiße Quelle erfolgreich auf sich selbst an.<br><br>Flammi: -5 Gesundheit durch Biss<br>Ratte greift Flammi mit Biss an. Flammi kann dem Angriff jedoch ausweichen.<br>Fuchs greift Flammi erfolgreich mit Biss an.<br>Fuchs: -4 Ausweichen durch Hurrikan<br>Fuchs: -3 Initiative durch Hurrikan<br>Fuchs: -5 Magie durch Gewitter<br>Flammi wendet den Zauber Hurrikan erfolgreich auf Fuchs an.<br><br>Flammi: -5 Gesundheit durch Biss<br>Flammi: -5 Gesundheit durch Biss<br>Ratte greift Flammi erfolgreich mit Biss an.<br>Fuchs greift Flammi erfolgreich mit Biss an.<br>Ratte greift Flammi mit Biss an. Flammi kann dem Angriff jedoch ausweichen.<br>Fuchs: -5 Magie durch Gewitter<br>Flammi wendet den Zauber Gewitter erfolgreich auf Fuchs an.<br><br>'),
	(150, NULL, '<font color=\'green\'>Gewonnen</font><br><font color=\'red\'>Fuchs stirbt im Kampf.</font><br>Fuchs: -5 Gesundheit durch Biss<br>Fuchs: -3 Gesundheit durch Stich<br>Flammi greift Fuchs erfolgreich mit Biss an.<br><br>Flammi: -3 Gesundheit durch Staub<br>Fuchs greift Flammi mit Biss an. Flammi kann dem Angriff jedoch ausweichen.<br>Fuchs: -3 Gesundheit durch Stich<br>Fuchs: -3 Gesundheit durch Stich<br>Flammi greift Fuchs erfolgreich mit Stich an.<br><br>Flammi: -3 Gesundheit durch Staub<br>Fuchs greift Flammi mit Biss an. Flammi kann den Angriff jedoch abwehren.<br>Fuchs: 3 Abwehr durch Beendigung von Eissturm<br>Fuchs: 1 Ausweichen durch Beendigung von Eissturm<br>Fuchs: 1 Initiative durch Beendigung von Eissturm<br>Fuchs: 2 Magie durch Beendigung von Eissturm<br>Fuchs: -3 Gesundheit durch Stich<br>Fuchs: -4 Gesundheit durch Eissturm<br>Flammi greift Fuchs erfolgreich mit Stich an.<br><br>Flammi: -3 Gesundheit durch Staub<br>Fuchs wendet den Zauber Staub erfolgreich auf Flammi an.<br>Fuchs: -3 Gesundheit durch Stich<br>Fuchs: -4 Gesundheit durch Eissturm<br>Flammi patzt Ausführen von Stich auf Fuchs.<br><br>Fuchs greift Flammi mit Schlag an. Flammi kann den Angriff jedoch abwehren.<br><font color=\'red\'>Ratte stirbt im Kampf.</font><br>Ratte: -4 Gesundheit durch Eissturm<br>Fuchs: -3 Gesundheit durch Stich<br>Fuchs: -4 Gesundheit durch Eissturm<br>Flammi greift Fuchs erfolgreich mit Stich an.<br><br>Flammi: -4 Gesundheit durch Schlag<br>Ratte greift Flammi mit Biss an. Flammi kann den Angriff jedoch abwehren.<br>Fuchs greift Flammi erfolgreich mit Schlag an.<br>Ratte: -4 Gesundheit durch Eissturm<br>Fuchs: -3 Abwehr durch Eissturm<br>Fuchs: -4 Gesundheit durch Eissturm<br>Fuchs: -1 Ausweichen durch Eissturm<br>Fuchs: -1 Initiative durch Eissturm<br>Fuchs: -2 Magie durch Eissturm<br>Flammi wendet den Zauber Eissturm erfolgreich auf Fuchs an.<br><br>Flammi: -4 Gesundheit durch Schlag<br>Ratte greift Flammi mit Biss an. Flammi kann den Angriff jedoch abwehren.<br>Fuchs greift Flammi erfolgreich mit Schlag an.<br>Ratte: -3 Abwehr durch Eissturm<br>Ratte: -4 Gesundheit durch Eissturm<br>Ratte: -1 Ausweichen durch Eissturm<br>Ratte: -1 Initiative durch Eissturm<br>Ratte: -2 Magie durch Eissturm<br>Flammi wendet den Zauber Eissturm erfolgreich auf Ratte an.<br><br>Flammi: -5 Gesundheit durch Biss<br>Flammi: -4 Gesundheit durch Schlag<br>Ratte greift Flammi erfolgreich mit Biss an.<br>Fuchs greift Flammi erfolgreich mit Schlag an.<br>Flammi zaubert Eissturm auf Ratte. Ratte kann dem Zauber jedoch ausweichen.<br><br>Flammi: -5 Gesundheit durch Biss<br>Ratte patzt Ausführen von Biss auf Flammi.<br>Fuchs greift Flammi erfolgreich mit Biss an.<br>Ratte greift Flammi mit Biss an. Flammi kann den Angriff jedoch abwehren.<br>Ratte: -6 Gesundheit durch Asteroid<br>Ratte: -8 Stärke durch Asteroid<br>Flammi wendet den Zauber Asteroid erfolgreich auf Ratte an.<br><br>'),
	(151, NULL, '<font color=\'green\'>Gewonnen</font><br><font color=\'red\'>Fuchs stirbt im Kampf.</font><br>Fuchs: -5 Gesundheit durch Biss<br>Fuchs: -3 Gesundheit durch Stich<br>Fuchs: -3 Gesundheit durch Stich<br>Flammi greift Fuchs erfolgreich mit Biss an.<br><br>Fuchs greift Flammi mit Schlag an. Flammi kann dem Angriff jedoch ausweichen.<br>Fuchs: -3 Gesundheit durch Stich<br>Flammi greift Fuchs erfolgreich mit Stich an.<br><br>Fuchs: -3 Gesundheit durch Stich<br>Fuchs: -3 Gesundheit durch Stich<br>Fuchs: -4 Ausweichen durch Hurrikan<br>Fuchs: -3 Initiative durch Hurrikan<br>Flammi greift Fuchs erfolgreich mit Stich an.<br><br>Fuchs greift Flammi mit Schlag an. Flammi kann den Angriff jedoch abwehren.<br>Fuchs: 3 Abwehr durch Beendigung von Eissturm<br>Fuchs: 1 Ausweichen durch Beendigung von Eissturm<br>Fuchs: 1 Initiative durch Beendigung von Eissturm<br>Fuchs: 2 Magie durch Beendigung von Eissturm<br>Fuchs: -3 Gesundheit durch Stich<br>Fuchs: -4 Ausweichen durch Hurrikan<br>Fuchs: -3 Initiative durch Hurrikan<br>Fuchs: -4 Gesundheit durch Eissturm<br>Flammi: 3 Gesundheit durch Wasserfall<br>Flammi greift Fuchs erfolgreich mit Stich an.<br><br>Flammi: -5 Gesundheit durch Biss<br>Fuchs greift Flammi erfolgreich mit Biss an.<br>Fuchs: -4 Ausweichen durch Hurrikan<br>Fuchs: -3 Initiative durch Hurrikan<br>Fuchs: -4 Gesundheit durch Eissturm<br>Fuchs: -4 Ausweichen durch Hurrikan<br>Fuchs: -3 Initiative durch Hurrikan<br>Flammi: 3 Gesundheit durch Wasserfall<br>Flammi wendet den Zauber Wasserfall erfolgreich auf sich selbst an.<br><br>Flammi: -5 Gesundheit durch Biss<br>Fuchs greift Flammi erfolgreich mit Biss an.<br>Fuchs: -4 Ausweichen durch Hurrikan<br>Fuchs: -3 Initiative durch Hurrikan<br>Fuchs: -4 Gesundheit durch Eissturm<br>Fuchs: -4 Ausweichen durch Hurrikan<br>Fuchs: -3 Initiative durch Hurrikan<br>Flammi wendet den Zauber Hurrikan erfolgreich auf Fuchs an.<br><br>Fuchs patzt Ausführen von Biss auf Flammi.<br>Fuchs: -3 Abwehr durch Eissturm<br>Fuchs: -4 Gesundheit durch Eissturm<br>Fuchs: -1 Ausweichen durch Eissturm<br>Fuchs: -1 Initiative durch Eissturm<br>Fuchs: -2 Magie durch Eissturm<br>Fuchs: -4 Ausweichen durch Hurrikan<br>Fuchs: -3 Initiative durch Hurrikan<br>Flammi wendet den Zauber Eissturm erfolgreich auf Fuchs an.<br><br>Flammi: -5 Gesundheit durch Biss<br>Fuchs greift Flammi erfolgreich mit Biss an.<br>Fuchs: -4 Ausweichen durch Hurrikan<br>Fuchs: -3 Initiative durch Hurrikan<br>Flammi wendet den Zauber Hurrikan erfolgreich auf Fuchs an.<br><br>Flammi: -5 Gesundheit durch Biss<br>Fuchs greift Flammi erfolgreich mit Biss an.<br>Flammi zaubert Hurrikan auf Fuchs. Fuchs kann dem Zauber jedoch ausweichen.<br><br>'),
	(152, NULL, '<font color=\'green\'>Gewonnen</font><br><font color=\'red\'>Fuchs stirbt im Kampf.</font><br>Fuchs: -5 Gesundheit durch Biss<br>Flammi greift Fuchs erfolgreich mit Biss an.<br><br>Flammi: -4 Gesundheit durch Schlag<br>Fuchs greift Flammi erfolgreich mit Schlag an.<br>Fuchs: -5 Gesundheit durch Biss<br>Flammi greift Fuchs erfolgreich mit Biss an.<br><br>Flammi greift Fuchs mit Biss an. Fuchs kann den Angriff jedoch abwehren.<br><br>Flammi: -4 Gesundheit durch Schlag<br>Fuchs greift Flammi erfolgreich mit Schlag an.<br>Fuchs: -5 Gesundheit durch Biss<br>Flammi greift Fuchs erfolgreich mit Biss an.<br><br>Fuchs: -5 Gesundheit durch Biss<br>Fuchs: -3 Gesundheit durch Stich<br>Fuchs: -4 Ausweichen durch Hurrikan<br>Fuchs: -3 Initiative durch Hurrikan<br>Flammi greift Fuchs erfolgreich mit Biss an.<br><br>Flammi: -4 Gesundheit durch Schlag<br>Fuchs greift Flammi erfolgreich mit Schlag an.<br>Fuchs: -3 Gesundheit durch Stich<br>Fuchs: -3 Gesundheit durch Stich<br>Fuchs: -3 Gesundheit durch Stich<br>Fuchs: -4 Ausweichen durch Hurrikan<br>Fuchs: -3 Initiative durch Hurrikan<br>Fuchs: -4 Ausweichen durch Hurrikan<br>Fuchs: -3 Initiative durch Hurrikan<br>Flammi greift Fuchs erfolgreich mit Stich an.<br><br>Flammi: -4 Gesundheit durch Schlag<br>Fuchs greift Flammi erfolgreich mit Schlag an.<br>Fuchs: -3 Gesundheit durch Stich<br>Flammi greift Fuchs erfolgreich mit Stich an.<br><br>Fuchs: -3 Gesundheit durch Stich<br>Fuchs: -4 Ausweichen durch Hurrikan<br>Fuchs: -3 Initiative durch Hurrikan<br>Fuchs: -4 Ausweichen durch Hurrikan<br>Fuchs: -3 Initiative durch Hurrikan<br>Fuchs: -4 Ausweichen durch Hurrikan<br>Fuchs: -3 Initiative durch Hurrikan<br>Flammi greift Fuchs erfolgreich mit Stich an.<br><br>Fuchs greift Flammi mit Schlag an. Flammi kann den Angriff jedoch abwehren.<br>Fuchs: -4 Ausweichen durch Hurrikan<br>Fuchs: -3 Initiative durch Hurrikan<br>Fuchs: -4 Ausweichen durch Hurrikan<br>Fuchs: -3 Initiative durch Hurrikan<br>Fuchs: -4 Ausweichen durch Hurrikan<br>Fuchs: -3 Initiative durch Hurrikan<br>Fuchs: -4 Ausweichen durch Hurrikan<br>Fuchs: -3 Initiative durch Hurrikan<br>Flammi wendet den Zauber Hurrikan erfolgreich auf Fuchs an.<br><br>Fuchs zaubert Staub auf Flammi. Flammi kann dem Zauber jedoch ausweichen.<br>Fuchs: -4 Ausweichen durch Hurrikan<br>Fuchs: -3 Initiative durch Hurrikan<br>Fuchs: -4 Ausweichen durch Hurrikan<br>Fuchs: -3 Initiative durch Hurrikan<br>Fuchs: -4 Ausweichen durch Hurrikan<br>Fuchs: -3 Initiative durch Hurrikan<br>Flammi wendet den Zauber Hurrikan erfolgreich auf Fuchs an.<br><br>Fuchs greift Flammi mit Biss an. Flammi kann den Angriff jedoch abwehren.<br>Fuchs: -4 Ausweichen durch Hurrikan<br>Fuchs: -3 Initiative durch Hurrikan<br>Fuchs: -4 Ausweichen durch Hurrikan<br>Fuchs: -3 Initiative durch Hurrikan<br>Flammi wendet den Zauber Hurrikan erfolgreich auf Fuchs an.<br><br>Fuchs greift Flammi mit Schlag an. Flammi kann den Angriff jedoch abwehren.<br>Fuchs: -4 Ausweichen durch Hurrikan<br>Fuchs: -3 Initiative durch Hurrikan<br>Flammi wendet den Zauber Hurrikan erfolgreich auf Fuchs an.<br><br>Flammi: -4 Gesundheit durch Schlag<br>Fuchs greift Flammi erfolgreich mit Schlag an.<br>Flammi zaubert Hurrikan auf Fuchs. Fuchs kann dem Zauber jedoch ausweichen.<br><br>'),
	(153, NULL, '<font color=\'green\'>Gewonnen</font><br><font color=\'red\'>Fuchs stirbt im Kampf.</font><br>Fuchs: -5 Gesundheit durch Biss<br>Flammi greift Fuchs erfolgreich mit Biss an.<br><br>Fuchs greift Flammi mit Biss an. Flammi kann dem Angriff jedoch ausweichen.<br>Flammi patzt Ausführen von Biss auf Fuchs.<br><br>Fuchs: -5 Gesundheit durch Biss<br>Flammi greift Fuchs erfolgreich mit Biss an.<br><br>Fuchs greift Flammi mit Biss an. Flammi kann den Angriff jedoch abwehren.<br>Fuchs: -5 Gesundheit durch Biss<br>Fuchs: -3 Gesundheit durch Stich<br>Flammi greift Fuchs erfolgreich mit Biss an.<br><br>Fuchs greift Flammi mit Biss an. Flammi kann dem Angriff jedoch ausweichen.<br>Fuchs: -3 Gesundheit durch Stich<br>Flammi greift Fuchs erfolgreich mit Stich an.<br><br>Flammi: -4 Gesundheit durch Schlag<br>Fuchs greift Flammi erfolgreich mit Schlag an.<br>Fuchs: -3 Gesundheit durch Stich<br>Fuchs: -4 Ausweichen durch Hurrikan<br>Fuchs: -3 Initiative durch Hurrikan<br>Flammi greift Fuchs mit Stich an. Fuchs kann dem Angriff jedoch ausweichen.<br><br>Flammi: -4 Gesundheit durch Schlag<br>Fuchs greift Flammi erfolgreich mit Schlag an.<br>Fuchs: -3 Gesundheit durch Stich<br>Fuchs: -4 Ausweichen durch Hurrikan<br>Fuchs: -3 Initiative durch Hurrikan<br>Flammi greift Fuchs erfolgreich mit Stich an.<br><br>Fuchs greift Flammi mit Biss an. Flammi kann dem Angriff jedoch ausweichen.<br>Fuchs: -4 Ausweichen durch Hurrikan<br>Fuchs: -3 Initiative durch Hurrikan<br>Flammi greift Fuchs mit Stich an. Fuchs kann den Angriff jedoch abwehren.<br><br>Flammi: -5 Gesundheit durch Biss<br>Fuchs greift Flammi erfolgreich mit Biss an.<br>Fuchs: -4 Ausweichen durch Hurrikan<br>Fuchs: -3 Initiative durch Hurrikan<br>Flammi wendet den Zauber Hurrikan erfolgreich auf Fuchs an.<br><br>Flammi: -5 Gesundheit durch Biss<br>Fuchs greift Flammi erfolgreich mit Biss an.<br>Fuchs: -6 Gesundheit durch Asteroid<br>Fuchs: -8 Stärke durch Asteroid<br>Flammi wendet den Zauber Asteroid erfolgreich auf Fuchs an.<br><br>Flammi: -5 Gesundheit durch Biss<br>Fuchs greift Flammi erfolgreich mit Biss an.<br>Fuchs: -6 Gesundheit durch Asteroid<br>Fuchs: -8 Stärke durch Asteroid<br>Flammi wendet den Zauber Asteroid erfolgreich auf Fuchs an.<br><br>Fuchs zaubert Staub auf Flammi. Flammi kann den Zauber jedoch abwehren.<br>Flammi zaubert Asteroid auf Fuchs. Fuchs kann dem Zauber jedoch ausweichen.<br><br>'),
	(154, NULL, '<font color=\'green\'>Gewonnen</font><br><font color=\'red\'>Fuchs stirbt im Kampf.</font><br>Fuchs: -5 Gesundheit durch Biss<br>Flammi greift Fuchs erfolgreich mit Biss an.<br><br>Flammi: -5 Gesundheit durch Biss<br>Fuchs greift Flammi erfolgreich mit Biss an.<br>Fuchs: -3 Gesundheit durch Stich<br>Flammi greift Fuchs mit Biss an. Fuchs kann dem Angriff jedoch ausweichen.<br><br>Flammi: -4 Gesundheit durch Schlag<br>Fuchs greift Flammi erfolgreich mit Schlag an.<br>Fuchs: -3 Gesundheit durch Stich<br>Flammi: 3 Gesundheit durch Wasserfall<br>Flammi greift Fuchs erfolgreich mit Stich an.<br><br>Flammi: -5 Gesundheit durch Biss<br>Fuchs greift Flammi erfolgreich mit Biss an.<br>Flammi: 3 Gesundheit durch Wasserfall<br>Flammi wendet den Zauber Wasserfall erfolgreich auf sich selbst an.<br><br>Flammi: -4 Gesundheit durch Schlag<br>Fuchs greift Flammi erfolgreich mit Schlag an.<br>Flammi: 3 Gesundheit durch Wasserfall<br>Flammi greift Fuchs mit Biss an. Fuchs kann dem Angriff jedoch ausweichen.<br><br>Flammi: -4 Gesundheit durch Schlag<br>Fuchs greift Flammi erfolgreich mit Schlag an.<br>Flammi: 3 Gesundheit durch Wasserfall<br>Flammi: 3 Gesundheit durch Wasserfall<br>Flammi wendet den Zauber Wasserfall erfolgreich auf sich selbst an.<br><br>Fuchs greift Flammi mit Biss an. Flammi kann dem Angriff jedoch ausweichen.<br>Flammi: 3 Gesundheit durch Wasserfall<br>Flammi wendet den Zauber Wasserfall erfolgreich auf sich selbst an.<br><br>Flammi: -5 Gesundheit durch Biss<br>Fuchs greift Flammi erfolgreich mit Biss an.<br>Fuchs: -5 Gesundheit durch Biss<br>Flammi greift Fuchs erfolgreich mit Biss an.<br><br>Fuchs greift Flammi mit Schlag an. Flammi kann den Angriff jedoch abwehren.<br>Fuchs: -5 Gesundheit durch Biss<br>Fuchs: -3 Gesundheit durch Stich<br>Flammi greift Fuchs erfolgreich mit Biss an.<br><br>Fuchs greift Flammi mit Biss an. Flammi kann den Angriff jedoch abwehren.<br>Fuchs: -3 Gesundheit durch Stich<br>Flammi: 4 Gesundheit durch Heiße Quelle<br>Flammi: 3 Stärke durch Heiße Quelle<br>Flammi greift Fuchs erfolgreich mit Stich an.<br><br>Flammi: -5 Gesundheit durch Biss<br>Fuchs greift Flammi erfolgreich mit Biss an.<br>Flammi: 4 Gesundheit durch Heiße Quelle<br>Flammi: 3 Stärke durch Heiße Quelle<br>Flammi: 4 Gesundheit durch Heiße Quelle<br>Flammi: 3 Stärke durch Heiße Quelle<br>Flammi greift Fuchs mit Stich an. Fuchs kann dem Angriff jedoch ausweichen.<br><br>Flammi: -5 Gesundheit durch Biss<br>Fuchs greift Flammi erfolgreich mit Biss an.<br>Flammi: 4 Gesundheit durch Heiße Quelle<br>Flammi: 3 Stärke durch Heiße Quelle<br>Flammi: 4 Gesundheit durch Heiße Quelle<br>Flammi: 3 Stärke durch Heiße Quelle<br>Flammi wendet den Zauber Heiße Quelle erfolgreich auf sich selbst an.<br><br>Flammi: -4 Gesundheit durch Schlag<br>Flammi: -3 Gesundheit durch Staub<br>Fuchs greift Flammi erfolgreich mit Schlag an.<br>Fuchs: -3 Gesundheit durch Stich<br>Flammi: 4 Gesundheit durch Heiße Quelle<br>Flammi: 3 Stärke durch Heiße Quelle<br>Flammi wendet den Zauber Heiße Quelle erfolgreich auf sich selbst an.<br><br>Flammi: -5 Gesundheit durch Biss<br>Flammi: -3 Gesundheit durch Staub<br>Fuchs greift Flammi erfolgreich mit Biss an.<br>Fuchs: -3 Gesundheit durch Stich<br>Flammi greift Fuchs erfolgreich mit Stich an.<br><br>Flammi: -3 Gesundheit durch Staub<br>Fuchs wendet den Zauber Staub erfolgreich auf Flammi an.<br>Fuchs: -3 Gesundheit durch Stich<br>Flammi greift Fuchs mit Stich an. Fuchs kann dem Angriff jedoch ausweichen.<br><br>Fuchs greift Flammi mit Biss an. Flammi kann dem Angriff jedoch ausweichen.<br>Fuchs: -3 Gesundheit durch Stich<br>Flammi greift Fuchs erfolgreich mit Stich an.<br><br>'),
	(155, NULL, '<font color=\'green\'>Gewonnen</font><br>Flammi: -3 Gesundheit durch Staub<br><font color=\'red\'>Fuchs stirbt im Kampf.</font><br>Fuchs: -4 Gesundheit durch Eissturm<br>Fuchs: -4 Gesundheit durch Eissturm<br>Fuchs: -4 Gesundheit durch Eissturm<br>Flammi greift Fuchs erfolgreich mit Biss an.<br><br>Flammi: -3 Gesundheit durch Staub<br>Fuchs greift Flammi mit Schlag an. Flammi kann den Angriff jedoch abwehren.<br>Fuchs: -3 Abwehr durch Eissturm<br>Fuchs: -4 Gesundheit durch Eissturm<br>Fuchs: -1 Ausweichen durch Eissturm<br>Fuchs: -1 Initiative durch Eissturm<br>Fuchs: -2 Magie durch Eissturm<br>Fuchs: -4 Gesundheit durch Eissturm<br>Fuchs: -4 Gesundheit durch Eissturm<br>Flammi wendet den Zauber Eissturm erfolgreich auf Fuchs an.<br><br>Flammi: -3 Gesundheit durch Staub<br>Fuchs wendet den Zauber Staub erfolgreich auf Flammi an.<br>Fuchs: -3 Abwehr durch Eissturm<br>Fuchs: -4 Gesundheit durch Eissturm<br>Fuchs: -1 Ausweichen durch Eissturm<br>Fuchs: -1 Initiative durch Eissturm<br>Fuchs: -2 Magie durch Eissturm<br>Fuchs: -4 Gesundheit durch Eissturm<br>Flammi wendet den Zauber Eissturm erfolgreich auf Fuchs an.<br><br>Fuchs greift Flammi mit Schlag an. Flammi kann den Angriff jedoch abwehren.<br>Fuchs: -3 Abwehr durch Eissturm<br>Fuchs: -4 Gesundheit durch Eissturm<br>Fuchs: -1 Ausweichen durch Eissturm<br>Fuchs: -1 Initiative durch Eissturm<br>Fuchs: -2 Magie durch Eissturm<br>Flammi wendet den Zauber Eissturm erfolgreich auf Fuchs an.<br><br>Fuchs greift Flammi mit Biss an. Flammi kann dem Angriff jedoch ausweichen.<br>Flammi zaubert Eissturm auf Fuchs. Fuchs kann dem Zauber jedoch ausweichen.<br><br>'),
	(156, NULL, '<font color=\'green\'>Gewonnen</font><br><font color=\'red\'>Fuchs stirbt im Kampf.</font><br>Fuchs: -5 Gesundheit durch Biss<br>Flammi greift Fuchs erfolgreich mit Biss an.<br><br>Fuchs: -5 Gesundheit durch Biss<br>Fuchs: -4 Ausweichen durch Hurrikan<br>Fuchs: -3 Initiative durch Hurrikan<br>Flammi greift Fuchs erfolgreich mit Biss an.<br><br>Flammi: -4 Gesundheit durch Schlag<br>Flammi: -3 Gesundheit durch Staub<br>Fuchs greift Flammi erfolgreich mit Schlag an.<br>Fuchs: -5 Gesundheit durch Biss<br>Flammi greift Fuchs erfolgreich mit Biss an.<br><br>Flammi: -3 Gesundheit durch Staub<br>Fuchs: -5 Gesundheit durch Biss<br>Fuchs: -4 Ausweichen durch Hurrikan<br>Fuchs: -3 Initiative durch Hurrikan<br>Fuchs: -4 Ausweichen durch Hurrikan<br>Fuchs: -3 Initiative durch Hurrikan<br>Flammi greift Fuchs erfolgreich mit Biss an.<br><br>Flammi: -3 Gesundheit durch Staub<br>Fuchs wendet den Zauber Staub erfolgreich auf Flammi an.<br>Fuchs: -5 Gesundheit durch Biss<br>Flammi greift Fuchs erfolgreich mit Biss an.<br><br>Fuchs: -5 Gesundheit durch Biss<br>Fuchs: -4 Ausweichen durch Hurrikan<br>Fuchs: -3 Initiative durch Hurrikan<br>Fuchs: -4 Ausweichen durch Hurrikan<br>Fuchs: -3 Initiative durch Hurrikan<br>Fuchs: -4 Ausweichen durch Hurrikan<br>Fuchs: -3 Initiative durch Hurrikan<br>Flammi greift Fuchs erfolgreich mit Biss an.<br><br>Flammi: -4 Gesundheit durch Schlag<br>Fuchs greift Flammi erfolgreich mit Schlag an.<br>Fuchs: -5 Gesundheit durch Biss<br>Flammi greift Fuchs erfolgreich mit Biss an.<br><br>Fuchs: -4 Ausweichen durch Hurrikan<br>Fuchs: -3 Initiative durch Hurrikan<br>Fuchs: -4 Ausweichen durch Hurrikan<br>Fuchs: -3 Initiative durch Hurrikan<br>Fuchs: -4 Ausweichen durch Hurrikan<br>Fuchs: -3 Initiative durch Hurrikan<br>Fuchs: -4 Ausweichen durch Hurrikan<br>Fuchs: -3 Initiative durch Hurrikan<br>Flammi wendet den Zauber Hurrikan erfolgreich auf Fuchs an.<br><br>Fuchs greift Flammi mit Biss an. Flammi kann dem Angriff jedoch ausweichen.<br>Fuchs: -4 Ausweichen durch Hurrikan<br>Fuchs: -3 Initiative durch Hurrikan<br>Fuchs: -4 Ausweichen durch Hurrikan<br>Fuchs: -3 Initiative durch Hurrikan<br>Fuchs: -4 Ausweichen durch Hurrikan<br>Fuchs: -3 Initiative durch Hurrikan<br>Flammi wendet den Zauber Hurrikan erfolgreich auf Fuchs an.<br><br>Flammi: -5 Gesundheit durch Biss<br>Fuchs greift Flammi erfolgreich mit Biss an.<br>Fuchs: -4 Ausweichen durch Hurrikan<br>Fuchs: -3 Initiative durch Hurrikan<br>Fuchs: -4 Ausweichen durch Hurrikan<br>Fuchs: -3 Initiative durch Hurrikan<br>Fuchs: -4 Ausweichen durch Hurrikan<br>Fuchs: -3 Initiative durch Hurrikan<br>Flammi zaubert Hurrikan auf Fuchs. Fuchs kann den Zauber jedoch abwehren.<br><br>Flammi: -4 Gesundheit durch Schlag<br>Fuchs greift Flammi erfolgreich mit Schlag an.<br>Fuchs: -4 Ausweichen durch Hurrikan<br>Fuchs: -3 Initiative durch Hurrikan<br>Fuchs: -4 Ausweichen durch Hurrikan<br>Fuchs: -3 Initiative durch Hurrikan<br>Flammi wendet den Zauber Hurrikan erfolgreich auf Fuchs an.<br><br>Flammi: -4 Gesundheit durch Schlag<br>Fuchs greift Flammi mit Schlag an. Flammi kann den Angriff jedoch abwehren.<br>Fuchs: -4 Ausweichen durch Hurrikan<br>Fuchs: -3 Initiative durch Hurrikan<br>Flammi greift Fuchs mit Biss an. Fuchs kann dem Angriff jedoch ausweichen.<br><br>Fuchs patzt Ausführen von Schlag auf Flammi.<br>Fuchs: -4 Ausweichen durch Hurrikan<br>Fuchs: -3 Initiative durch Hurrikan<br>Flammi zaubert Hurrikan auf Fuchs. Fuchs kann dem Zauber jedoch ausweichen.<br><br><br><br>'),
	(157, NULL, '<font color=\'green\'>Gewonnen</font><br><font color=\'red\'>Fuchs stirbt im Kampf.</font><br>Fuchs: -3 Gesundheit durch Stich<br>Flammi greift Fuchs erfolgreich mit Biss an.<br><br>Flammi: -5 Gesundheit durch Biss<br>Fuchs greift Flammi mit Biss an. Flammi kann den Angriff jedoch abwehren.<br>Fuchs: -3 Gesundheit durch Stich<br>Fuchs: -3 Gesundheit durch Stich<br>Flammi greift Fuchs erfolgreich mit Stich an.<br><br>Flammi: -5 Gesundheit durch Biss<br>Fuchs greift Flammi mit Biss an. Flammi kann den Angriff jedoch abwehren.<br>Fuchs: -3 Gesundheit durch Stich<br>Flammi greift Fuchs erfolgreich mit Stich an.<br><br>Fuchs patzt Ausführen von Biss auf Flammi.<br>Flammi greift Fuchs mit Stich an. Fuchs kann dem Angriff jedoch ausweichen.<br><br>Flammi: -3 Gesundheit durch Staub<br>Fuchs greift Flammi mit Biss an. Flammi kann dem Angriff jedoch ausweichen.<br>Fuchs: -6 Gesundheit durch Asteroid<br>Fuchs: -8 Stärke durch Asteroid<br>Flammi wendet den Zauber Asteroid erfolgreich auf Fuchs an.<br><br>Flammi: -4 Gesundheit durch Schlag<br>Flammi: -3 Gesundheit durch Staub<br>Fuchs greift Flammi mit Schlag an. Flammi kann den Angriff jedoch abwehren.<br>Fuchs: -6 Gesundheit durch Asteroid<br>Fuchs: -8 Stärke durch Asteroid<br>Flammi wendet den Zauber Asteroid erfolgreich auf Fuchs an.<br><br>Flammi: -3 Gesundheit durch Staub<br>Fuchs wendet den Zauber Staub erfolgreich auf Flammi an.<br>Fuchs: -6 Gesundheit durch Asteroid<br>Fuchs: -8 Stärke durch Asteroid<br>Flammi wendet den Zauber Asteroid erfolgreich auf Fuchs an.<br><br>Flammi: -5 Gesundheit durch Biss<br>Fuchs greift Flammi erfolgreich mit Biss an.<br>Fuchs: -6 Gesundheit durch Asteroid<br>Fuchs: -8 Stärke durch Asteroid<br>Flammi zaubert Asteroid auf Fuchs. Fuchs kann den Zauber jedoch abwehren.<br><br>'),
	(158, NULL, '<font color=\'green\'>Gewonnen</font><br><font color=\'red\'>Fuchs stirbt im Kampf.</font><br>Fuchs: -5 Gesundheit durch Biss<br>Flammi greift Fuchs erfolgreich mit Biss an.<br><br>Flammi: -5 Gesundheit durch Biss<br>Fuchs greift Flammi mit Biss an. Flammi kann den Angriff jedoch abwehren.<br>Flammi greift Fuchs mit Biss an. Fuchs kann dem Angriff jedoch ausweichen.<br><br>Flammi: -5 Gesundheit durch Biss<br>Flammi: -3 Gesundheit durch Staub<br>Fuchs greift Flammi erfolgreich mit Biss an.<br>Fuchs: -3 Gesundheit durch Stich<br>Flammi patzt Ausführen von Stich auf Fuchs.<br><br>Flammi: -3 Gesundheit durch Staub<br>Fuchs greift Flammi mit Biss an. Flammi kann dem Angriff jedoch ausweichen.<br>Fuchs: -3 Gesundheit durch Stich<br>Flammi greift Fuchs erfolgreich mit Stich an.<br><br>Flammi: -3 Gesundheit durch Staub<br>Fuchs wendet den Zauber Staub erfolgreich auf Flammi an.<br>Fuchs: -6 Gesundheit durch Asteroid<br>Fuchs: -8 Stärke durch Asteroid<br>Flammi wendet den Zauber Asteroid erfolgreich auf Fuchs an.<br><br>Flammi: -5 Gesundheit durch Biss<br>Fuchs greift Flammi erfolgreich mit Biss an.<br>Fuchs: -6 Gesundheit durch Asteroid<br>Fuchs: -8 Stärke durch Asteroid<br>Flammi wendet den Zauber Asteroid erfolgreich auf Fuchs an.<br><br>Flammi: -4 Gesundheit durch Schlag<br>Fuchs greift Flammi erfolgreich mit Schlag an.<br>Fuchs: -6 Gesundheit durch Asteroid<br>Fuchs: -8 Stärke durch Asteroid<br>Flammi wendet den Zauber Asteroid erfolgreich auf Fuchs an.<br><br>Flammi: -4 Gesundheit durch Schlag<br>Fuchs greift Flammi erfolgreich mit Schlag an.<br>Fuchs: -6 Gesundheit durch Asteroid<br>Fuchs: -8 Stärke durch Asteroid<br>Flammi wendet den Zauber Asteroid erfolgreich auf Fuchs an.<br><br>'),
	(159, NULL, '<font color=\'green\'>Gewonnen</font><br><font color=\'red\'>Fuchs stirbt im Kampf.</font><br>Fuchs: -5 Gesundheit durch Biss<br>Fuchs: -2 Gesundheit durch Gift<br>Fuchs: -2 Gesundheit durch Gift<br>Flammi greift Fuchs erfolgreich mit Biss an.<br><br>Flammi: -5 Gesundheit durch Biss<br>Flammi: -3 Gesundheit durch Staub<br>Fuchs greift Flammi mit Biss an. Flammi kann den Angriff jedoch abwehren.<br>Fuchs: 2 Magie durch Beendigung von Gift<br>Fuchs: 2 Intelligenz durch Beendigung von Gift<br>Fuchs: 2 Stärke durch Beendigung von Gift<br>Fuchs: -3 Gesundheit durch Feuerball<br>Fuchs: -2 Gesundheit durch Gift<br>Fuchs: -2 Gesundheit durch Gift<br>Fuchs: -2 Gesundheit durch Gift<br>Flammi wendet den Zauber Feuerball erfolgreich auf Fuchs an.<br><br>Flammi: -5 Gesundheit durch Biss<br>Flammi: -3 Gesundheit durch Staub<br>Fuchs greift Flammi mit Biss an. Flammi kann den Angriff jedoch abwehren.<br>Fuchs: -2 Gesundheit durch Gift<br>Fuchs: -2 Magie durch Gift<br>Fuchs: -2 Intelligenz durch Gift<br>Fuchs: -2 Stärke durch Gift<br>Fuchs: -2 Gesundheit durch Gift<br>Fuchs: -2 Gesundheit durch Gift<br>Flammi wendet den Zauber Gift erfolgreich auf Fuchs an.<br><br>Flammi: -3 Gesundheit durch Staub<br>Fuchs wendet den Zauber Staub erfolgreich auf Flammi an.<br>Fuchs: -2 Gesundheit durch Gift<br>Fuchs: -2 Magie durch Gift<br>Fuchs: -2 Intelligenz durch Gift<br>Fuchs: -2 Stärke durch Gift<br>Fuchs: -2 Gesundheit durch Gift<br>Flammi wendet den Zauber Gift erfolgreich auf Fuchs an.<br><br>Flammi: -5 Gesundheit durch Biss<br>Fuchs greift Flammi mit Biss an. Flammi kann den Angriff jedoch abwehren.<br>Fuchs: -2 Gesundheit durch Gift<br>Fuchs: -2 Magie durch Gift<br>Fuchs: -2 Intelligenz durch Gift<br>Fuchs: -2 Stärke durch Gift<br>Flammi wendet den Zauber Gift erfolgreich auf Fuchs an.<br><br>Fuchs patzt Ausführen von Schlag auf Flammi.<br>Fuchs: -6 Gesundheit durch Asteroid<br>Fuchs: -8 Stärke durch Asteroid<br>Flammi wendet den Zauber Asteroid erfolgreich auf Fuchs an.<br><br>'),
	(160, NULL, '<font color=\'green\'>Gewonnen</font><br><font color=\'red\'>Fuchs stirbt im Kampf.</font><br>Fuchs: -5 Gesundheit durch Biss<br>Fuchs: -2 Gesundheit durch Gift<br>Flammi: 4 Gesundheit durch Heiße Quelle<br>Flammi: 3 Stärke durch Heiße Quelle<br>Flammi greift Fuchs erfolgreich mit Biss an.<br><br>Flammi: -5 Gesundheit durch Biss<br>Fuchs greift Flammi mit Biss an. Flammi kann den Angriff jedoch abwehren.<br>Fuchs: 1 Abwehr durch Beendigung von Magma<br>Fuchs: 1 Ausweichen durch Beendigung von Magma<br>Fuchs: -2 Gesundheit durch Gift<br>Fuchs: -2 Magie durch Gift<br>Fuchs: -2 Intelligenz durch Gift<br>Fuchs: -2 Stärke durch Gift<br>Fuchs: -5 Gesundheit durch Magma<br>Flammi: 4 Gesundheit durch Heiße Quelle<br>Flammi: 3 Stärke durch Heiße Quelle<br>Flammi wendet den Zauber Gift erfolgreich auf Fuchs an.<br><br>Flammi: -5 Gesundheit durch Biss<br>Fuchs greift Flammi erfolgreich mit Biss an.<br>Fuchs: 1 Abwehr durch Beendigung von Magma<br>Fuchs: 1 Ausweichen durch Beendigung von Magma<br>Fuchs: -5 Gesundheit durch Magma<br>Fuchs: -5 Gesundheit durch Magma<br>Flammi: 4 Gesundheit durch Heiße Quelle<br>Flammi: 3 Stärke durch Heiße Quelle<br>Flammi wendet den Zauber Heiße Quelle erfolgreich auf sich selbst an.<br><br>Flammi: -5 Gesundheit durch Biss<br>Fuchs greift Flammi mit Biss an. Flammi kann den Angriff jedoch abwehren.<br>Fuchs: -1 Abwehr durch Magma<br>Fuchs: -1 Ausweichen durch Magma<br>Fuchs: -5 Gesundheit durch Magma<br>Fuchs: -5 Gesundheit durch Magma<br>Flammi wendet den Zauber Magma erfolgreich auf Fuchs an.<br><br>Flammi: -5 Gesundheit durch Biss<br>Fuchs greift Flammi mit Biss an. Flammi kann den Angriff jedoch abwehren.<br>Fuchs: -1 Abwehr durch Magma<br>Fuchs: -1 Ausweichen durch Magma<br>Fuchs: -5 Gesundheit durch Magma<br>Flammi wendet den Zauber Magma erfolgreich auf Fuchs an.<br><br>'),
	(161, NULL, '<font color=\'red\'>Verloren</font><br><font color=\'red\'>Flammi stirbt im Kampf.</font><br>Flammi: -5 Gesundheit durch Biss<br>Fuchs greift Flammi erfolgreich mit Biss an.<br>Fuchs: 1 Initiative durch Beendigung von Asche<br>Fuchs: 2 Magie durch Beendigung von Asche<br>Fuchs: -3 Gesundheit durch Stich<br>Flammi greift Fuchs mit Biss an. Fuchs kann dem Angriff jedoch ausweichen.<br><br>Flammi: -5 Gesundheit durch Biss<br>Fuchs greift Flammi erfolgreich mit Biss an.<br>Fuchs: 2 Ausweichen durch Beendigung von Lava<br>Fuchs: -3 Gesundheit durch Stich<br>Fuchs: -2 Gesundheit durch Lava<br>Flammi greift Fuchs erfolgreich mit Stich an.<br><br>Flammi: -4 Gesundheit durch Schlag<br>Fuchs greift Flammi mit Schlag an. Flammi kann den Angriff jedoch abwehren.<br>Fuchs: 2 Ausweichen durch Beendigung von Lava<br>Fuchs: -1 Initiative durch Asche<br>Fuchs: -2 Magie durch Asche<br>Fuchs: -2 Gesundheit durch Lava<br>Fuchs: -2 Gesundheit durch Lava<br>Flammi wendet den Zauber Asche erfolgreich auf Fuchs an.<br><br>Flammi: -5 Gesundheit durch Biss<br>Fuchs greift Flammi erfolgreich mit Biss an.<br>Fuchs: -2 Ausweichen durch Lava<br>Fuchs: -2 Gesundheit durch Lava<br>Fuchs: -2 Gesundheit durch Lava<br>Flammi wendet den Zauber Lava erfolgreich auf Fuchs an.<br><br>Flammi: -5 Gesundheit durch Biss<br>Fuchs greift Flammi erfolgreich mit Biss an.<br>Fuchs: 1 Magie durch Beendigung von Funke<br>Fuchs: -2 Ausweichen durch Lava<br>Fuchs: -2 Gesundheit durch Lava<br>Flammi wendet den Zauber Lava erfolgreich auf Fuchs an.<br><br>Flammi: -5 Gesundheit durch Biss<br>Flammi: -3 Gesundheit durch Staub<br>Fuchs greift Flammi mit Biss an. Flammi kann den Angriff jedoch abwehren.<br>Fuchs: 1 Initiative durch Beendigung von Asche<br>Fuchs: 2 Magie durch Beendigung von Asche<br>Flammi patzt beim Zaubern von Lava auf Fuchs.<br><br>Flammi: -4 Gesundheit durch Schlag<br>Flammi: -3 Gesundheit durch Staub<br>Fuchs greift Flammi mit Schlag an. Flammi kann den Angriff jedoch abwehren.<br>Fuchs: -1 Magie durch Funke<br>Flammi wendet den Zauber Funke erfolgreich auf Fuchs an.<br><br>Flammi: -3 Gesundheit durch Staub<br>Fuchs wendet den Zauber Staub erfolgreich auf Flammi an.<br>Fuchs: 3 Abwehr durch Beendigung von Ölbrand<br>Fuchs: -1 Initiative durch Asche<br>Fuchs: -2 Magie durch Asche<br>Fuchs: -4 Gesundheit durch Ölbrand<br>Flammi wendet den Zauber Asche erfolgreich auf Fuchs an.<br><br>Flammi: -5 Gesundheit durch Biss<br>Fuchs greift Flammi erfolgreich mit Biss an.<br>Fuchs: -3 Abwehr durch Ölbrand<br>Fuchs: -4 Gesundheit durch Ölbrand<br>Flammi wendet den Zauber Ölbrand erfolgreich auf Fuchs an.<br><br>'),
	(162, NULL, '<font color=\'green\'>Gewonnen</font><br><font color=\'red\'>Fuchs stirbt im Kampf.</font><br>Fuchs: -5 Gesundheit durch Biss<br>Fuchs: -3 Gesundheit durch Stich<br>Flammi greift Fuchs erfolgreich mit Biss an.<br><br>Flammi: -4 Gesundheit durch Schlag<br>Fuchs greift Flammi erfolgreich mit Schlag an.<br>Fuchs: -3 Gesundheit durch Stich<br>Flammi greift Fuchs erfolgreich mit Stich an.<br><br>Flammi: -5 Gesundheit durch Biss<br>Fuchs greift Flammi mit Biss an. Flammi kann den Angriff jedoch abwehren.<br>Flammi greift Fuchs mit Stich an. Fuchs kann dem Angriff jedoch ausweichen.<br><br>Flammi: -5 Gesundheit durch Biss<br>Fuchs greift Flammi erfolgreich mit Biss an.<br>Fuchs: -2 Abwehr durch Explosion<br>Fuchs: -2 Ausweichen durch Explosion<br>Fuchs: -4 Gesundheit durch Explosion<br>Fuchs: -3 Stärke durch Explosion<br>Fuchs: -2 Gesundheit durch Flamme<br>Flammi wendet den Zauber Explosion erfolgreich auf Fuchs an.<br><br>Flammi: -3 Gesundheit durch Staub<br>Fuchs greift Flammi mit Biss an. Flammi kann dem Angriff jedoch ausweichen.<br>Fuchs: 4 Intelligenz durch Beendigung von Lichtstrahl<br>Fuchs: -2 Gesundheit durch Flamme<br>Flammi wendet den Zauber Flamme erfolgreich auf Fuchs an.<br><br>Flammi: -5 Gesundheit durch Biss<br>Flammi: -3 Gesundheit durch Staub<br>Fuchs greift Flammi erfolgreich mit Biss an.<br>Fuchs: -2 Ausweichen durch Feuersturm<br>Fuchs: -6 Gesundheit durch Feuersturm<br>Flammi zaubert Flamme auf Fuchs. Fuchs kann dem Zauber jedoch ausweichen.<br><br>Flammi: -3 Gesundheit durch Staub<br>Fuchs wendet den Zauber Staub erfolgreich auf Flammi an.<br>Fuchs: -4 Intelligenz durch Lichtstrahl<br>Fuchs: -2 Ausweichen durch Feuersturm<br>Fuchs: -6 Gesundheit durch Feuersturm<br>Flammi wendet den Zauber Lichtstrahl erfolgreich auf Fuchs an.<br><br>Flammi: -4 Gesundheit durch Schlag<br>Fuchs greift Flammi erfolgreich mit Schlag an.<br>Fuchs: -2 Ausweichen durch Feuersturm<br>Fuchs: -6 Gesundheit durch Feuersturm<br>Flammi wendet den Zauber Feuersturm erfolgreich auf Fuchs an.<br><br>'),
	(163, NULL, '<font color=\'green\'>Gewonnen</font><br><font color=\'red\'>Fuchs stirbt im Kampf.</font><br>Fuchs: -5 Gesundheit durch Biss<br>Flammi greift Fuchs erfolgreich mit Biss an.<br><br>Flammi: -5 Gesundheit durch Biss<br>Fuchs greift Flammi erfolgreich mit Biss an.<br>Flammi greift Fuchs mit Biss an. Fuchs kann dem Angriff jedoch ausweichen.<br><br>Flammi: -5 Gesundheit durch Biss<br>Fuchs greift Flammi erfolgreich mit Biss an.<br>Fuchs: -5 Gesundheit durch Biss<br>Flammi greift Fuchs erfolgreich mit Biss an.<br><br>Flammi: -4 Gesundheit durch Schlag<br>Fuchs greift Flammi erfolgreich mit Schlag an.<br>Flammi patzt Ausführen von Biss auf Fuchs.<br><br>Fuchs patzt Ausführen von Biss auf Flammi.<br>Fuchs: -3 Gesundheit durch Stich<br>Flammi patzt Ausführen von Biss auf Fuchs.<br><br>Flammi: -4 Gesundheit durch Schlag<br>Fuchs greift Flammi erfolgreich mit Schlag an.<br>Fuchs: -3 Gesundheit durch Stich<br>Flammi greift Fuchs erfolgreich mit Stich an.<br><br>Flammi: -4 Gesundheit durch Schlag<br>Fuchs greift Flammi erfolgreich mit Schlag an.<br>Fuchs: -1 Gesundheit durch Blitz<br>Fuchs: -1 Magie durch Blitz<br>Fuchs: -2 Intelligenz durch Blitz<br>Flammi wendet den Zauber Blitz erfolgreich auf Fuchs an.<br><br>Flammi: -4 Gesundheit durch Schlag<br>Fuchs greift Flammi erfolgreich mit Schlag an.<br>Fuchs: -4 Gesundheit durch Glut<br>Fuchs: -2 Abwehr durch Feuerschneise<br>Fuchs: -3 Gesundheit durch Feuerschneise<br>Fuchs: -5 Magie durch Feuerschneise<br>Fuchs: -3 Stärke durch Feuerschneise<br>Flammi wendet den Zauber Glut erfolgreich auf Fuchs an.<br><br>Flammi: -5 Gesundheit durch Biss<br>Fuchs greift Flammi erfolgreich mit Biss an.<br>Fuchs: -1 Gesundheit durch Blitz<br>Fuchs: -1 Magie durch Blitz<br>Fuchs: -2 Intelligenz durch Blitz<br>Fuchs: -2 Abwehr durch Feuerschneise<br>Fuchs: -3 Gesundheit durch Feuerschneise<br>Fuchs: -5 Magie durch Feuerschneise<br>Fuchs: -3 Stärke durch Feuerschneise<br>Flammi wendet den Zauber Blitz erfolgreich auf Fuchs an.<br><br>Fuchs greift Flammi mit Biss an. Flammi kann dem Angriff jedoch ausweichen.<br>Fuchs: 2 Abwehr durch Beendigung von Sandsturm<br>Fuchs: 2 Ausweichen durch Beendigung von Sandsturm<br>Fuchs: 2 Initiative durch Beendigung von Sandsturm<br>Fuchs: 2 Stärke durch Beendigung von Sandsturm<br>Fuchs: -2 Abwehr durch Feuerschneise<br>Fuchs: -3 Gesundheit durch Feuerschneise<br>Fuchs: -5 Magie durch Feuerschneise<br>Fuchs: -3 Stärke durch Feuerschneise<br>Fuchs: -2 Gesundheit durch Sandsturm<br>Flammi wendet den Zauber Feuerschneise erfolgreich auf Fuchs an.<br><br>Flammi: -5 Gesundheit durch Biss<br>Fuchs greift Flammi mit Biss an. Flammi kann den Angriff jedoch abwehren.<br>Fuchs: -2 Abwehr durch Sandsturm<br>Fuchs: -2 Ausweichen durch Sandsturm<br>Fuchs: -2 Initiative durch Sandsturm<br>Fuchs: -2 Gesundheit durch Sandsturm<br>Fuchs: -2 Stärke durch Sandsturm<br>Flammi wendet den Zauber Sandsturm erfolgreich auf Fuchs an.<br><br>'),
	(164, NULL, '<font color=\'green\'>Gewonnen</font><br>Flammi: -0 Gesundheit durch Staub<br><font color=\'red\'>Fuchs stirbt im Kampf.</font><br>Fuchs: -8 Gesundheit durch Biss<br>Fuchs: -5 Gesundheit durch Stich<br>Flammi greift Fuchs mit Biss an. Fuchs kann den Angriff jedoch abwehren.<br><br>Flammi: -0 Gesundheit durch Staub<br>Fuchs wendet den Zauber Staub erfolgreich auf Flammi an.<br>Fuchs: -5 Gesundheit durch Stich<br>Flammi greift Fuchs mit Stich an. Fuchs kann den Angriff jedoch abwehren.<br><br>Flammi: -7 Gesundheit durch Schlag<br>Fuchs greift Flammi mit Schlag an. Flammi kann den Angriff jedoch abwehren.<br>Fuchs: -0 Gesundheit durch Blitz<br>Fuchs: -1 Magie durch Blitz<br>Fuchs: -2 Intelligenz durch Blitz<br>Fuchs: -5 Gesundheit durch Stich<br>Flammi wendet den Zauber Blitz erfolgreich auf Fuchs an.<br><br>Flammi: -7 Gesundheit durch Schlag<br>Fuchs greift Flammi erfolgreich mit Schlag an.<br>Fuchs: -5 Gesundheit durch Stich<br>Flammi greift Fuchs erfolgreich mit Stich an.<br><br>Flammi: -8 Gesundheit durch Biss<br>Fuchs greift Flammi erfolgreich mit Biss an.<br>Fuchs: -8 Gesundheit durch Biss<br>Flammi greift Fuchs erfolgreich mit Biss an.<br><br>'),
	(165, NULL, '<font color=\'green\'>Gewonnen</font><br><font color=\'red\'>Fuchs stirbt im Kampf.</font><br>Fuchs: -5 Gesundheit durch Stich<br>Fuchs: -2 Gesundheit durch Erdbeben<br>Flammi greift Fuchs mit Stich an. Fuchs kann dem Angriff jedoch ausweichen.<br><br>Flammi: -0 Gesundheit durch Biss<br>Fuchs greift Flammi erfolgreich mit Biss an.<br>Fuchs: -5 Gesundheit durch Stich<br>Flammi greift Fuchs erfolgreich mit Stich an.<br><br>Fuchs: -3 Gesundheit durch Asteroid<br>Fuchs: -8 Stärke durch Asteroid<br>Fuchs: -2 Gesundheit durch Erdbeben<br>Flammi wendet den Zauber Asteroid erfolgreich auf Fuchs an.<br><br>Fuchs greift Flammi mit Schlag an. Flammi kann dem Angriff jedoch ausweichen.<br>Fuchs: -3 Gesundheit durch Asteroid<br>Fuchs: -8 Stärke durch Asteroid<br>Fuchs: -2 Gesundheit durch Erdbeben<br>Flammi wendet den Zauber Asteroid erfolgreich auf Fuchs an.<br><br>Flammi: -0 Gesundheit durch Schlag<br>Fuchs greift Flammi erfolgreich mit Schlag an.<br>Fuchs: -2 Gesundheit durch Erdbeben<br>Fuchs: -5 Stärke durch Erdbeben<br>Flammi wendet den Zauber Erdbeben erfolgreich auf Fuchs an.<br><br>Flammi: -0 Gesundheit durch Schlag<br>Fuchs greift Flammi erfolgreich mit Schlag an.<br>Fuchs: -3 Gesundheit durch Asteroid<br>Fuchs: -8 Stärke durch Asteroid<br>Flammi wendet den Zauber Asteroid erfolgreich auf Fuchs an.<br><br>Fuchs greift Flammi mit Biss an. Flammi kann dem Angriff jedoch ausweichen.<br>Fuchs: -8 Gesundheit durch Biss<br>Flammi greift Fuchs erfolgreich mit Biss an.<br><br>Flammi: -0 Gesundheit durch Staub<br>Fuchs greift Flammi mit Biss an. Flammi kann dem Angriff jedoch ausweichen.<br>Flammi greift Fuchs mit Biss an. Fuchs kann dem Angriff jedoch ausweichen.<br><br>Flammi: -0 Gesundheit durch Schlag<br>Flammi: -0 Gesundheit durch Staub<br>Fuchs greift Flammi erfolgreich mit Schlag an.<br>Fuchs: -0 Gesundheit durch Asteroid<br>Fuchs: -8 Stärke durch Asteroid<br>Fuchs: -2 Ausweichen durch Tsunami<br>Fuchs: -2 Initiative durch Tsunami<br>Fuchs: -0 Gesundheit durch Tsunami<br>Fuchs: -2 Stärke durch Tsunami<br>Flammi wendet den Zauber Asteroid erfolgreich auf Fuchs an.<br><br>Flammi: -0 Gesundheit durch Staub<br>Fuchs wendet den Zauber Staub erfolgreich auf Flammi an.<br>Fuchs: -2 Ausweichen durch Tsunami<br>Fuchs: -2 Initiative durch Tsunami<br>Fuchs: -0 Gesundheit durch Tsunami<br>Fuchs: -2 Stärke durch Tsunami<br>Fuchs: -2 Ausweichen durch Tsunami<br>Fuchs: -2 Initiative durch Tsunami<br>Fuchs: -0 Gesundheit durch Tsunami<br>Fuchs: -2 Stärke durch Tsunami<br>Flammi wendet den Zauber Tsunami erfolgreich auf Fuchs an.<br><br>Flammi: -0 Gesundheit durch Schlag<br>Fuchs greift Flammi mit Schlag an. Flammi kann den Angriff jedoch abwehren.<br>Fuchs: -2 Ausweichen durch Tsunami<br>Fuchs: -2 Initiative durch Tsunami<br>Fuchs: -0 Gesundheit durch Tsunami<br>Fuchs: -2 Stärke durch Tsunami<br>Flammi wendet den Zauber Tsunami erfolgreich auf Fuchs an.<br><br>'),
	(166, NULL, '<font color=\'green\'>Gewonnen</font><br><font color=\'red\'>Fuchs stirbt im Kampf.</font><br>Fuchs: -8 Gesundheit durch Biss<br>Fuchs: -5 Gesundheit durch Stich<br>Flammi greift Fuchs erfolgreich mit Biss an.<br><br>Flammi: -6 Gesundheit durch Biss<br>Fuchs greift Flammi erfolgreich mit Biss an.<br>Fuchs: 5 Stärke durch Beendigung von Erdbeben<br>Fuchs: -5 Gesundheit durch Stich<br>Fuchs: -5 Gesundheit durch Stich<br>Fuchs: -2 Gesundheit durch Erdbeben<br>Flammi greift Fuchs erfolgreich mit Stich an.<br><br>Flammi: -0 Gesundheit durch Schlag<br>Fuchs greift Flammi erfolgreich mit Schlag an.<br>Fuchs: -5 Gesundheit durch Stich<br>Fuchs: -2 Gesundheit durch Erdbeben<br>Flammi greift Fuchs erfolgreich mit Stich an.<br><br>Flammi: -0 Gesundheit durch Schlag<br>Fuchs greift Flammi erfolgreich mit Schlag an.<br>Fuchs: -2 Gesundheit durch Erdbeben<br>Flammi greift Fuchs mit Stich an. Fuchs kann dem Angriff jedoch ausweichen.<br><br>Flammi: -0 Gesundheit durch Schlag<br>Fuchs greift Flammi erfolgreich mit Schlag an.<br>Fuchs: -3 Gesundheit durch Asteroid<br>Fuchs: -8 Stärke durch Asteroid<br>Fuchs: -2 Gesundheit durch Erdbeben<br>Flammi wendet den Zauber Asteroid erfolgreich auf Fuchs an.<br><br>Fuchs patzt Ausführen von Biss auf Flammi.<br>Fuchs: -2 Gesundheit durch Erdbeben<br>Fuchs: -5 Stärke durch Erdbeben<br>Flammi wendet den Zauber Erdbeben erfolgreich auf Fuchs an.<br><br>'),
	(167, NULL, '<font color=\'green\'>Gewonnen</font><br><font color=\'red\'>Fuchs stirbt im Kampf.</font><br>Fuchs: -5 Gesundheit durch Stich<br>Flammi greift Fuchs erfolgreich mit Stich an.<br><br>Flammi: -0 Gesundheit durch Biss<br>Flammi: -0 Gesundheit durch Staub<br>Fuchs greift Flammi mit Biss an. Flammi kann den Angriff jedoch abwehren.<br>Fuchs: -5 Gesundheit durch Stich<br>Fuchs: -5 Gesundheit durch Stich<br>Flammi greift Fuchs erfolgreich mit Stich an.<br><br>Flammi: -0 Gesundheit durch Biss<br>Flammi: -0 Gesundheit durch Staub<br>Fuchs greift Flammi erfolgreich mit Biss an.<br>Fuchs: -5 Gesundheit durch Stich<br>Fuchs: -5 Gesundheit durch Stich<br>Flammi greift Fuchs erfolgreich mit Stich an.<br><br>Flammi: -0 Gesundheit durch Staub<br>Fuchs wendet den Zauber Staub erfolgreich auf Flammi an.<br>Fuchs: -5 Gesundheit durch Stich<br>Flammi greift Fuchs erfolgreich mit Stich an.<br><br>Flammi: -0 Gesundheit durch Biss<br>Fuchs greift Flammi mit Biss an. Flammi kann den Angriff jedoch abwehren.<br>Fuchs: -3 Gesundheit durch Asteroid<br>Fuchs: -4 Stärke durch Asteroid<br>Flammi wendet den Zauber Asteroid erfolgreich auf Fuchs an.<br><br>Flammi: -7 Gesundheit durch Biss<br>Fuchs greift Flammi erfolgreich mit Biss an.<br>Flammi zaubert Asteroid auf Fuchs. Fuchs kann dem Zauber jedoch ausweichen.<br><br>Flammi: -5 Gesundheit durch Schlag<br>Fuchs greift Flammi erfolgreich mit Schlag an.<br>Flammi zaubert Asteroid auf Fuchs. Fuchs kann dem Zauber jedoch ausweichen.<br><br>Fuchs patzt Ausführen von Schlag auf Flammi.<br>Fuchs: -3 Gesundheit durch Asteroid<br>Fuchs: -4 Stärke durch Asteroid<br>Flammi wendet den Zauber Asteroid erfolgreich auf Fuchs an.<br><br>'),
	(168, NULL, 'Flammi: -0 Gesundheit durch Schlag<br>Fuchs greift Flammi erfolgreich mit Schlag an.<br>Flammi greift Fuchs mit Biss an. Fuchs kann dem Angriff jedoch ausweichen.<br><br>Flammi: -0 Gesundheit durch Schlag<br>Fuchs greift Flammi erfolgreich mit Schlag an.<br>Flammi greift Fuchs mit Stich an. Fuchs kann dem Angriff jedoch ausweichen.<br><br>Fuchs patzt Ausführen von Biss auf Flammi.<br>Fuchs: -0 Gesundheit durch Biss<br>Fuchs: -0 Gesundheit durch Stich<br>Flammi greift Fuchs mit Biss an. Fuchs kann den Angriff jedoch abwehren.<br><br>Flammi: -0 Gesundheit durch Schlag<br>Flammi: -0 Gesundheit durch Staub<br>Fuchs greift Flammi erfolgreich mit Schlag an.<br>Fuchs: -0 Gesundheit durch Stich<br>Flammi greift Fuchs mit Stich an. Fuchs kann den Angriff jedoch abwehren.<br><br>Flammi: -0 Gesundheit durch Biss<br>Flammi: -0 Gesundheit durch Staub<br>Fuchs greift Flammi mit Biss an. Flammi kann den Angriff jedoch abwehren.<br>Flammi greift Fuchs mit Biss an. Fuchs kann dem Angriff jedoch ausweichen.<br><br>Flammi: -0 Gesundheit durch Staub<br>Fuchs wendet den Zauber Staub erfolgreich auf Flammi an.<br>Fuchs: -0 Gesundheit durch Biss<br>Flammi greift Fuchs mit Biss an. Fuchs kann den Angriff jedoch abwehren.<br><br>Flammi: -0 Gesundheit durch Biss<br>Fuchs greift Flammi erfolgreich mit Biss an.<br>Fuchs: -0 Gesundheit durch Biss<br>Flammi greift Fuchs mit Biss an. Fuchs kann den Angriff jedoch abwehren.<br><br>Flammi: -0 Gesundheit durch Schlag<br>Fuchs greift Flammi erfolgreich mit Schlag an.<br>Flammi greift Fuchs mit Stich an. Fuchs kann dem Angriff jedoch ausweichen.<br><br>Flammi: -0 Gesundheit durch Biss<br>Fuchs greift Flammi mit Biss an. Flammi kann den Angriff jedoch abwehren.<br>Fuchs: -3 Gesundheit durch Asteroid<br>Fuchs: -4 Stärke durch Asteroid<br>Flammi wendet den Zauber Asteroid erfolgreich auf Fuchs an.<br><br>Flammi: -0 Gesundheit durch Biss<br>Fuchs greift Flammi erfolgreich mit Biss an.<br>Fuchs: -3 Gesundheit durch Asteroid<br>Fuchs: -4 Stärke durch Asteroid<br>Flammi wendet den Zauber Asteroid erfolgreich auf Fuchs an.<br><br>Flammi: -0 Gesundheit durch Biss<br>Fuchs greift Flammi mit Biss an. Flammi kann den Angriff jedoch abwehren.<br>Fuchs: -3 Gesundheit durch Asteroid<br>Fuchs: -4 Stärke durch Asteroid<br>Flammi wendet den Zauber Asteroid erfolgreich auf Fuchs an.<br><br>Flammi: -7 Gesundheit durch Biss<br>Fuchs greift Flammi erfolgreich mit Biss an.<br>Fuchs: -3 Gesundheit durch Asteroid<br>Fuchs: -4 Stärke durch Asteroid<br>Flammi wendet den Zauber Asteroid erfolgreich auf Fuchs an.<br><br>'),
	(169, NULL, '<font color=\'green\'>Gewonnen</font><br><font color=\'red\'>Fuchs stirbt im Kampf.</font><br>Fuchs: -5 Gesundheit durch Stich<br>Flammi greift Fuchs mit Stich an. Fuchs kann dem Angriff jedoch ausweichen.<br><br>Flammi: -0 Gesundheit durch Schlag<br>Fuchs greift Flammi mit Schlag an. Flammi kann den Angriff jedoch abwehren.<br>Fuchs: -5 Gesundheit durch Stich<br>Fuchs: -5 Gesundheit durch Stich<br>Flammi greift Fuchs erfolgreich mit Stich an.<br><br>Fuchs greift Flammi mit Schlag an. Flammi kann dem Angriff jedoch ausweichen.<br>Fuchs: -5 Gesundheit durch Stich<br>Flammi greift Fuchs erfolgreich mit Stich an.<br><br>Flammi: -0 Gesundheit durch Schlag<br>Fuchs greift Flammi mit Schlag an. Flammi kann den Angriff jedoch abwehren.<br>Fuchs: -5 Gesundheit durch Stich<br>Flammi greift Fuchs mit Stich an. Fuchs kann dem Angriff jedoch ausweichen.<br><br>Flammi: -0 Gesundheit durch Biss<br>Flammi: -0 Gesundheit durch Staub<br>Fuchs greift Flammi mit Biss an. Flammi kann den Angriff jedoch abwehren.<br>Fuchs: -5 Gesundheit durch Stich<br>Flammi greift Fuchs erfolgreich mit Stich an.<br><br>Flammi: -0 Gesundheit durch Schlag<br>Flammi: -0 Gesundheit durch Staub<br>Fuchs greift Flammi erfolgreich mit Schlag an.<br>Fuchs: -3 Gesundheit durch Asteroid<br>Fuchs: -4 Stärke durch Asteroid<br>Flammi wendet den Zauber Asteroid erfolgreich auf Fuchs an.<br><br>Flammi: -0 Gesundheit durch Staub<br>Fuchs wendet den Zauber Staub erfolgreich auf Flammi an.<br>Fuchs: -3 Gesundheit durch Asteroid<br>Fuchs: -4 Stärke durch Asteroid<br>Flammi wendet den Zauber Asteroid erfolgreich auf Fuchs an.<br><br>Flammi: -0 Gesundheit durch Biss<br>Fuchs greift Flammi erfolgreich mit Biss an.<br>Flammi zaubert Asteroid auf Fuchs. Fuchs kann dem Zauber jedoch ausweichen.<br><br>Flammi: -0 Gesundheit durch Schlag<br>Fuchs greift Flammi mit Schlag an. Flammi kann den Angriff jedoch abwehren.<br>Fuchs: -3 Gesundheit durch Asteroid<br>Fuchs: -4 Stärke durch Asteroid<br>Flammi wendet den Zauber Asteroid erfolgreich auf Fuchs an.<br><br>'),
	(170, NULL, '<font color=\'green\'>Gewonnen</font><br><font color=\'red\'>Fuchs stirbt im Kampf.</font><br>Fuchs: -5 Gesundheit durch Stich<br>Fuchs: -5 Gesundheit durch Stich<br>Flammi greift Fuchs erfolgreich mit Stich an.<br><br>Flammi: -0 Gesundheit durch Biss<br>Flammi: -0 Gesundheit durch Staub<br>Fuchs greift Flammi erfolgreich mit Biss an.<br>Fuchs: -5 Gesundheit durch Stich<br>Fuchs: -5 Gesundheit durch Stich<br>Flammi greift Fuchs erfolgreich mit Stich an.<br><br>Flammi: -0 Gesundheit durch Schlag<br>Flammi: -0 Gesundheit durch Staub<br>Fuchs greift Flammi erfolgreich mit Schlag an.<br>Fuchs: -5 Gesundheit durch Stich<br>Flammi greift Fuchs erfolgreich mit Stich an.<br><br>Flammi: -0 Gesundheit durch Staub<br>Fuchs wendet den Zauber Staub erfolgreich auf Flammi an.<br>Fuchs: -3 Gesundheit durch Asteroid<br>Fuchs: -4 Stärke durch Asteroid<br>Flammi wendet den Zauber Asteroid erfolgreich auf Fuchs an.<br><br>Flammi: -0 Gesundheit durch Biss<br>Fuchs greift Flammi erfolgreich mit Biss an.<br>Fuchs: -3 Gesundheit durch Asteroid<br>Fuchs: -4 Stärke durch Asteroid<br>Flammi wendet den Zauber Asteroid erfolgreich auf Fuchs an.<br><br>Flammi: -3 Gesundheit durch Schlag<br>Fuchs greift Flammi erfolgreich mit Schlag an.<br>Fuchs: -3 Gesundheit durch Asteroid<br>Fuchs: -4 Stärke durch Asteroid<br>Flammi wendet den Zauber Asteroid erfolgreich auf Fuchs an.<br><br>Flammi: -7 Gesundheit durch Biss<br>Fuchs greift Flammi erfolgreich mit Biss an.<br>Fuchs: -3 Gesundheit durch Asteroid<br>Fuchs: -4 Stärke durch Asteroid<br>Flammi wendet den Zauber Asteroid erfolgreich auf Fuchs an.<br><br>'),
	(171, NULL, '<font color=\'green\'>Gewonnen</font><br><font color=\'red\'>Fuchs stirbt im Kampf.</font><br>Fuchs: -8 Gesundheit durch Biss<br>Fuchs: -5 Gesundheit durch Stich<br>Flammi greift Fuchs erfolgreich mit Biss an.<br><br>Flammi: -0 Gesundheit durch Biss<br>Fuchs greift Flammi mit Biss an. Flammi kann den Angriff jedoch abwehren.<br>Fuchs: -5 Gesundheit durch Stich<br>Fuchs: -5 Gesundheit durch Stich<br>Flammi greift Fuchs erfolgreich mit Stich an.<br><br>Flammi: -0 Gesundheit durch Biss<br>Fuchs greift Flammi erfolgreich mit Biss an.<br>Fuchs: -5 Gesundheit durch Stich<br>Flammi greift Fuchs erfolgreich mit Stich an.<br><br>Fuchs greift Flammi mit Schlag an. Flammi kann dem Angriff jedoch ausweichen.<br>Fuchs: -3 Gesundheit durch Asteroid<br>Fuchs: -4 Stärke durch Asteroid<br>Flammi wendet den Zauber Asteroid erfolgreich auf Fuchs an.<br><br>Flammi: -3 Gesundheit durch Schlag<br>Fuchs greift Flammi erfolgreich mit Schlag an.<br>Flammi patzt beim Zaubern von Asteroid auf Fuchs.<br><br>Flammi: -4 Gesundheit durch Biss<br>Fuchs greift Flammi erfolgreich mit Biss an.<br>Fuchs: -3 Gesundheit durch Asteroid<br>Fuchs: -4 Stärke durch Asteroid<br>Flammi wendet den Zauber Asteroid erfolgreich auf Fuchs an.<br><br>Flammi: -5 Gesundheit durch Schlag<br>Fuchs greift Flammi erfolgreich mit Schlag an.<br>Fuchs: -3 Gesundheit durch Asteroid<br>Fuchs: -4 Stärke durch Asteroid<br>Flammi wendet den Zauber Asteroid erfolgreich auf Fuchs an.<br><br>'),
	(172, NULL, '<font color=\'green\'>Gewonnen</font><br><font color=\'red\'>Fuchs stirbt im Kampf.</font><br>Fuchs: -8 Gesundheit durch Biss<br>Flammi greift Fuchs erfolgreich mit Biss an.<br><br>Flammi: -0 Gesundheit durch Biss<br>Fuchs greift Flammi erfolgreich mit Biss an.<br>Fuchs: -8 Gesundheit durch Biss<br>Flammi greift Fuchs erfolgreich mit Biss an.<br><br>Flammi: -0 Gesundheit durch Schlag<br>Fuchs greift Flammi erfolgreich mit Schlag an.<br>Fuchs: -5 Gesundheit durch Stich<br>Flammi patzt Ausführen von Stich auf Fuchs.<br><br>Flammi: -0 Gesundheit durch Biss<br>Fuchs greift Flammi erfolgreich mit Biss an.<br>Fuchs: -5 Gesundheit durch Stich<br>Flammi greift Fuchs erfolgreich mit Stich an.<br><br>Flammi: -0 Gesundheit durch Biss<br>Flammi: -0 Gesundheit durch Staub<br>Fuchs greift Flammi erfolgreich mit Biss an.<br>Flammi greift Fuchs mit Stich an. Fuchs kann dem Angriff jedoch ausweichen.<br><br>Flammi: -0 Gesundheit durch Schlag<br>Flammi: -0 Gesundheit durch Staub<br>Fuchs greift Flammi mit Schlag an. Flammi kann den Angriff jedoch abwehren.<br>Flammi patzt Ausführen von Stich auf Fuchs.<br><br>Flammi: -0 Gesundheit durch Staub<br>Fuchs wendet den Zauber Staub erfolgreich auf Flammi an.<br>Fuchs: -3 Gesundheit durch Asteroid<br>Fuchs: -4 Stärke durch Asteroid<br>Flammi wendet den Zauber Asteroid erfolgreich auf Fuchs an.<br><br>Flammi: -0 Gesundheit durch Biss<br>Fuchs greift Flammi erfolgreich mit Biss an.<br>Fuchs: -3 Gesundheit durch Asteroid<br>Fuchs: -4 Stärke durch Asteroid<br>Flammi wendet den Zauber Asteroid erfolgreich auf Fuchs an.<br><br>Fuchs greift Flammi mit Schlag an. Flammi kann dem Angriff jedoch ausweichen.<br>Fuchs: -3 Gesundheit durch Asteroid<br>Fuchs: -4 Stärke durch Asteroid<br>Flammi wendet den Zauber Asteroid erfolgreich auf Fuchs an.<br><br>Flammi: -7 Gesundheit durch Biss<br>Fuchs greift Flammi erfolgreich mit Biss an.<br>Fuchs: -3 Gesundheit durch Asteroid<br>Fuchs: -4 Stärke durch Asteroid<br>Flammi wendet den Zauber Asteroid erfolgreich auf Fuchs an.<br><br>'),
	(173, NULL, '<font color=\'green\'>Gewonnen</font><br><font color=\'red\'>Fuchs stirbt im Kampf.</font><br>Fuchs: -8 Gesundheit durch Biss<br>Flammi greift Fuchs erfolgreich mit Biss an.<br><br>Flammi: -0 Gesundheit durch Biss<br>Fuchs greift Flammi erfolgreich mit Biss an.<br>Fuchs: -8 Gesundheit durch Biss<br>Flammi greift Fuchs erfolgreich mit Biss an.<br><br>Flammi: -0 Gesundheit durch Biss<br>Fuchs greift Flammi mit Biss an. Flammi kann den Angriff jedoch abwehren.<br>Fuchs: -3 Gesundheit durch Asteroid<br>Fuchs: -4 Stärke durch Asteroid<br>Flammi wendet den Zauber Asteroid erfolgreich auf Fuchs an.<br><br>Flammi: -0 Gesundheit durch Schlag<br>Fuchs greift Flammi erfolgreich mit Schlag an.<br>Fuchs: -8 Gesundheit durch Biss<br>Fuchs: -1 Abwehr durch Feuerschneise<br>Fuchs: -2 Gesundheit durch Feuerschneise<br>Fuchs: -3 Magie durch Feuerschneise<br>Fuchs: -2 Stärke durch Feuerschneise<br>Flammi greift Fuchs erfolgreich mit Biss an.<br><br>Flammi: -0 Gesundheit durch Biss<br>Fuchs greift Flammi mit Biss an. Flammi kann den Angriff jedoch abwehren.<br>Fuchs: -3 Gesundheit durch Asteroid<br>Fuchs: -4 Stärke durch Asteroid<br>Fuchs: -1 Abwehr durch Feuerschneise<br>Fuchs: -2 Gesundheit durch Feuerschneise<br>Fuchs: -3 Magie durch Feuerschneise<br>Fuchs: -2 Stärke durch Feuerschneise<br>Fuchs: -1 Abwehr durch Feuerschneise<br>Fuchs: -2 Gesundheit durch Feuerschneise<br>Fuchs: -3 Magie durch Feuerschneise<br>Fuchs: -2 Stärke durch Feuerschneise<br>Flammi wendet den Zauber Asteroid erfolgreich auf Fuchs an.<br><br>Flammi: -4 Gesundheit durch Schlag<br>Fuchs greift Flammi erfolgreich mit Schlag an.<br>Fuchs: -1 Abwehr durch Feuerschneise<br>Fuchs: -2 Gesundheit durch Feuerschneise<br>Fuchs: -3 Magie durch Feuerschneise<br>Fuchs: -2 Stärke durch Feuerschneise<br>Fuchs: -1 Abwehr durch Feuerschneise<br>Fuchs: -2 Gesundheit durch Feuerschneise<br>Fuchs: -3 Magie durch Feuerschneise<br>Fuchs: -2 Stärke durch Feuerschneise<br>Flammi wendet den Zauber Feuerschneise erfolgreich auf Fuchs an.<br><br>Flammi: -8 Gesundheit durch Biss<br>Fuchs greift Flammi erfolgreich mit Biss an.<br>Fuchs: -1 Abwehr durch Feuerschneise<br>Fuchs: -2 Gesundheit durch Feuerschneise<br>Fuchs: -3 Magie durch Feuerschneise<br>Fuchs: -2 Stärke durch Feuerschneise<br>Flammi wendet den Zauber Feuerschneise erfolgreich auf Fuchs an.<br><br>'),
	(174, NULL, '<font color=\'green\'>Gewonnen</font><br><font color=\'red\'>Fuchs stirbt im Kampf.</font><br>Fuchs: -8 Gesundheit durch Biss<br>Flammi greift Fuchs erfolgreich mit Biss an.<br><br>Flammi: -0 Gesundheit durch Biss<br>Fuchs greift Flammi erfolgreich mit Biss an.<br>Flammi greift Fuchs mit Stich an. Fuchs kann dem Angriff jedoch ausweichen.<br><br>Fuchs greift Flammi mit Schlag an. Flammi kann dem Angriff jedoch ausweichen.<br>Fuchs: -8 Gesundheit durch Biss<br>Flammi greift Fuchs erfolgreich mit Biss an.<br><br>Flammi: -0 Gesundheit durch Biss<br>Fuchs greift Flammi erfolgreich mit Biss an.<br>Flammi greift Fuchs mit Biss an. Fuchs kann dem Angriff jedoch ausweichen.<br><br>Flammi: -0 Gesundheit durch Biss<br>Fuchs greift Flammi mit Biss an. Flammi kann den Angriff jedoch abwehren.<br>Fuchs: -8 Gesundheit durch Biss<br>Flammi greift Fuchs erfolgreich mit Biss an.<br><br>Flammi: -0 Gesundheit durch Biss<br>Flammi: -0 Gesundheit durch Staub<br>Fuchs greift Flammi erfolgreich mit Biss an.<br>Flammi greift Fuchs mit Biss an. Fuchs kann dem Angriff jedoch ausweichen.<br><br>Flammi: -0 Gesundheit durch Staub<br>Fuchs greift Flammi mit Biss an. Flammi kann dem Angriff jedoch ausweichen.<br>Fuchs: -8 Gesundheit durch Biss<br>Flammi greift Fuchs erfolgreich mit Biss an.<br><br>Flammi: -0 Gesundheit durch Staub<br>Fuchs wendet den Zauber Staub erfolgreich auf Flammi an.<br>Fuchs: -5 Gesundheit durch Stich<br>Flammi greift Fuchs mit Stich an. Fuchs kann dem Angriff jedoch ausweichen.<br><br>Flammi: -0 Gesundheit durch Biss<br>Fuchs greift Flammi mit Biss an. Flammi kann den Angriff jedoch abwehren.<br>Fuchs: -5 Gesundheit durch Stich<br>Flammi greift Fuchs erfolgreich mit Stich an.<br><br>'),
	(175, NULL, '<font color=\'green\'>Gewonnen</font><br><font color=\'red\'>Fuchs stirbt im Kampf.</font><br>Fuchs: -8 Gesundheit durch Biss<br>Flammi greift Fuchs erfolgreich mit Biss an.<br><br>Flammi: -0 Gesundheit durch Biss<br>Fuchs greift Flammi erfolgreich mit Biss an.<br>Fuchs: -8 Gesundheit durch Biss<br>Fuchs: -5 Gesundheit durch Stich<br>Flammi greift Fuchs erfolgreich mit Biss an.<br><br>Fuchs greift Flammi mit Schlag an. Flammi kann dem Angriff jedoch ausweichen.<br>Fuchs: -5 Gesundheit durch Stich<br>Flammi greift Fuchs erfolgreich mit Stich an.<br><br>Flammi: -0 Gesundheit durch Schlag<br>Flammi: -0 Gesundheit durch Staub<br>Fuchs greift Flammi mit Schlag an. Flammi kann den Angriff jedoch abwehren.<br>Flammi greift Fuchs mit Stich an. Fuchs kann dem Angriff jedoch ausweichen.<br><br>Flammi: -8 Gesundheit durch Biss<br>Flammi: -0 Gesundheit durch Staub<br>Fuchs greift Flammi erfolgreich mit Biss an.<br>Fuchs: -5 Gesundheit durch Stich<br>Flammi patzt Ausführen von Stich auf Fuchs.<br><br>Flammi: -0 Gesundheit durch Staub<br>Fuchs wendet den Zauber Staub erfolgreich auf Flammi an.<br>Fuchs: -5 Gesundheit durch Stich<br>Flammi greift Fuchs erfolgreich mit Stich an.<br><br>'),
	(176, NULL, '<font color=\'green\'>Gewonnen</font><br><font color=\'red\'>Fuchs stirbt im Kampf.</font><br>Fuchs: -5 Gesundheit durch Stich<br>Fuchs: -2 Gesundheit durch Erdbeben<br>Flammi greift Fuchs erfolgreich mit Biss an.<br><br>Flammi: -4 Gesundheit durch Schlag<br>Fuchs greift Flammi erfolgreich mit Schlag an.<br>Fuchs: -5 Gesundheit durch Stich<br>Fuchs: -2 Gesundheit durch Erdbeben<br>Flammi greift Fuchs erfolgreich mit Stich an.<br><br>Flammi: -2 Gesundheit durch Biss<br>Fuchs greift Flammi mit Biss an. Flammi kann den Angriff jedoch abwehren.<br>Fuchs: -8 Gesundheit durch Biss<br>Fuchs: -2 Gesundheit durch Erdbeben<br>Flammi greift Fuchs erfolgreich mit Biss an.<br><br>Flammi: -5 Gesundheit durch Biss<br>Flammi: -0 Gesundheit durch Staub<br>Fuchs greift Flammi erfolgreich mit Biss an.<br>Fuchs: -2 Gesundheit durch Erdbeben<br>Flammi greift Fuchs mit Stich an. Fuchs kann dem Angriff jedoch ausweichen.<br><br>Flammi: -4 Gesundheit durch Schlag<br>Flammi: -0 Gesundheit durch Staub<br>Fuchs greift Flammi erfolgreich mit Schlag an.<br>Fuchs: -2 Gesundheit durch Erdbeben<br>Fuchs: -3 Stärke durch Erdbeben<br>Flammi wendet den Zauber Erdbeben erfolgreich auf Fuchs an.<br><br>Flammi: -0 Gesundheit durch Staub<br>Fuchs wendet den Zauber Staub erfolgreich auf Flammi an.<br>Flammi greift Fuchs mit Stich an. Fuchs kann dem Angriff jedoch ausweichen.<br><br>Flammi: -5 Gesundheit durch Schlag<br>Fuchs greift Flammi erfolgreich mit Schlag an.<br>Flammi greift Fuchs mit Biss an. Fuchs kann dem Angriff jedoch ausweichen.<br><br>Flammi: -2 Gesundheit durch Biss<br>Fuchs greift Flammi mit Biss an. Flammi kann den Angriff jedoch abwehren.<br>Fuchs: -8 Gesundheit durch Biss<br>Flammi greift Fuchs erfolgreich mit Biss an.<br><br>Flammi: -5 Gesundheit durch Schlag<br>Fuchs greift Flammi erfolgreich mit Schlag an.<br>Flammi patzt Ausführen von Biss auf Fuchs.<br><br>Flammi: -2 Gesundheit durch Biss<br>Fuchs greift Flammi mit Biss an. Flammi kann den Angriff jedoch abwehren.<br>Fuchs: -3 Gesundheit durch Asteroid<br>Fuchs: -4 Stärke durch Asteroid<br>Flammi wendet den Zauber Asteroid erfolgreich auf Fuchs an.<br><br>Flammi: -8 Gesundheit durch Biss<br>Fuchs greift Flammi erfolgreich mit Biss an.<br>Flammi zaubert Asteroid auf Fuchs. Fuchs kann dem Zauber jedoch ausweichen.<br><br>Flammi: -8 Gesundheit durch Biss<br>Fuchs greift Flammi erfolgreich mit Biss an.<br>Flammi zaubert Asteroid auf Fuchs. Fuchs kann dem Zauber jedoch ausweichen.<br><br>'),
	(177, NULL, NULL),
	(178, NULL, NULL),
	(179, NULL, NULL),
	(180, NULL, NULL),
	(181, NULL, NULL),
	(182, NULL, '<font color=\'green\'>Gewonnen</font><br><font color=\'red\'>Fuchs stirbt im Kampf.</font><br>Fuchs: -5 Gesundheit durch Stich<br>Fuchs: -2 Gesundheit durch Erdbeben<br>Flammi greift Fuchs erfolgreich mit Stich an.<br><br>Flammi: -0 Gesundheit durch Biss<br>Fuchs greift Flammi mit Biss an. Flammi kann den Angriff jedoch abwehren.<br>Fuchs: -5 Gesundheit durch Stich<br>Fuchs: -5 Gesundheit durch Stich<br>Fuchs: -2 Gesundheit durch Erdbeben<br>Flammi greift Fuchs erfolgreich mit Stich an.<br><br>Flammi: -0 Gesundheit durch Schlag<br>Fuchs greift Flammi erfolgreich mit Schlag an.<br>Fuchs: -5 Gesundheit durch Stich<br>Fuchs: -2 Gesundheit durch Erdbeben<br>Flammi greift Fuchs erfolgreich mit Stich an.<br><br>Flammi: -0 Gesundheit durch Schlag<br>Fuchs greift Flammi erfolgreich mit Schlag an.<br>Fuchs: -2 Gesundheit durch Erdbeben<br>Flammi greift Fuchs mit Stich an. Fuchs kann dem Angriff jedoch ausweichen.<br><br>Flammi: -0 Gesundheit durch Biss<br>Fuchs greift Flammi erfolgreich mit Biss an.<br>Fuchs: -2 Gesundheit durch Erdbeben<br>Fuchs: -3 Stärke durch Erdbeben<br>Flammi wendet den Zauber Erdbeben erfolgreich auf Fuchs an.<br><br>Flammi: -0 Gesundheit durch Biss<br>Flammi: -0 Gesundheit durch Staub<br>Fuchs greift Flammi erfolgreich mit Biss an.<br>Fuchs: -3 Gesundheit durch Asteroid<br>Fuchs: -4 Stärke durch Asteroid<br>Flammi wendet den Zauber Asteroid erfolgreich auf Fuchs an.<br><br>Flammi: -4 Gesundheit durch Biss<br>Flammi: -0 Gesundheit durch Staub<br>Fuchs greift Flammi erfolgreich mit Biss an.<br>Fuchs: -3 Gesundheit durch Asteroid<br>Fuchs: -4 Stärke durch Asteroid<br>Flammi wendet den Zauber Asteroid erfolgreich auf Fuchs an.<br><br>Flammi: -0 Gesundheit durch Staub<br>Fuchs wendet den Zauber Staub erfolgreich auf Flammi an.<br>Fuchs: -3 Gesundheit durch Asteroid<br>Fuchs: -4 Stärke durch Asteroid<br>Flammi wendet den Zauber Asteroid erfolgreich auf Fuchs an.<br><br>'),
	(183, NULL, '<font color=\'green\'>Gewonnen</font><br><font color=\'red\'>Fuchs stirbt im Kampf.</font><br>Fuchs: -2 Gesundheit durch Erdbeben<br>Fuchs: -2 Gesundheit durch Erdbeben<br>Fuchs: -2 Gesundheit durch Erdbeben<br>Flammi greift Fuchs erfolgreich mit Biss an.<br><br>Flammi: -0 Gesundheit durch Schlag<br>Fuchs greift Flammi erfolgreich mit Schlag an.<br>Fuchs: -5 Gesundheit durch Stich<br>Fuchs: -2 Gesundheit durch Erdbeben<br>Fuchs: -2 Gesundheit durch Erdbeben<br>Fuchs: -2 Gesundheit durch Erdbeben<br>Flammi greift Fuchs erfolgreich mit Stich an.<br><br>Flammi: -0 Gesundheit durch Biss<br>Flammi: -0 Gesundheit durch Staub<br>Fuchs greift Flammi erfolgreich mit Biss an.<br>Fuchs: -2 Gesundheit durch Erdbeben<br>Fuchs: -3 Stärke durch Erdbeben<br>Fuchs: -2 Gesundheit durch Erdbeben<br>Fuchs: -2 Gesundheit durch Erdbeben<br>Flammi wendet den Zauber Erdbeben erfolgreich auf Fuchs an.<br><br>Flammi: -0 Gesundheit durch Biss<br>Flammi: -0 Gesundheit durch Staub<br>Fuchs greift Flammi mit Biss an. Flammi kann den Angriff jedoch abwehren.<br>Fuchs: -2 Gesundheit durch Erdbeben<br>Fuchs: -3 Stärke durch Erdbeben<br>Fuchs: -2 Gesundheit durch Erdbeben<br>Fuchs: -1 Abwehr durch Feuerschneise<br>Fuchs: -2 Gesundheit durch Feuerschneise<br>Fuchs: -3 Magie durch Feuerschneise<br>Fuchs: -2 Stärke durch Feuerschneise<br>Flammi wendet den Zauber Erdbeben erfolgreich auf Fuchs an.<br><br>Flammi: -0 Gesundheit durch Staub<br>Fuchs wendet den Zauber Staub erfolgreich auf Flammi an.<br>Fuchs: -2 Gesundheit durch Erdbeben<br>Fuchs: -3 Stärke durch Erdbeben<br>Fuchs: -1 Abwehr durch Feuerschneise<br>Fuchs: -2 Gesundheit durch Feuerschneise<br>Fuchs: -3 Magie durch Feuerschneise<br>Fuchs: -2 Stärke durch Feuerschneise<br>Flammi wendet den Zauber Erdbeben erfolgreich auf Fuchs an.<br><br>Flammi: -6 Gesundheit durch Schlag<br>Fuchs greift Flammi erfolgreich mit Schlag an.<br>Fuchs: -1 Abwehr durch Feuerschneise<br>Fuchs: -2 Gesundheit durch Feuerschneise<br>Fuchs: -3 Magie durch Feuerschneise<br>Fuchs: -2 Stärke durch Feuerschneise<br>Flammi wendet den Zauber Feuerschneise erfolgreich auf Fuchs an.<br><br>'),
	(184, NULL, '<font color=\'green\'>Gewonnen</font><br><font color=\'red\'>Fuchs stirbt im Kampf.</font><br>Fuchs: -5 Gesundheit durch Stich<br>Fuchs: -2 Gesundheit durch Erdbeben<br>Fuchs: -2 Gesundheit durch Erdbeben<br>Flammi greift Fuchs erfolgreich mit Biss an.<br><br>Flammi: -5 Gesundheit durch Biss<br>Fuchs greift Flammi erfolgreich mit Biss an.<br>Fuchs: -5 Gesundheit durch Stich<br>Fuchs: -5 Gesundheit durch Stich<br>Fuchs: -2 Gesundheit durch Erdbeben<br>Fuchs: -2 Gesundheit durch Erdbeben<br>Flammi greift Fuchs erfolgreich mit Stich an.<br><br>Fuchs patzt Ausführen von Schlag auf Flammi.<br>Fuchs: -5 Gesundheit durch Stich<br>Fuchs: -2 Gesundheit durch Erdbeben<br>Fuchs: -2 Gesundheit durch Erdbeben<br>Flammi greift Fuchs erfolgreich mit Stich an.<br><br>Fuchs greift Flammi mit Schlag an. Flammi kann dem Angriff jedoch ausweichen.<br>Fuchs: -2 Gesundheit durch Erdbeben<br>Fuchs: -3 Stärke durch Erdbeben<br>Fuchs: -2 Gesundheit durch Erdbeben<br>Flammi wendet den Zauber Erdbeben erfolgreich auf Fuchs an.<br><br>Flammi: -6 Gesundheit durch Schlag<br>Fuchs greift Flammi erfolgreich mit Schlag an.<br>Fuchs: -2 Gesundheit durch Erdbeben<br>Fuchs: -3 Stärke durch Erdbeben<br>Flammi wendet den Zauber Erdbeben erfolgreich auf Fuchs an.<br><br>Flammi: -8 Gesundheit durch Biss<br>Fuchs greift Flammi erfolgreich mit Biss an.<br><font color=\'red\'>Ratte stirbt im Kampf.</font><br>Ratte: -5 Gesundheit durch Stich<br>Ratte: -2 Gesundheit durch Erdbeben<br>Flammi zaubert Erdbeben auf Fuchs. Fuchs kann dem Zauber jedoch ausweichen.<br><br>Flammi: -0 Gesundheit durch Biss<br>Flammi: -2 Gesundheit durch Schlag<br>Ratte greift Flammi mit Biss an. Flammi kann den Angriff jedoch abwehren.<br>Fuchs greift Flammi mit Schlag an. Flammi kann den Angriff jedoch abwehren.<br>Ratte: -5 Gesundheit durch Stich<br>Ratte: -2 Gesundheit durch Erdbeben<br>Flammi greift Ratte erfolgreich mit Stich an.<br><br>Flammi: -2 Gesundheit durch Biss<br>Flammi: -0 Gesundheit durch Biss<br>Ratte greift Flammi mit Biss an. Flammi kann dem Angriff jedoch ausweichen.<br>Ratte: -2 Gesundheit durch Erdbeben<br>Fuchs greift Flammi mit Biss an. Flammi kann den Angriff jedoch abwehren.<br>Ratte greift Flammi mit Biss an. Flammi kann den Angriff jedoch abwehren.<br>Ratte: -2 Gesundheit durch Erdbeben<br>Ratte: -3 Stärke durch Erdbeben<br>Flammi wendet den Zauber Erdbeben erfolgreich auf Ratte an.<br><br>'),
	(185, NULL, '<font color=\'green\'>Gewonnen</font><br><font color=\'red\'>Fuchs stirbt im Kampf.</font><br>Fuchs: -8 Gesundheit durch Biss<br>Fuchs: -2 Gesundheit durch Erdbeben<br>Flammi greift Fuchs erfolgreich mit Biss an.<br><br>Flammi: -1 Gesundheit durch Schlag<br>Fuchs greift Flammi mit Schlag an. Flammi kann den Angriff jedoch abwehren.<br>Fuchs: -8 Gesundheit durch Biss<br>Fuchs: -5 Gesundheit durch Stich<br>Fuchs: -2 Gesundheit durch Erdbeben<br>Flammi greift Fuchs erfolgreich mit Biss an.<br><br>Flammi: -4 Gesundheit durch Schlag<br>Fuchs greift Flammi erfolgreich mit Schlag an.<br>Fuchs: -5 Gesundheit durch Stich<br>Fuchs: -2 Gesundheit durch Erdbeben<br>Flammi greift Fuchs erfolgreich mit Stich an.<br><br>Fuchs greift Flammi mit Biss an. Flammi kann dem Angriff jedoch ausweichen.<br>Fuchs: -3 Gesundheit durch Asteroid<br>Fuchs: -4 Stärke durch Asteroid<br>Fuchs: -2 Gesundheit durch Erdbeben<br>Flammi wendet den Zauber Asteroid erfolgreich auf Fuchs an.<br><br>Fuchs patzt beim Zaubern von Staub auf Flammi.<br>Fuchs: -2 Gesundheit durch Erdbeben<br>Fuchs: -3 Stärke durch Erdbeben<br>Flammi wendet den Zauber Erdbeben erfolgreich auf Fuchs an.<br><br>'),
	(186, NULL, '<font color=\'green\'>Gewonnen</font><br><font color=\'red\'>Fuchs stirbt im Kampf.</font><br>Fuchs: -8 Gesundheit durch Biss<br>Flammi greift Fuchs erfolgreich mit Biss an.<br><br>Fuchs greift Flammi mit Biss an. Flammi kann dem Angriff jedoch ausweichen.<br>Flammi greift Fuchs mit Biss an. Fuchs kann dem Angriff jedoch ausweichen.<br><br>Flammi: -5 Gesundheit durch Schlag<br>Fuchs greift Flammi erfolgreich mit Schlag an.<br>Fuchs: 3 Stärke durch Beendigung von Erdbeben<br>Fuchs: -8 Gesundheit durch Biss<br>Fuchs: -5 Gesundheit durch Stich<br>Fuchs: -2 Gesundheit durch Erdbeben<br>Flammi greift Fuchs erfolgreich mit Biss an.<br><br>Flammi: -5 Gesundheit durch Biss<br>Fuchs greift Flammi erfolgreich mit Biss an.<br>Fuchs: -5 Gesundheit durch Stich<br>Fuchs: -2 Gesundheit durch Erdbeben<br>Flammi greift Fuchs erfolgreich mit Stich an.<br><br>Flammi: -5 Gesundheit durch Biss<br>Fuchs greift Flammi erfolgreich mit Biss an.<br>Fuchs: -2 Gesundheit durch Erdbeben<br>Flammi greift Fuchs mit Stich an. Fuchs kann dem Angriff jedoch ausweichen.<br><br>Flammi: -5 Gesundheit durch Biss<br>Fuchs greift Flammi erfolgreich mit Biss an.<br>Fuchs: -2 Gesundheit durch Erdbeben<br>Flammi greift Fuchs mit Stich an. Fuchs kann dem Angriff jedoch ausweichen.<br><br>Flammi: -5 Gesundheit durch Biss<br>Fuchs greift Flammi erfolgreich mit Biss an.<br>Fuchs: -2 Gesundheit durch Erdbeben<br>Fuchs: -3 Stärke durch Erdbeben<br>Flammi wendet den Zauber Erdbeben erfolgreich auf Fuchs an.<br><br>Fuchs patzt beim Zaubern von Staub auf Flammi.<br>Fuchs: -3 Gesundheit durch Asteroid<br>Fuchs: -4 Stärke durch Asteroid<br>Flammi wendet den Zauber Asteroid erfolgreich auf Fuchs an.<br><br>Flammi: -2 Gesundheit durch Biss<br>Fuchs greift Flammi mit Biss an. Flammi kann den Angriff jedoch abwehren.<br>Flammi zaubert Erdbeben auf Fuchs. Fuchs kann dem Zauber jedoch ausweichen.<br><br>Flammi: -8 Gesundheit durch Biss<br>Fuchs greift Flammi erfolgreich mit Biss an.<br>Flammi zaubert Erdbeben auf Fuchs. Fuchs kann dem Zauber jedoch ausweichen.<br><br>'),
	(187, NULL, '<font color=\'green\'>Gewonnen</font><br><font color=\'red\'>Fuchs stirbt im Kampf.</font><br>Fuchs: -8 Gesundheit durch Biss<br>Fuchs: -5 Gesundheit durch Stich<br>Fuchs: -2 Gesundheit durch Erdbeben<br>Flammi greift Fuchs erfolgreich mit Biss an.<br><br>Flammi: -2 Gesundheit durch Biss<br>Fuchs greift Flammi mit Biss an. Flammi kann den Angriff jedoch abwehren.<br>Fuchs: -5 Gesundheit durch Stich<br>Fuchs: -2 Gesundheit durch Erdbeben<br>Flammi greift Fuchs erfolgreich mit Stich an.<br><br>Flammi: -4 Gesundheit durch Schlag<br>Fuchs greift Flammi erfolgreich mit Schlag an.<br>Fuchs: 3 Stärke durch Beendigung von Erdbeben<br>Fuchs: -2 Gesundheit durch Erdbeben<br>Fuchs: -2 Gesundheit durch Erdbeben<br>Flammi greift Fuchs mit Biss an. Fuchs kann dem Angriff jedoch ausweichen.<br><br>Flammi: -0 Gesundheit durch Biss<br>Fuchs greift Flammi mit Biss an. Flammi kann den Angriff jedoch abwehren.<br>Fuchs: -2 Gesundheit durch Erdbeben<br>Fuchs: -3 Stärke durch Erdbeben<br>Fuchs: -2 Gesundheit durch Erdbeben<br>Flammi wendet den Zauber Erdbeben erfolgreich auf Fuchs an.<br><br>Flammi: -2 Gesundheit durch Biss<br>Fuchs greift Flammi mit Biss an. Flammi kann den Angriff jedoch abwehren.<br>Fuchs: -2 Gesundheit durch Erdbeben<br>Flammi zaubert Erdbeben auf Fuchs. Fuchs kann dem Zauber jedoch ausweichen.<br><br>Flammi: -5 Gesundheit durch Biss<br>Fuchs greift Flammi erfolgreich mit Biss an.<br>Fuchs: -3 Gesundheit durch Asteroid<br>Fuchs: -4 Stärke durch Asteroid<br>Fuchs: -2 Gesundheit durch Erdbeben<br>Flammi wendet den Zauber Asteroid erfolgreich auf Fuchs an.<br><br>Flammi: -2 Gesundheit durch Biss<br>Fuchs greift Flammi mit Biss an. Flammi kann den Angriff jedoch abwehren.<br>Fuchs: -2 Gesundheit durch Erdbeben<br>Fuchs: -3 Stärke durch Erdbeben<br>Flammi wendet den Zauber Erdbeben erfolgreich auf Fuchs an.<br><br>'),
	(188, NULL, '<font color=\'green\'>Gewonnen</font><br>Flammi: -0 Gesundheit durch Staub<br><font color=\'red\'>Fuchs stirbt im Kampf.</font><br>Fuchs: -8 Gesundheit durch Biss<br>Flammi greift Fuchs erfolgreich mit Biss an.<br><br>Flammi: -4 Gesundheit durch Biss<br>Flammi: -0 Gesundheit durch Staub<br>Fuchs greift Flammi erfolgreich mit Biss an.<br>Fuchs: -8 Gesundheit durch Biss<br>Flammi greift Fuchs erfolgreich mit Biss an.<br><br>Flammi: -0 Gesundheit durch Staub<br>Fuchs wendet den Zauber Staub erfolgreich auf Flammi an.<br>Fuchs: -5 Gesundheit durch Stich<br>Flammi greift Fuchs mit Biss an. Fuchs kann dem Angriff jedoch ausweichen.<br><br>Flammi: -1 Gesundheit durch Biss<br>Fuchs greift Flammi mit Biss an. Flammi kann den Angriff jedoch abwehren.<br>Fuchs: -5 Gesundheit durch Stich<br>Fuchs: -5 Gesundheit durch Stich<br>Flammi greift Fuchs erfolgreich mit Stich an.<br><br>Flammi: -4 Gesundheit durch Biss<br>Fuchs greift Flammi erfolgreich mit Biss an.<br>Fuchs: -5 Gesundheit durch Stich<br>Flammi greift Fuchs erfolgreich mit Stich an.<br><br>Flammi: -3 Gesundheit durch Schlag<br>Fuchs greift Flammi erfolgreich mit Schlag an.<br>Flammi greift Fuchs mit Stich an. Fuchs kann dem Angriff jedoch ausweichen.<br><br>Flammi: -4 Gesundheit durch Biss<br>Fuchs greift Flammi erfolgreich mit Biss an.<br>Fuchs: -3 Gesundheit durch Asteroid<br>Fuchs: -4 Stärke durch Asteroid<br>Flammi wendet den Zauber Asteroid erfolgreich auf Fuchs an.<br><br>Flammi: -5 Gesundheit durch Schlag<br>Fuchs greift Flammi erfolgreich mit Schlag an.<br>Fuchs: -3 Gesundheit durch Asteroid<br>Fuchs: -4 Stärke durch Asteroid<br>Flammi wendet den Zauber Asteroid erfolgreich auf Fuchs an.<br><br>'),
	(189, NULL, '<font color=\'green\'>Gewonnen</font><br><font color=\'red\'>Fuchs stirbt im Kampf.</font><br>Fuchs: -5 Gesundheit durch Stich<br>Flammi greift Fuchs mit Biss an. Fuchs kann dem Angriff jedoch ausweichen.<br><br>Flammi: -0 Gesundheit durch Biss<br>Fuchs greift Flammi erfolgreich mit Biss an.<br>Fuchs: -5 Gesundheit durch Stich<br>Fuchs: -5 Gesundheit durch Stich<br>Flammi greift Fuchs erfolgreich mit Stich an.<br><br>Flammi: -0 Gesundheit durch Biss<br>Fuchs greift Flammi erfolgreich mit Biss an.<br>Fuchs: -5 Gesundheit durch Stich<br>Flammi greift Fuchs erfolgreich mit Stich an.<br><br>Flammi: -0 Gesundheit durch Biss<br>Fuchs greift Flammi mit Biss an. Flammi kann den Angriff jedoch abwehren.<br>Flammi greift Fuchs mit Stich an. Fuchs kann dem Angriff jedoch ausweichen.<br><br>Flammi: -0 Gesundheit durch Biss<br>Fuchs greift Flammi erfolgreich mit Biss an.<br>Flammi greift Fuchs mit Stich an. Fuchs kann dem Angriff jedoch ausweichen.<br><br>Flammi: -0 Gesundheit durch Schlag<br>Fuchs greift Flammi erfolgreich mit Schlag an.<br>Fuchs: -5 Gesundheit durch Stich<br>Flammi greift Fuchs mit Stich an. Fuchs kann dem Angriff jedoch ausweichen.<br><br>Flammi: -0 Gesundheit durch Biss<br>Fuchs greift Flammi erfolgreich mit Biss an.<br>Fuchs: -5 Gesundheit durch Stich<br>Flammi greift Fuchs erfolgreich mit Stich an.<br><br>Flammi: -0 Gesundheit durch Biss<br>Fuchs greift Flammi erfolgreich mit Biss an.<br>Fuchs: -3 Gesundheit durch Asteroid<br>Fuchs: -4 Stärke durch Asteroid<br>Flammi wendet den Zauber Asteroid erfolgreich auf Fuchs an.<br><br>Fuchs greift Flammi mit Biss an. Flammi kann dem Angriff jedoch ausweichen.<br>Flammi zaubert Asteroid auf Fuchs. Fuchs kann dem Zauber jedoch ausweichen.<br><br>Flammi: -4 Gesundheit durch Biss<br>Fuchs greift Flammi erfolgreich mit Biss an.<br>Fuchs: -3 Gesundheit durch Asteroid<br>Fuchs: -4 Stärke durch Asteroid<br>Flammi wendet den Zauber Asteroid erfolgreich auf Fuchs an.<br><br>Flammi: -5 Gesundheit durch Schlag<br>Fuchs greift Flammi erfolgreich mit Schlag an.<br>Fuchs: -3 Gesundheit durch Asteroid<br>Fuchs: -4 Stärke durch Asteroid<br>Flammi wendet den Zauber Asteroid erfolgreich auf Fuchs an.<br><br>'),
	(190, NULL, '<font color=\'green\'>Gewonnen</font><br><font color=\'red\'>Fuchs stirbt im Kampf.</font><br>Fuchs: -5 Gesundheit durch Stich<br>Fuchs: -2 Gesundheit durch Erdbeben<br>Flammi greift Fuchs erfolgreich mit Stich an.<br><br>Fuchs patzt Ausführen von Biss auf Flammi.<br>Fuchs: -5 Gesundheit durch Stich<br>Fuchs: -5 Gesundheit durch Stich<br>Fuchs: -2 Gesundheit durch Erdbeben<br>Flammi greift Fuchs erfolgreich mit Stich an.<br><br>Flammi: -0 Gesundheit durch Schlag<br>Fuchs greift Flammi erfolgreich mit Schlag an.<br>Fuchs: -5 Gesundheit durch Stich<br>Fuchs: -2 Gesundheit durch Erdbeben<br>Flammi greift Fuchs erfolgreich mit Stich an.<br><br>Flammi: -0 Gesundheit durch Staub<br>Fuchs patzt Ausführen von Schlag auf Flammi.<br>Fuchs: -2 Gesundheit durch Erdbeben<br>Flammi greift Fuchs mit Stich an. Fuchs kann dem Angriff jedoch ausweichen.<br><br>Flammi: -0 Gesundheit durch Schlag<br>Flammi: -0 Gesundheit durch Staub<br>Fuchs greift Flammi erfolgreich mit Schlag an.<br>Fuchs: -2 Gesundheit durch Erdbeben<br>Fuchs: -3 Stärke durch Erdbeben<br>Flammi wendet den Zauber Erdbeben erfolgreich auf Fuchs an.<br><br>Flammi: -0 Gesundheit durch Staub<br>Fuchs wendet den Zauber Staub erfolgreich auf Flammi an.<br>Fuchs: -3 Gesundheit durch Asteroid<br>Fuchs: -4 Stärke durch Asteroid<br>Flammi wendet den Zauber Asteroid erfolgreich auf Fuchs an.<br><br>Flammi: -1 Gesundheit durch Biss<br>Fuchs greift Flammi mit Biss an. Flammi kann den Angriff jedoch abwehren.<br>Fuchs: -3 Gesundheit durch Asteroid<br>Fuchs: -4 Stärke durch Asteroid<br>Flammi wendet den Zauber Asteroid erfolgreich auf Fuchs an.<br><br>Flammi: -5 Gesundheit durch Schlag<br>Fuchs greift Flammi erfolgreich mit Schlag an.<br>Fuchs: -3 Gesundheit durch Asteroid<br>Fuchs: -4 Stärke durch Asteroid<br>Flammi wendet den Zauber Asteroid erfolgreich auf Fuchs an.<br><br>'),
	(191, NULL, '<font color=\'green\'>Gewonnen</font><br><font color=\'red\'>Fuchs stirbt im Kampf.</font><br>Fuchs: -5 Gesundheit durch Stich<br>Flammi greift Fuchs erfolgreich mit Biss an.<br><br>Flammi: -4 Gesundheit durch Biss<br>Fuchs greift Flammi erfolgreich mit Biss an.<br>Fuchs: -5 Gesundheit durch Stich<br>Fuchs: -5 Gesundheit durch Stich<br>Flammi greift Fuchs mit Stich an. Fuchs kann den Angriff jedoch abwehren.<br><br>Flammi: -1 Gesundheit durch Biss<br>Flammi: -0 Gesundheit durch Staub<br>Fuchs greift Flammi mit Biss an. Flammi kann den Angriff jedoch abwehren.<br>Fuchs: -5 Gesundheit durch Stich<br>Fuchs: -5 Gesundheit durch Stich<br>Flammi greift Fuchs erfolgreich mit Stich an.<br><br>Flammi: -0 Gesundheit durch Staub<br>Fuchs greift Flammi mit Schlag an. Flammi kann dem Angriff jedoch ausweichen.<br>Fuchs: -5 Gesundheit durch Stich<br>Flammi greift Fuchs erfolgreich mit Stich an.<br><br>Flammi: -0 Gesundheit durch Staub<br>Fuchs wendet den Zauber Staub erfolgreich auf Flammi an.<br>Fuchs: -3 Gesundheit durch Asteroid<br>Fuchs: -4 Stärke durch Asteroid<br>Flammi wendet den Zauber Asteroid erfolgreich auf Fuchs an.<br><br>Flammi: -5 Gesundheit durch Schlag<br>Fuchs greift Flammi erfolgreich mit Schlag an.<br>Fuchs: -3 Gesundheit durch Asteroid<br>Fuchs: -4 Stärke durch Asteroid<br>Flammi wendet den Zauber Asteroid erfolgreich auf Fuchs an.<br><br>'),
	(192, NULL, '<font color=\'green\'>Gewonnen</font><br><font color=\'red\'>Schwein stirbt im Kampf.</font><br>Schwein: -8 Gesundheit durch Biss<br>Flammi greift Schwein erfolgreich mit Biss an.<br><br>Schwein: -8 Gesundheit durch Biss<br>Flammi greift Schwein erfolgreich mit Biss an.<br><br>Schwein: -8 Gesundheit durch Biss<br>Flammi greift Schwein erfolgreich mit Biss an.<br><br>'),
	(193, NULL, '<font color=\'green\'>Gewonnen</font><br><font color=\'red\'>Hase stirbt im Kampf.</font><br>Hase: -5 Gesundheit durch Stich<br>Flammi greift Hase erfolgreich mit Biss an.<br><br>Flammi: -8 Gesundheit durch Biss<br>Hase greift Flammi erfolgreich mit Biss an.<br>Hase: -5 Gesundheit durch Stich<br>Hase: -5 Gesundheit durch Stich<br>Flammi greift Hase erfolgreich mit Stich an.<br><br>Flammi: -2 Gesundheit durch Biss<br>Hase greift Flammi mit Biss an. Flammi kann den Angriff jedoch abwehren.<br>Hase: -5 Gesundheit durch Stich<br>Flammi greift Hase erfolgreich mit Stich an.<br><br>Hase greift Flammi mit Biss an. Flammi kann dem Angriff jedoch ausweichen.<br>Flammi greift Hase mit Stich an. Hase kann dem Angriff jedoch ausweichen.<br><br>Flammi: -8 Gesundheit durch Biss<br>Hase greift Flammi erfolgreich mit Biss an.<br>Flammi greift Hase mit Stich an. Hase kann dem Angriff jedoch ausweichen.<br><br>'),
	(194, NULL, '<font color=\'red\'>Verloren</font><br><font color=\'red\'>Flammi stirbt im Kampf.</font><br>Flammi: -3 Gesundheit durch Schlag<br>Flammi: -3 Gesundheit durch Schlag<br>Osterhase greift Flammi erfolgreich mit Schlag an.<br>Osterhase greift Flammi erfolgreich mit Schlag an.<br>Osterhase greift Flammi mit Schlag an. Flammi kann den Angriff jedoch abwehren.<br>Osterhase greift Flammi erfolgreich mit Schlag an.<br>Osterhase greift Flammi erfolgreich mit Schlag an.<br>Flammi zaubert Asteroid auf Osterhase. Osterhase kann dem Zauber jedoch ausweichen.<br><br>Flammi: -3 Gesundheit durch Schlag<br>Flammi: -3 Gesundheit durch Schlag<br>Osterhase greift Flammi erfolgreich mit Schlag an.<br>Osterhase greift Flammi erfolgreich mit Schlag an.<br>Osterhase patzt Ausführen von Schlag auf Flammi.<br>Osterhase patzt Ausführen von Schlag auf Flammi.<br>Flammi zaubert Asteroid auf Osterhase. Osterhase kann dem Zauber jedoch ausweichen.<br><br>Flammi: -3 Gesundheit durch Schlag<br>Flammi: -3 Gesundheit durch Schlag<br>Flammi: -1 Gesundheit durch Schlag<br>Flammi: -3 Gesundheit durch Schlag<br>Flammi: -1 Gesundheit durch Schlag<br>Osterhase greift Flammi erfolgreich mit Schlag an.<br>Osterhase greift Flammi erfolgreich mit Schlag an.<br>Osterhase greift Flammi mit Schlag an. Flammi kann den Angriff jedoch abwehren.<br>Osterhase greift Flammi erfolgreich mit Schlag an.<br>Osterhase greift Flammi mit Schlag an. Flammi kann den Angriff jedoch abwehren.<br>Flammi greift Osterhase mit Stich an. Osterhase kann dem Angriff jedoch ausweichen.<br><br>Flammi: -1 Gesundheit durch Schlag<br>Flammi: -1 Gesundheit durch Schlag<br>Flammi: -1 Gesundheit durch Schlag<br>Flammi: -1 Gesundheit durch Schlag<br>Flammi: -3 Gesundheit durch Schlag<br>Osterhase greift Flammi mit Schlag an. Flammi kann den Angriff jedoch abwehren.<br>Osterhase greift Flammi mit Schlag an. Flammi kann den Angriff jedoch abwehren.<br>Osterhase greift Flammi mit Schlag an. Flammi kann den Angriff jedoch abwehren.<br>Osterhase greift Flammi mit Schlag an. Flammi kann den Angriff jedoch abwehren.<br>Osterhase greift Flammi erfolgreich mit Schlag an.<br>Flammi greift Osterhase mit Stich an. Osterhase kann dem Angriff jedoch ausweichen.<br><br>Flammi: -3 Gesundheit durch Schlag<br>Flammi: -1 Gesundheit durch Schlag<br>Flammi: -3 Gesundheit durch Schlag<br>Flammi: -3 Gesundheit durch Schlag<br>Flammi: -3 Gesundheit durch Schlag<br>Flammi: -3 Gesundheit durch Schlag<br>Flammi: -3 Gesundheit durch Schlag<br>Osterhase greift Flammi erfolgreich mit Schlag an.<br>Osterhase greift Flammi mit Schlag an. Flammi kann den Angriff jedoch abwehren.<br>Osterhase greift Flammi mit Schlag an. Flammi kann dem Angriff jedoch ausweichen.<br>Osterhase patzt Ausführen von Schlag auf Flammi.<br>Osterhase greift Flammi erfolgreich mit Schlag an.<br>Osterhase greift Flammi erfolgreich mit Schlag an.<br>Osterhase greift Flammi erfolgreich mit Schlag an.<br>Osterhase greift Flammi erfolgreich mit Schlag an.<br>Osterhase greift Flammi erfolgreich mit Schlag an.<br>Flammi greift Osterhase mit Stich an. Osterhase kann dem Angriff jedoch ausweichen.<br><br>'),
	(195, NULL, NULL),
	(196, NULL, '<font color=\'red\'>Verloren</font><br><font color=\'red\'>Flammi stirbt im Kampf.</font><br>Flammi: -22 Gesundheit durch Biss<br>Löwe: -1 Abwehr durch Beendigung von Sandhöhle<br>Löwe: -1 Ausweichen durch Beendigung von Sandhöhle<br>Löwe: -3 Stärke durch Beendigung von Sandhöhle<br>Löwe greift Flammi erfolgreich mit Biss an.<br>Löwe: -8 Gesundheit durch Biss<br>Löwe: -2 Gesundheit durch Stich<br>Löwe: -2 Gesundheit durch Erdbeben<br>Flammi greift Löwe erfolgreich mit Biss an.<br><br>Flammi: -22 Gesundheit durch Biss<br>Löwe: 3 Gesundheit durch Sandhöhle<br>Löwe greift Flammi erfolgreich mit Biss an.<br>Löwe: -2 Gesundheit durch Stich<br>Löwe: -2 Gesundheit durch Erdbeben<br>Flammi greift Löwe mit Stich an. Löwe kann den Angriff jedoch abwehren.<br><br>Flammi: -18 Gesundheit durch Schlag<br>Löwe: 3 Gesundheit durch Sandhöhle<br>Löwe greift Flammi erfolgreich mit Schlag an.<br>Löwe: -2 Gesundheit durch Erdbeben<br>Löwe: -3 Stärke durch Erdbeben<br>Flammi wendet den Zauber Erdbeben erfolgreich auf Löwe an.<br><br>Löwe: 1 Abwehr durch Sandhöhle<br>Löwe: 1 Ausweichen durch Sandhöhle<br>Löwe: 3 Gesundheit durch Sandhöhle<br>Löwe: 3 Stärke durch Sandhöhle<br>Löwe wendet den Zauber Sandhöhle erfolgreich auf sich selbst an.<br>Löwe: -3 Gesundheit durch Asteroid<br>Löwe: -4 Stärke durch Asteroid<br>Flammi wendet den Zauber Asteroid erfolgreich auf Löwe an.<br><br>'),
	(197, NULL, '<font color=\'green\'>Gewonnen</font><br><font color=\'red\'>Ratte stirbt im Kampf.</font><br>Ratte: -5 Gesundheit durch Stich<br>Ratte: -2 Gesundheit durch Erdbeben<br>Flammi greift Ratte erfolgreich mit Biss an.<br><br>Ratte greift Flammi mit Biss an. Flammi kann dem Angriff jedoch ausweichen.<br>Ratte: -5 Gesundheit durch Stich<br>Ratte: -2 Gesundheit durch Erdbeben<br>Flammi greift Ratte erfolgreich mit Stich an.<br><br>Flammi: -0 Gesundheit durch Biss<br>Flammi: -0 Gesundheit durch Biss<br>Ratte greift Flammi mit Biss an. Flammi kann den Angriff jedoch abwehren.<br>Ratte: -2 Gesundheit durch Erdbeben<br>Ratte greift Flammi erfolgreich mit Biss an.<br>Ratte: -2 Gesundheit durch Erdbeben<br>Ratte: -3 Stärke durch Erdbeben<br>Flammi wendet den Zauber Erdbeben erfolgreich auf Ratte an.<br><br>'),
	(198, NULL, '<font color=\'green\'>Gewonnen</font><br><font color=\'red\'>Erdmännchen stirbt im Kampf.</font><br>Erdmännchen: -5 Gesundheit durch Stich<br>Flammi patzt Ausführen von Biss auf Erdmännchen.<br><br>Erdmännchen greift Flammi mit Schlag an. Flammi kann dem Angriff jedoch ausweichen.<br>Erdmännchen: -5 Gesundheit durch Stich<br>Flammi greift Erdmännchen erfolgreich mit Stich an.<br><br>Flammi: -3 Gesundheit durch Biss<br>Erdmännchen greift Flammi erfolgreich mit Biss an.<br>Erdmännchen greift Flammi mit Biss an. Flammi kann dem Angriff jedoch ausweichen.<br>Erdmännchen: -3 Gesundheit durch Asteroid<br>Erdmännchen: -4 Stärke durch Asteroid<br>Flammi wendet den Zauber Asteroid erfolgreich auf Erdmännchen an.<br><br>'),
	(199, NULL, '<font color=\'green\'>Gewonnen</font><br>Flammi: -5 Gesundheit durch Stich<br>Flammi: -4 Gesundheit durch Gift<br><font color=\'red\'>Skorpion stirbt im Kampf.</font><br>Skorpion: -7 Gesundheit durch Biss<br>Skorpion: -4 Gesundheit durch Stich<br>Flammi greift Skorpion erfolgreich mit Biss an.<br><br>Flammi: -5 Gesundheit durch Stich<br>Flammi: -4 Gesundheit durch Gift<br>Skorpion greift Flammi erfolgreich mit Stich an.<br>Skorpion: -4 Gesundheit durch Stich<br>Flammi greift Skorpion erfolgreich mit Stich an.<br><br>Flammi: -4 Gesundheit durch Gift<br>Flammi: -4 Magie durch Gift<br>Flammi: -4 Intelligenz durch Gift<br>Flammi: -4 Stärke durch Gift<br>Flammi: -5 Gesundheit durch Stich<br>Skorpion wendet den Zauber Gift erfolgreich auf Flammi an.<br>Skorpion: -8 Gesundheit durch Biss<br>Flammi greift Skorpion erfolgreich mit Biss an.<br><br>Flammi: -5 Gesundheit durch Stich<br>Skorpion greift Flammi erfolgreich mit Stich an.<br>Flammi greift Skorpion mit Biss an. Skorpion kann dem Angriff jedoch ausweichen.<br><br>'),
	(200, NULL, '<font color=\'red\'>Verloren</font><br><font color=\'red\'>Flammi stirbt im Kampf.</font><br>Flammi: -20 Gesundheit durch Ölbrand<br>Flammi: -10 Gesundheit durch Flamme<br>Feuerteufel wendet den Zauber Ölbrand erfolgreich auf Flammi an.<br>Feuerteufel: -2 Gesundheit durch Erdbeben<br>Feuerteufel: -3 Stärke durch Erdbeben<br>Feuerteufel: -1 Abwehr durch Feuerschneise<br>Feuerteufel: -2 Gesundheit durch Feuerschneise<br>Feuerteufel: -3 Magie durch Feuerschneise<br>Feuerteufel: -2 Stärke durch Feuerschneise<br>Flammi wendet den Zauber Erdbeben erfolgreich auf Feuerteufel an.<br><br>Flammi: -10 Gesundheit durch Flamme<br>Flammi: -10 Gesundheit durch Flamme<br>Feuerteufel wendet den Zauber Flamme erfolgreich auf Flammi an.<br>Feuerteufel: -1 Abwehr durch Feuerschneise<br>Feuerteufel: -2 Gesundheit durch Feuerschneise<br>Feuerteufel: -3 Magie durch Feuerschneise<br>Feuerteufel: -2 Stärke durch Feuerschneise<br>Flammi greift Feuerteufel mit Biss an. Feuerteufel kann dem Angriff jedoch ausweichen.<br><br>Flammi: -10 Gesundheit durch Flamme<br>Feuerteufel wendet den Zauber Flamme erfolgreich auf Flammi an.<br>Feuerteufel: -1 Abwehr durch Feuerschneise<br>Feuerteufel: -2 Gesundheit durch Feuerschneise<br>Feuerteufel: -3 Magie durch Feuerschneise<br>Feuerteufel: -2 Stärke durch Feuerschneise<br>Flammi wendet den Zauber Feuerschneise erfolgreich auf Feuerteufel an.<br><br>');
/*!40000 ALTER TABLE `kampf` ENABLE KEYS */;

-- Exportiere Struktur von Tabelle db_dvg.kampf_aktion
DROP TABLE IF EXISTS `kampf_aktion`;
CREATE TABLE IF NOT EXISTS `kampf_aktion` (
  `id` int(10) NOT NULL AUTO_INCREMENT,
  `kampf_id` int(10) NOT NULL,
  `timer` float NOT NULL,
  `kampf_teilnehmer_id` int(10) NOT NULL,
  `ziel_kampf_teilnehmer_id` int(10) NOT NULL,
  `zauber_id` int(10) NOT NULL,
  `angriff_erfolg` tinyint(1) NOT NULL,
  `ausweichen_erfolg` tinyint(1) NOT NULL,
  `abwehr_erfolg` tinyint(1) NOT NULL,
  `zauberpunkte_verbrauch` int(10) unsigned NOT NULL,
  `timer_verbrauch` float unsigned NOT NULL,
  `zeitpunkt` datetime NOT NULL,
  PRIMARY KEY (`id`),
  KEY `kampf_id` (`kampf_id`),
  KEY `kampf_teilnehmer_id` (`kampf_teilnehmer_id`),
  KEY `zauber_id` (`zauber_id`),
  KEY `ziel_kampf_teilnehmer_id` (`ziel_kampf_teilnehmer_id`),
  CONSTRAINT `FK_kampf_aktion_kampf` FOREIGN KEY (`kampf_id`) REFERENCES `kampf` (`id`),
  CONSTRAINT `FK_kampf_aktion_kampf_teilnehmer` FOREIGN KEY (`kampf_teilnehmer_id`) REFERENCES `kampf_teilnehmer` (`id`),
  CONSTRAINT `FK_kampf_aktion_kampf_teilnehmer_2` FOREIGN KEY (`ziel_kampf_teilnehmer_id`) REFERENCES `kampf_teilnehmer` (`id`),
  CONSTRAINT `FK_kampf_aktion_zauber` FOREIGN KEY (`zauber_id`) REFERENCES `zauber` (`id`)
) ENGINE=InnoDB AUTO_INCREMENT=2418 DEFAULT CHARSET=utf8 COLLATE=utf8_unicode_ci COMMENT='Aktionen die von Spielern oder NPCs in einem Kampf ausgeführt werden';

-- Exportiere Daten aus Tabelle db_dvg.kampf_aktion: ~2.089 rows (ungefähr)
DELETE FROM `kampf_aktion`;
/*!40000 ALTER TABLE `kampf_aktion` DISABLE KEYS */;
INSERT INTO `kampf_aktion` (`id`, `kampf_id`, `timer`, `kampf_teilnehmer_id`, `ziel_kampf_teilnehmer_id`, `zauber_id`, `angriff_erfolg`, `ausweichen_erfolg`, `abwehr_erfolg`, `zauberpunkte_verbrauch`, `timer_verbrauch`, `zeitpunkt`) VALUES
	(329, 89, 95.238, 143, 144, 77, 1, 0, 0, 0, 95.238, '2019-09-17 18:55:51'),
	(330, 89, 95.238, 144, 143, 77, 0, 0, 0, 0, 95.238, '2019-09-17 18:55:51'),
	(331, 89, 190.476, 143, 144, 77, 0, 0, 1, 0, 95.238, '2019-09-17 18:56:20'),
	(332, 89, 190.476, 144, 143, 77, 1, 1, 1, 0, 95.238, '2019-09-17 18:56:20'),
	(333, 89, 285.714, 143, 144, 77, 1, 0, 0, 0, 95.238, '2019-09-17 18:56:28'),
	(334, 89, 285.714, 144, 143, 77, 1, 0, 0, 0, 95.238, '2019-09-17 18:56:28'),
	(335, 89, 380.952, 143, 144, 77, 1, 0, 0, 0, 95.238, '2019-09-17 18:56:37'),
	(336, 89, 380.952, 144, 143, 77, 1, 0, 0, 0, 95.238, '2019-09-17 18:56:37'),
	(337, 89, 476.19, 143, 144, 77, 1, 0, 0, 0, 95.238, '2019-09-17 18:56:41'),
	(338, 89, 476.19, 144, 143, 77, 1, 0, 0, 0, 95.238, '2019-09-17 18:56:41'),
	(339, 89, 571.428, 143, 144, 77, 1, 0, 0, 0, 95.238, '2019-09-17 18:56:45'),
	(340, 89, 571.428, 144, 143, 77, 1, 1, 0, 0, 95.238, '2019-09-17 18:56:45'),
	(341, 89, 666.666, 143, 144, 77, 1, 0, 0, 0, 95.238, '2019-09-17 18:56:49'),
	(342, 89, 666.666, 144, 143, 77, 1, 0, 0, 0, 95.238, '2019-09-17 18:56:49'),
	(343, 89, 761.904, 143, 144, 77, 1, 1, 0, 0, 95.238, '2019-09-17 18:56:53'),
	(344, 89, 761.904, 144, 143, 77, 1, 0, 0, 0, 95.238, '2019-09-17 18:56:53'),
	(345, 89, 857.142, 143, 144, 77, 1, 0, 0, 0, 95.238, '2019-09-17 18:56:55'),
	(346, 89, 857.142, 144, 143, 77, 1, 0, 0, 0, 95.238, '2019-09-17 18:56:55'),
	(347, 89, 952.38, 143, 144, 77, 0, 0, 0, 0, 95.238, '2019-09-17 18:56:58'),
	(348, 89, 952.38, 144, 143, 77, 1, 0, 1, 0, 95.238, '2019-09-17 18:56:58'),
	(349, 89, 1047.62, 143, 144, 77, 1, 0, 0, 0, 95.238, '2019-09-17 18:57:01'),
	(350, 89, 1047.62, 144, 143, 77, 1, 0, 1, 0, 95.238, '2019-09-17 18:57:01'),
	(351, 90, 95.238, 145, 146, 77, 1, 0, 0, 0, 95.238, '2019-09-17 19:03:17'),
	(352, 90, 95.238, 146, 145, 77, 1, 1, 1, 0, 95.238, '2019-09-17 19:03:17'),
	(353, 90, 190.476, 145, 146, 77, 1, 1, 0, 0, 95.238, '2019-09-17 19:03:19'),
	(354, 90, 190.476, 146, 145, 77, 1, 0, 0, 0, 95.238, '2019-09-17 19:03:19'),
	(355, 90, 285.714, 145, 146, 77, 1, 0, 0, 0, 95.238, '2019-09-17 19:03:20'),
	(356, 90, 285.714, 146, 145, 77, 1, 0, 1, 0, 95.238, '2019-09-17 19:03:20'),
	(357, 90, 380.952, 145, 146, 77, 1, 0, 0, 0, 95.238, '2019-09-17 19:03:23'),
	(358, 90, 380.952, 146, 145, 77, 1, 0, 1, 0, 95.238, '2019-09-17 19:03:23'),
	(359, 90, 476.19, 145, 146, 77, 1, 1, 0, 0, 95.238, '2019-09-17 19:03:25'),
	(360, 90, 476.19, 146, 145, 77, 1, 1, 0, 0, 95.238, '2019-09-17 19:03:25'),
	(361, 90, 571.428, 145, 146, 77, 1, 0, 0, 0, 95.238, '2019-09-17 19:03:26'),
	(362, 90, 571.428, 146, 145, 77, 1, 0, 1, 0, 95.238, '2019-09-17 19:03:26'),
	(363, 90, 666.666, 145, 146, 77, 1, 0, 0, 0, 95.238, '2019-09-17 19:03:28'),
	(364, 90, 666.666, 146, 145, 77, 1, 0, 1, 0, 95.238, '2019-09-17 19:03:28'),
	(365, 90, 761.904, 145, 146, 77, 1, 0, 0, 0, 95.238, '2019-09-17 19:03:29'),
	(366, 90, 761.904, 146, 145, 77, 0, 0, 0, 0, 95.238, '2019-09-17 19:03:29'),
	(367, 90, 857.142, 145, 146, 77, 1, 0, 0, 0, 95.238, '2019-09-17 19:03:31'),
	(368, 90, 857.142, 146, 145, 77, 1, 0, 0, 0, 95.238, '2019-09-17 19:03:31'),
	(369, 91, 95.238, 147, 148, 16, 1, 0, 0, 5, 95.238, '2019-09-17 19:20:49'),
	(370, 91, 95.238, 148, 147, 77, 1, 0, 0, 0, 95.238, '2019-09-17 19:20:49'),
	(371, 91, 190.476, 147, 147, 75, 1, 0, 0, 4, 95.238, '2019-09-17 19:21:21'),
	(372, 91, 190.476, 148, 147, 77, 1, 1, 0, 0, 95.238, '2019-09-17 19:21:21'),
	(373, 91, 285.714, 147, 148, 16, 1, 1, 0, 5, 90.909, '2019-09-17 19:21:31'),
	(374, 91, 285.714, 148, 147, 77, 1, 1, 0, 0, 90.909, '2019-09-17 19:21:31'),
	(375, 91, 376.623, 147, 148, 19, 1, 0, 0, 3, 86.956, '2019-09-17 19:21:48'),
	(376, 91, 376.623, 148, 147, 77, 1, 0, 1, 0, 90.909, '2019-09-17 19:21:48'),
	(377, 91, 463.579, 147, 148, 77, 1, 1, 0, 0, 86.956, '2019-09-17 19:21:55'),
	(378, 91, 467.532, 148, 147, 77, 1, 0, 0, 0, 90.909, '2019-09-17 19:21:55'),
	(379, 91, 550.535, 147, 148, 77, 1, 1, 0, 0, 86.956, '2019-09-17 19:21:57'),
	(380, 91, 558.441, 148, 147, 77, 1, 0, 0, 0, 90.909, '2019-09-17 19:21:57'),
	(381, 91, 637.491, 147, 148, 77, 1, 0, 0, 0, 86.956, '2019-09-17 19:21:59'),
	(382, 91, 649.35, 148, 147, 77, 1, 0, 1, 0, 90.909, '2019-09-17 19:21:59'),
	(383, 91, 724.447, 147, 148, 77, 1, 0, 0, 0, 86.956, '2019-09-17 19:22:01'),
	(384, 91, 740.259, 148, 147, 77, 1, 0, 0, 0, 90.909, '2019-09-17 19:22:01'),
	(385, 91, 811.403, 147, 148, 77, 1, 0, 0, 0, 86.956, '2019-09-17 19:22:04'),
	(386, 91, 831.168, 148, 147, 77, 1, 0, 0, 0, 90.909, '2019-09-17 19:22:04'),
	(387, 91, 898.359, 147, 148, 77, 1, 0, 0, 0, 86.956, '2019-09-17 19:22:11'),
	(388, 92, 95.238, 149, 150, 16, 1, 0, 0, 5, 95.238, '2019-09-17 19:24:23'),
	(389, 92, 95.238, 150, 149, 77, 1, 0, 0, 0, 100, '2019-09-17 19:24:23'),
	(390, 92, 190.476, 149, 150, 77, 1, 1, 0, 0, 95.238, '2019-09-17 19:24:40'),
	(391, 92, 195.238, 150, 149, 77, 1, 0, 0, 0, 100, '2019-09-17 19:24:40'),
	(392, 92, 285.714, 149, 150, 77, 1, 1, 0, 0, 95.238, '2019-09-17 19:24:49'),
	(393, 92, 295.238, 150, 149, 77, 1, 0, 0, 0, 95.238, '2019-09-17 19:24:49'),
	(394, 92, 380.952, 149, 150, 77, 1, 0, 0, 0, 95.238, '2019-09-17 19:24:53'),
	(395, 92, 390.476, 150, 149, 77, 1, 0, 0, 0, 95.238, '2019-09-17 19:24:53'),
	(396, 92, 476.19, 149, 149, 75, 1, 0, 0, 4, 95.238, '2019-09-17 19:24:57'),
	(397, 92, 485.714, 150, 149, 77, 1, 0, 1, 0, 95.238, '2019-09-17 19:24:57'),
	(398, 92, 571.428, 149, 150, 77, 1, 1, 0, 0, 90.909, '2019-09-17 19:25:02'),
	(399, 92, 580.952, 150, 149, 77, 1, 0, 1, 0, 95.238, '2019-09-17 19:25:02'),
	(400, 92, 662.337, 149, 150, 77, 1, 0, 0, 0, 86.956, '2019-09-17 19:25:04'),
	(401, 92, 676.19, 150, 149, 77, 1, 0, 0, 0, 95.238, '2019-09-17 19:25:04'),
	(402, 92, 749.293, 149, 150, 77, 1, 1, 0, 0, 86.956, '2019-09-17 19:25:06'),
	(403, 92, 771.428, 150, 149, 77, 1, 1, 1, 0, 95.238, '2019-09-17 19:25:06'),
	(404, 92, 836.249, 149, 150, 77, 1, 1, 0, 0, 86.956, '2019-09-17 19:25:07'),
	(405, 92, 866.666, 150, 149, 77, 1, 0, 0, 0, 95.238, '2019-09-17 19:25:07'),
	(406, 92, 923.205, 149, 150, 77, 1, 0, 0, 0, 86.956, '2019-09-17 19:25:09'),
	(407, 92, 961.904, 150, 149, 77, 1, 0, 0, 0, 95.238, '2019-09-17 19:25:09'),
	(408, 92, 1010.16, 149, 150, 77, 1, 0, 0, 0, 86.956, '2019-09-17 19:25:10'),
	(409, 92, 1057.14, 150, 149, 77, 1, 0, 1, 0, 95.238, '2019-09-17 19:25:10'),
	(410, 92, 1097.12, 149, 150, 77, 0, 1, 0, 0, 86.956, '2019-09-17 19:25:12'),
	(411, 92, 1152.38, 150, 149, 77, 0, 0, 0, 0, 95.238, '2019-09-17 19:25:12'),
	(412, 92, 1184.08, 149, 150, 77, 1, 0, 0, 0, 86.956, '2019-09-17 19:25:13'),
	(413, 92, 1247.62, 150, 149, 77, 1, 0, 1, 0, 95.238, '2019-09-17 19:25:14'),
	(414, 92, 1271.04, 149, 150, 77, 1, 0, 0, 0, 86.956, '2019-09-17 19:25:15'),
	(415, 92, 1342.86, 150, 149, 77, 1, 0, 1, 0, 95.238, '2019-09-17 19:25:15'),
	(416, 93, 95.238, 152, 151, 77, 1, 0, 1, 0, 95.238, '2019-09-17 19:31:57'),
	(417, 93, 190.476, 152, 151, 77, 1, 0, 0, 0, 95.238, '2019-09-17 19:32:05'),
	(418, 93, 285.714, 152, 151, 77, 1, 0, 0, 0, 95.238, '2019-09-17 19:39:34'),
	(419, 93, 95.238, 151, 152, 19, 1, 0, 0, 3, 95.238, '2019-09-17 19:39:47'),
	(420, 93, 190.476, 151, 152, 19, 1, 0, 0, 3, 95.238, '2019-09-17 19:39:56'),
	(421, 93, 285.714, 151, 152, 19, 1, 0, 1, 3, 95.238, '2019-09-17 19:40:06'),
	(422, 93, 380.952, 151, 152, 19, 1, 0, 0, 3, 95.238, '2019-09-17 19:40:18'),
	(423, 93, 380.952, 152, 151, 77, 0, 0, 0, 0, 95.238, '2019-09-17 19:40:18'),
	(424, 93, 476.19, 151, 152, 19, 1, 0, 0, 3, 95.238, '2019-09-17 19:40:30'),
	(425, 93, 476.19, 152, 151, 77, 1, 0, 0, 0, 95.238, '2019-09-17 19:40:30'),
	(426, 94, 95.238, 153, 154, 19, 1, 0, 0, 3, 95.238, '2019-09-17 19:44:54'),
	(427, 94, 95.238, 154, 153, 77, 1, 1, 1, 0, 95.238, '2019-09-17 19:44:54'),
	(428, 94, 190.476, 153, 154, 19, 1, 1, 0, 3, 95.238, '2019-09-17 19:44:56'),
	(429, 94, 190.476, 154, 153, 77, 1, 0, 1, 0, 95.238, '2019-09-17 19:44:56'),
	(430, 94, 285.714, 153, 154, 19, 1, 0, 0, 3, 95.238, '2019-09-17 19:44:58'),
	(431, 94, 285.714, 154, 153, 77, 1, 0, 0, 0, 95.238, '2019-09-17 19:44:58'),
	(432, 94, 380.952, 153, 154, 19, 1, 0, 0, 3, 95.238, '2019-09-17 19:45:01'),
	(433, 94, 380.952, 154, 153, 77, 1, 0, 1, 0, 95.238, '2019-09-17 19:45:01'),
	(434, 95, 95.238, 155, 156, 19, 1, 1, 0, 3, 95.238, '2019-09-17 19:45:39'),
	(435, 95, 95.238, 156, 155, 77, 1, 0, 0, 0, 95.238, '2019-09-17 19:45:39'),
	(436, 95, 190.476, 155, 156, 19, 0, 0, 0, 3, 95.238, '2019-09-17 19:45:42'),
	(437, 95, 190.476, 156, 155, 77, 1, 0, 0, 0, 95.238, '2019-09-17 19:45:42'),
	(438, 95, 285.714, 155, 156, 19, 1, 0, 0, 3, 95.238, '2019-09-17 19:45:43'),
	(439, 95, 285.714, 156, 155, 77, 1, 0, 1, 0, 95.238, '2019-09-17 19:45:43'),
	(440, 95, 380.952, 155, 156, 19, 1, 0, 0, 3, 95.238, '2019-09-17 19:45:45'),
	(441, 95, 380.952, 156, 155, 77, 1, 0, 1, 0, 95.238, '2019-09-17 19:45:45'),
	(442, 95, 476.19, 155, 156, 19, 1, 1, 0, 3, 95.238, '2019-09-17 19:45:47'),
	(443, 95, 476.19, 156, 155, 77, 1, 0, 0, 0, 95.238, '2019-09-17 19:45:47'),
	(444, 96, 95.238, 157, 158, 16, 1, 0, 0, 5, 95.238, '2019-09-17 19:46:29'),
	(445, 96, 100, 158, 157, 77, 0, 0, 0, 0, 10000000, '2019-09-17 19:46:29'),
	(446, 96, 190.476, 157, 158, 16, 1, 0, 0, 5, 95.238, '2019-09-17 19:46:32'),
	(447, 96, 285.714, 157, 158, 16, 1, 0, 0, 5, 95.238, '2019-09-17 19:46:36'),
	(448, 96, 380.952, 157, 158, 77, 1, 0, 0, 0, 95.238, '2019-09-17 19:46:43'),
	(449, 96, 476.19, 157, 158, 77, 1, 0, 0, 0, 95.238, '2019-09-17 19:46:45'),
	(450, 96, 571.428, 157, 158, 77, 1, 0, 0, 0, 95.238, '2019-09-17 19:46:47'),
	(451, 96, 666.666, 157, 158, 77, 1, 0, 0, 0, 95.238, '2019-09-17 19:46:49'),
	(452, 97, 95.238, 159, 160, 16, 1, 0, 0, 5, 95.238, '2019-09-17 19:48:26'),
	(453, 97, 95.238, 160, 159, 77, 1, 1, 1, 0, 10000000, '2019-09-17 19:48:26'),
	(454, 97, 190.476, 159, 160, 16, 1, 0, 0, 5, 95.238, '2019-09-17 19:49:56'),
	(455, 98, 95.238, 161, 162, 16, 1, 1, 0, 5, 95.238, '2019-09-17 19:50:15'),
	(456, 98, 95.238, 162, 161, 77, 1, 0, 1, 0, 95.238, '2019-09-17 19:50:15'),
	(457, 98, 190.476, 161, 162, 16, 0, 1, 0, 5, 95.238, '2019-09-17 19:50:22'),
	(458, 98, 190.476, 162, 161, 77, 1, 0, 1, 0, 95.238, '2019-09-17 19:50:22'),
	(459, 98, 285.714, 161, 162, 16, 1, 1, 0, 5, 95.238, '2019-09-17 19:50:26'),
	(460, 98, 285.714, 162, 161, 77, 1, 0, 0, 0, 95.238, '2019-09-17 19:50:26'),
	(461, 98, 380.952, 161, 162, 77, 1, 0, 0, 0, 95.238, '2019-09-17 19:50:39'),
	(462, 98, 380.952, 162, 161, 77, 1, 0, 0, 0, 95.238, '2019-09-17 19:50:39'),
	(463, 98, 476.19, 161, 162, 77, 1, 1, 1, 0, 95.238, '2019-09-17 19:50:40'),
	(464, 98, 476.19, 162, 161, 77, 1, 0, 1, 0, 95.238, '2019-09-17 19:50:40'),
	(465, 98, 571.428, 161, 162, 77, 1, 0, 0, 0, 95.238, '2019-09-17 19:50:41'),
	(466, 98, 571.428, 162, 161, 77, 1, 0, 0, 0, 95.238, '2019-09-17 19:50:41'),
	(467, 98, 666.666, 161, 162, 77, 1, 0, 0, 0, 95.238, '2019-09-17 19:50:43'),
	(468, 98, 666.666, 162, 161, 77, 1, 0, 0, 0, 95.238, '2019-09-17 19:50:43'),
	(469, 98, 761.904, 161, 162, 77, 1, 0, 0, 0, 95.238, '2019-09-17 19:50:44'),
	(470, 98, 761.904, 162, 161, 77, 1, 1, 0, 0, 95.238, '2019-09-17 19:50:44'),
	(471, 98, 857.142, 161, 162, 77, 1, 0, 0, 0, 95.238, '2019-09-17 19:50:45'),
	(472, 98, 857.142, 162, 161, 77, 1, 1, 0, 0, 95.238, '2019-09-17 19:50:45'),
	(473, 98, 952.38, 161, 162, 77, 1, 1, 0, 0, 95.238, '2019-09-17 19:50:46'),
	(474, 98, 952.38, 162, 161, 77, 0, 0, 0, 0, 95.238, '2019-09-17 19:50:46'),
	(475, 98, 1047.62, 161, 162, 77, 1, 1, 0, 0, 95.238, '2019-09-17 19:50:48'),
	(476, 98, 1047.62, 162, 161, 77, 0, 0, 0, 0, 95.238, '2019-09-17 19:50:48'),
	(477, 98, 1142.86, 161, 162, 77, 1, 1, 0, 0, 95.238, '2019-09-17 19:50:49'),
	(478, 98, 1142.86, 162, 161, 77, 1, 0, 0, 0, 95.238, '2019-09-17 19:50:49'),
	(479, 98, 1238.1, 161, 162, 77, 1, 0, 0, 0, 95.238, '2019-09-17 19:50:50'),
	(480, 98, 1238.1, 162, 161, 77, 1, 0, 1, 0, 95.238, '2019-09-17 19:50:50'),
	(481, 98, 1333.34, 161, 162, 77, 1, 1, 0, 0, 95.238, '2019-09-17 19:50:52'),
	(482, 98, 1333.34, 162, 161, 77, 0, 0, 1, 0, 95.238, '2019-09-17 19:50:52'),
	(483, 98, 1428.58, 161, 162, 77, 1, 0, 0, 0, 95.238, '2019-09-17 19:50:53'),
	(484, 98, 1428.58, 162, 161, 77, 1, 0, 1, 0, 95.238, '2019-09-17 19:50:53'),
	(485, 99, 95.238, 163, 164, 16, 1, 0, 1, 5, 95.238, '2019-09-17 19:51:32'),
	(486, 99, 95.238, 164, 163, 77, 1, 0, 0, 0, 95.238, '2019-09-17 19:51:32'),
	(487, 99, 190.476, 163, 164, 16, 1, 1, 0, 5, 95.238, '2019-09-17 19:51:35'),
	(488, 99, 190.476, 164, 163, 77, 1, 0, 0, 0, 95.238, '2019-09-17 19:51:35'),
	(489, 99, 285.714, 163, 164, 16, 0, 0, 0, 5, 95.238, '2019-09-17 19:51:38'),
	(490, 99, 285.714, 164, 163, 77, 1, 1, 0, 0, 95.238, '2019-09-17 19:51:38'),
	(491, 99, 380.952, 163, 164, 77, 1, 0, 0, 0, 95.238, '2019-09-17 19:51:43'),
	(492, 99, 380.952, 164, 163, 77, 1, 0, 0, 0, 95.238, '2019-09-17 19:51:43'),
	(493, 99, 476.19, 163, 164, 77, 1, 0, 0, 0, 95.238, '2019-09-17 19:51:45'),
	(494, 99, 476.19, 164, 163, 77, 1, 0, 1, 0, 95.238, '2019-09-17 19:51:45'),
	(495, 99, 571.428, 163, 164, 77, 1, 1, 0, 0, 95.238, '2019-09-17 19:51:46'),
	(496, 99, 571.428, 164, 163, 77, 1, 1, 0, 0, 95.238, '2019-09-17 19:51:46'),
	(497, 99, 666.666, 163, 164, 77, 1, 1, 0, 0, 95.238, '2019-09-17 19:51:48'),
	(498, 99, 666.666, 164, 163, 77, 1, 0, 1, 0, 95.238, '2019-09-17 19:51:48'),
	(499, 99, 761.904, 163, 164, 77, 1, 0, 0, 0, 95.238, '2019-09-17 19:51:49'),
	(500, 99, 761.904, 164, 163, 77, 1, 0, 0, 0, 95.238, '2019-09-17 19:51:49'),
	(501, 99, 857.142, 163, 164, 77, 1, 0, 0, 0, 95.238, '2019-09-17 19:51:50'),
	(502, 99, 857.142, 164, 163, 77, 1, 0, 1, 0, 95.238, '2019-09-17 19:51:50'),
	(503, 99, 952.38, 163, 164, 77, 1, 1, 0, 0, 95.238, '2019-09-17 19:51:51'),
	(504, 99, 952.38, 164, 163, 77, 1, 0, 0, 0, 95.238, '2019-09-17 19:51:51'),
	(505, 99, 1047.62, 163, 164, 77, 1, 0, 0, 0, 95.238, '2019-09-17 19:51:53'),
	(506, 99, 1047.62, 164, 163, 77, 1, 0, 1, 0, 95.238, '2019-09-17 19:51:53'),
	(507, 99, 1142.86, 163, 164, 77, 1, 1, 0, 0, 95.238, '2019-09-17 19:51:54'),
	(508, 99, 1142.86, 164, 163, 77, 1, 0, 0, 0, 95.238, '2019-09-17 19:51:54'),
	(509, 99, 1238.1, 163, 164, 77, 1, 1, 0, 0, 95.238, '2019-09-17 19:51:56'),
	(510, 99, 1238.1, 164, 163, 77, 1, 0, 1, 0, 95.238, '2019-09-17 19:51:56'),
	(511, 99, 1333.34, 163, 164, 77, 1, 0, 0, 0, 95.238, '2019-09-17 19:51:57'),
	(512, 99, 1333.34, 164, 163, 77, 1, 0, 0, 0, 95.238, '2019-09-17 19:51:57'),
	(513, 99, 1428.58, 163, 164, 77, 1, 0, 0, 0, 95.238, '2019-09-17 19:51:59'),
	(514, 99, 1428.58, 164, 163, 77, 1, 0, 0, 0, 95.238, '2019-09-17 19:51:59'),
	(515, 100, 95.238, 165, 166, 16, 1, 0, 0, 5, 95.238, '2019-09-17 19:52:59'),
	(516, 100, 95.238, 166, 165, 77, 1, 0, 0, 0, 100, '2019-09-17 19:52:59'),
	(517, 100, 190.476, 165, 166, 16, 1, 0, 0, 5, 95.238, '2019-09-17 19:53:01'),
	(518, 100, 195.238, 166, 165, 77, 1, 0, 0, 0, 105.263, '2019-09-17 19:53:01'),
	(519, 100, 285.714, 165, 166, 16, 0, 1, 0, 5, 95.238, '2019-09-17 19:53:03'),
	(520, 100, 300.501, 166, 165, 77, 1, 0, 0, 0, 100, '2019-09-17 19:53:03'),
	(521, 100, 380.952, 165, 165, 75, 1, 0, 0, 4, 95.238, '2019-09-17 19:53:11'),
	(522, 100, 400.501, 166, 165, 77, 1, 0, 0, 0, 95.238, '2019-09-17 19:53:11'),
	(523, 100, 476.19, 165, 165, 75, 1, 0, 0, 4, 90.909, '2019-09-17 19:53:13'),
	(524, 100, 495.739, 166, 165, 77, 1, 0, 1, 0, 95.238, '2019-09-17 19:53:13'),
	(525, 100, 567.099, 165, 166, 19, 1, 0, 0, 3, 83.333, '2019-09-17 19:53:17'),
	(526, 100, 590.977, 166, 165, 77, 1, 0, 1, 0, 95.238, '2019-09-17 19:53:17'),
	(527, 100, 650.432, 165, 166, 19, 1, 0, 1, 3, 80, '2019-09-17 19:53:19'),
	(528, 100, 686.215, 166, 165, 77, 1, 0, 0, 0, 95.238, '2019-09-17 19:53:19'),
	(529, 100, 730.432, 165, 166, 77, 1, 0, 0, 0, 80, '2019-09-17 19:53:21'),
	(530, 100, 781.453, 166, 165, 77, 1, 1, 0, 0, 95.238, '2019-09-17 19:53:21'),
	(531, 100, 810.432, 165, 166, 77, 1, 0, 0, 0, 80, '2019-09-17 19:53:22'),
	(532, 100, 876.691, 166, 165, 77, 1, 0, 0, 0, 95.238, '2019-09-17 19:53:22'),
	(533, 101, 95.238, 168, 168, 29, 1, 0, 0, 1, 95.238, '2019-09-17 19:54:39'),
	(534, 101, 95.238, 167, 168, 16, 1, 1, 0, 5, 95.238, '2019-09-17 19:54:53'),
	(535, 101, 190.476, 167, 168, 16, 1, 1, 0, 5, 95.238, '2019-09-17 19:54:55'),
	(536, 101, 190.476, 168, 167, 77, 1, 0, 0, 0, 95.238, '2019-09-17 19:54:55'),
	(537, 101, 285.714, 167, 168, 16, 1, 1, 0, 5, 95.238, '2019-09-17 19:54:58'),
	(538, 101, 285.714, 168, 167, 77, 1, 0, 1, 0, 95.238, '2019-09-17 19:54:58'),
	(539, 101, 380.952, 167, 168, 16, 1, 1, 1, 5, 95.238, '2019-09-17 19:55:00'),
	(540, 101, 380.952, 168, 167, 77, 1, 0, 0, 0, 95.238, '2019-09-17 19:55:00'),
	(541, 101, 476.19, 167, 168, 16, 1, 1, 0, 5, 95.238, '2019-09-17 19:55:01'),
	(542, 101, 476.19, 168, 167, 77, 1, 0, 0, 0, 95.238, '2019-09-17 19:55:01'),
	(543, 101, 571.428, 167, 168, 16, 1, 1, 0, 5, 95.238, '2019-09-17 19:55:02'),
	(544, 101, 571.428, 168, 167, 77, 1, 0, 0, 0, 95.238, '2019-09-17 19:55:02'),
	(545, 101, 666.666, 167, 168, 77, 1, 1, 1, 0, 95.238, '2019-09-17 19:55:10'),
	(546, 101, 666.666, 168, 167, 77, 1, 0, 0, 0, 95.238, '2019-09-17 19:55:10'),
	(547, 101, 761.904, 167, 168, 77, 1, 1, 0, 0, 95.238, '2019-09-17 19:55:12'),
	(548, 101, 761.904, 168, 167, 77, 1, 0, 1, 0, 95.238, '2019-09-17 19:55:12'),
	(549, 101, 857.142, 167, 168, 77, 1, 1, 0, 0, 95.238, '2019-09-17 19:55:15'),
	(550, 101, 857.142, 168, 167, 77, 1, 0, 0, 0, 95.238, '2019-09-17 19:55:15'),
	(551, 101, 952.38, 167, 168, 77, 1, 1, 0, 0, 95.238, '2019-09-17 19:55:16'),
	(552, 101, 952.38, 168, 167, 77, 1, 0, 0, 0, 95.238, '2019-09-17 19:55:16'),
	(553, 101, 1047.62, 167, 168, 77, 1, 1, 0, 0, 95.238, '2019-09-17 19:55:17'),
	(554, 101, 1047.62, 168, 167, 77, 1, 0, 0, 0, 95.238, '2019-09-17 19:55:18'),
	(555, 101, 1142.86, 167, 168, 77, 1, 1, 0, 0, 95.238, '2019-09-17 19:55:19'),
	(556, 101, 1142.86, 168, 167, 77, 1, 0, 0, 0, 95.238, '2019-09-17 19:55:19'),
	(557, 101, 1238.1, 167, 168, 77, 1, 1, 0, 0, 95.238, '2019-09-17 19:55:21'),
	(558, 101, 1238.1, 168, 167, 77, 1, 0, 0, 0, 95.238, '2019-09-17 19:55:21'),
	(559, 101, 1333.34, 167, 168, 77, 1, 1, 0, 0, 95.238, '2019-09-17 19:55:22'),
	(560, 101, 1333.34, 168, 167, 77, 1, 0, 1, 0, 95.238, '2019-09-17 19:55:22'),
	(561, 101, 1428.58, 167, 168, 77, 1, 1, 0, 0, 95.238, '2019-09-17 19:56:03'),
	(562, 101, 1428.58, 168, 167, 77, 1, 0, 0, 0, 95.238, '2019-09-17 19:56:03'),
	(563, 101, 1523.82, 167, 168, 77, 1, 1, 1, 0, 95.238, '2019-09-17 19:56:15'),
	(564, 101, 1523.82, 168, 167, 77, 1, 1, 0, 0, 95.238, '2019-09-17 19:56:15'),
	(565, 101, 1619.06, 167, 168, 77, 1, 1, 0, 0, 95.238, '2019-09-17 19:56:17'),
	(566, 101, 1619.06, 168, 167, 77, 1, 0, 1, 0, 95.238, '2019-09-17 19:56:17'),
	(567, 101, 1714.3, 167, 168, 77, 1, 1, 0, 0, 95.238, '2019-09-17 19:56:19'),
	(568, 101, 1714.3, 168, 167, 77, 1, 0, 1, 0, 95.238, '2019-09-17 19:56:19'),
	(569, 101, 1809.54, 167, 168, 77, 1, 1, 0, 0, 95.238, '2019-09-17 19:56:21'),
	(570, 101, 1809.54, 168, 167, 77, 1, 0, 0, 0, 95.238, '2019-09-17 19:56:21'),
	(571, 102, 95.238, 170, 170, 29, 1, 0, 0, 1, 95.238, '2019-09-17 19:57:36'),
	(572, 102, 95.238, 169, 170, 16, 1, 0, 1, 5, 95.238, '2019-09-17 19:57:44'),
	(573, 102, 190.476, 169, 170, 16, 1, 1, 0, 5, 95.238, '2019-09-17 19:57:49'),
	(574, 102, 190.476, 170, 169, 77, 1, 0, 0, 0, 95.238, '2019-09-17 19:57:49'),
	(575, 102, 285.714, 169, 170, 16, 1, 0, 0, 5, 95.238, '2019-09-17 19:57:52'),
	(576, 102, 285.714, 170, 169, 77, 1, 0, 0, 0, 100, '2019-09-17 19:57:52'),
	(577, 102, 380.952, 169, 170, 16, 1, 0, 0, 5, 95.238, '2019-09-17 19:57:55'),
	(578, 102, 385.714, 170, 169, 77, 1, 0, 0, 0, 105.263, '2019-09-17 19:57:55'),
	(579, 102, 476.19, 169, 170, 16, 1, 1, 0, 5, 95.238, '2019-09-17 19:57:56'),
	(580, 102, 490.977, 170, 169, 77, 1, 0, 0, 0, 100, '2019-09-17 19:57:56'),
	(581, 102, 571.428, 169, 169, 75, 1, 0, 0, 4, 95.238, '2019-09-17 19:57:58'),
	(582, 102, 590.977, 170, 169, 77, 1, 0, 0, 0, 95.238, '2019-09-17 19:57:58'),
	(583, 102, 666.666, 169, 170, 77, 1, 0, 0, 0, 90.909, '2019-09-17 19:58:04'),
	(584, 102, 686.215, 170, 169, 77, 1, 1, 1, 0, 95.238, '2019-09-17 19:58:04'),
	(585, 102, 757.575, 169, 170, 77, 1, 0, 0, 0, 86.956, '2019-09-17 19:58:05'),
	(586, 102, 781.453, 170, 169, 77, 1, 0, 1, 0, 95.238, '2019-09-17 19:58:05'),
	(587, 102, 844.531, 169, 170, 77, 1, 0, 0, 0, 86.956, '2019-09-17 19:58:08'),
	(588, 102, 876.691, 170, 169, 77, 0, 0, 0, 0, 95.238, '2019-09-17 19:58:08'),
	(589, 102, 931.487, 169, 170, 77, 1, 0, 0, 0, 86.956, '2019-09-17 19:58:09'),
	(590, 102, 971.929, 170, 169, 77, 1, 0, 0, 0, 95.238, '2019-09-17 19:58:09'),
	(591, 102, 1018.44, 169, 170, 77, 1, 0, 0, 0, 86.956, '2019-09-17 19:58:11'),
	(592, 102, 1067.17, 170, 169, 77, 1, 0, 0, 0, 95.238, '2019-09-17 19:58:11'),
	(593, 103, 95.238, 171, 172, 77, 1, 0, 0, 0, 95.238, '2019-09-17 19:58:39'),
	(594, 103, 100, 172, 171, 77, 1, 0, 0, 0, 100, '2019-09-17 19:58:39'),
	(595, 103, 190.476, 171, 172, 77, 1, 0, 0, 0, 95.238, '2019-09-17 19:58:43'),
	(596, 103, 200, 172, 171, 77, 1, 0, 0, 0, 100, '2019-09-17 19:58:43'),
	(597, 103, 285.714, 171, 172, 77, 1, 0, 0, 0, 95.238, '2019-09-17 19:58:44'),
	(598, 103, 300, 172, 171, 77, 1, 0, 1, 0, 100, '2019-09-17 19:58:44'),
	(599, 103, 380.952, 171, 172, 77, 1, 0, 0, 0, 95.238, '2019-09-17 19:58:46'),
	(600, 103, 400, 172, 171, 77, 1, 1, 1, 0, 100, '2019-09-17 19:58:46'),
	(601, 103, 476.19, 171, 171, 75, 1, 0, 0, 4, 95.238, '2019-09-17 19:58:47'),
	(602, 103, 500, 172, 171, 77, 1, 0, 0, 0, 100, '2019-09-17 19:58:47'),
	(603, 103, 571.428, 171, 171, 75, 1, 0, 0, 4, 90.909, '2019-09-17 19:58:50'),
	(604, 103, 600, 172, 171, 77, 1, 1, 0, 0, 100, '2019-09-17 19:58:50'),
	(605, 103, 662.337, 171, 171, 75, 1, 0, 0, 4, 83.333, '2019-09-17 19:58:51'),
	(606, 103, 700, 172, 171, 77, 1, 0, 0, 0, 100, '2019-09-17 19:58:51'),
	(607, 103, 745.67, 171, 171, 75, 1, 0, 0, 4, 76.923, '2019-09-17 19:58:52'),
	(608, 103, 800, 172, 171, 77, 1, 0, 0, 0, 100, '2019-09-17 19:58:52'),
	(609, 103, 822.593, 171, 172, 77, 1, 0, 0, 0, 71.428, '2019-09-17 19:58:54'),
	(610, 103, 894.021, 171, 172, 77, 1, 0, 0, 0, 68.965, '2019-09-17 19:58:56'),
	(611, 103, 900, 172, 171, 77, 1, 0, 0, 0, 100, '2019-09-17 19:58:56'),
	(612, 104, 95.238, 173, 173, 75, 1, 0, 0, 4, 95.238, '2019-09-22 15:12:12'),
	(613, 104, 95.238, 174, 173, 77, 0, 0, 0, 0, 95.238, '2019-09-22 15:12:12'),
	(614, 104, 190.476, 173, 173, 75, 1, 0, 0, 4, 90.909, '2019-09-22 15:12:17'),
	(615, 104, 190.476, 174, 173, 77, 1, 0, 1, 0, 95.238, '2019-09-22 15:12:17'),
	(616, 104, 281.385, 173, 173, 75, 0, 0, 0, 4, 83.333, '2019-09-22 15:12:18'),
	(617, 104, 285.714, 174, 173, 77, 1, 0, 0, 0, 95.238, '2019-09-22 15:12:18'),
	(618, 104, 364.718, 173, 173, 75, 1, 0, 0, 4, 80, '2019-09-22 15:12:19'),
	(619, 104, 380.952, 174, 173, 77, 1, 0, 0, 0, 95.238, '2019-09-22 15:12:19'),
	(620, 104, 444.718, 173, 173, 75, 1, 0, 0, 4, 76.923, '2019-09-22 15:12:21'),
	(621, 104, 476.19, 174, 173, 77, 1, 0, 1, 0, 95.238, '2019-09-22 15:12:21'),
	(622, 104, 521.641, 173, 173, 75, 1, 0, 0, 4, 71.428, '2019-09-22 15:12:22'),
	(623, 104, 571.428, 174, 173, 77, 1, 0, 1, 0, 95.238, '2019-09-22 15:12:22'),
	(624, 104, 593.069, 173, 173, 75, 1, 0, 0, 4, 66.666, '2019-09-22 15:12:23'),
	(625, 104, 666.666, 174, 174, 29, 0, 0, 0, 1, 95.238, '2019-09-22 15:12:43'),
	(626, 104, 761.904, 174, 174, 29, 1, 0, 0, 1, 95.238, '2019-09-22 15:12:47'),
	(627, 104, 857.142, 174, 174, 29, 1, 0, 0, 1, 95.238, '2019-09-22 15:12:49'),
	(628, 104, 952.38, 174, 173, 77, 1, 0, 0, 0, 95.238, '2019-09-22 15:13:00'),
	(629, 104, 659.735, 173, 174, 77, 1, 0, 0, 0, 62.5, '2019-09-22 15:13:04'),
	(630, 104, 722.235, 173, 174, 77, 1, 1, 0, 0, 60.606, '2019-09-22 15:13:06'),
	(631, 104, 782.841, 173, 174, 77, 0, 0, 0, 0, 60.606, '2019-09-22 15:13:08'),
	(632, 104, 843.447, 173, 174, 77, 1, 0, 0, 0, 60.606, '2019-09-22 15:13:09'),
	(633, 104, 904.053, 173, 174, 77, 1, 0, 0, 0, 60.606, '2019-09-22 15:13:11'),
	(634, 104, 964.659, 173, 174, 77, 1, 1, 0, 0, 60.606, '2019-09-22 15:13:12'),
	(635, 104, 1025.27, 173, 174, 77, 1, 1, 0, 0, 60.606, '2019-09-22 15:13:14'),
	(636, 104, 1047.62, 174, 173, 77, 1, 0, 0, 0, 95.238, '2019-09-22 15:13:14'),
	(637, 104, 1085.88, 173, 174, 77, 1, 1, 0, 0, 60.606, '2019-09-22 15:13:15'),
	(638, 104, 1142.86, 174, 173, 77, 1, 0, 0, 0, 95.238, '2019-09-22 15:13:15'),
	(639, 104, 1146.49, 173, 174, 77, 1, 0, 0, 0, 60.606, '2019-09-22 15:13:17'),
	(640, 104, 1207.1, 173, 174, 77, 0, 0, 0, 0, 60.606, '2019-09-22 15:13:18'),
	(641, 104, 1238.1, 174, 173, 77, 1, 0, 1, 0, 95.238, '2019-09-22 15:13:18'),
	(642, 104, 1267.71, 173, 174, 77, 0, 0, 0, 0, 60.606, '2019-09-22 15:13:20'),
	(643, 104, 1328.32, 173, 174, 77, 1, 1, 0, 0, 60.606, '2019-09-22 15:13:21'),
	(644, 104, 1333.34, 174, 173, 77, 1, 0, 0, 0, 95.238, '2019-09-22 15:13:21'),
	(645, 104, 1388.93, 173, 174, 77, 1, 0, 0, 0, 60.606, '2019-09-22 15:13:23'),
	(646, 104, 1428.58, 174, 173, 77, 1, 1, 0, 0, 95.238, '2019-09-22 15:13:23'),
	(647, 104, 1449.54, 173, 174, 77, 1, 0, 0, 0, 60.606, '2019-09-22 15:13:24'),
	(648, 104, 1510.15, 173, 174, 77, 1, 0, 0, 0, 60.606, '2019-09-22 15:13:26'),
	(649, 104, 1523.82, 174, 173, 77, 1, 0, 0, 0, 95.238, '2019-09-22 15:13:26'),
	(650, 105, 95.238, 176, 176, 29, 1, 0, 0, 1, 95.238, '2019-09-22 15:16:54'),
	(651, 105, 190.476, 176, 176, 29, 1, 0, 0, 1, 95.238, '2019-09-22 15:16:56'),
	(652, 105, 285.714, 176, 176, 29, 1, 0, 0, 1, 95.238, '2019-09-22 15:16:57'),
	(653, 105, 95.238, 175, 175, 75, 1, 0, 0, 4, 95.238, '2019-09-22 15:17:02'),
	(654, 105, 190.476, 175, 175, 75, 1, 0, 0, 4, 90.909, '2019-09-22 15:17:03'),
	(655, 105, 281.385, 175, 175, 75, 1, 0, 0, 4, 83.333, '2019-09-22 15:17:04'),
	(656, 105, 364.718, 175, 175, 75, 1, 0, 0, 4, 76.923, '2019-09-22 15:17:05'),
	(657, 105, 380.952, 176, 175, 77, 1, 0, 1, 0, 95.238, '2019-09-22 15:17:05'),
	(658, 105, 441.641, 175, 175, 75, 1, 0, 0, 4, 71.428, '2019-09-22 15:17:07'),
	(659, 105, 476.19, 176, 175, 77, 1, 0, 0, 0, 95.238, '2019-09-22 15:17:07'),
	(660, 105, 513.069, 175, 175, 75, 1, 0, 0, 4, 66.666, '2019-09-22 15:17:08'),
	(661, 105, 571.428, 176, 175, 77, 1, 0, 0, 0, 95.238, '2019-09-22 15:17:08'),
	(662, 105, 579.735, 175, 175, 75, 0, 0, 0, 4, 62.5, '2019-09-22 15:17:09'),
	(663, 105, 666.666, 176, 175, 77, 1, 1, 1, 0, 95.238, '2019-09-22 15:17:15'),
	(664, 105, 761.904, 176, 175, 77, 1, 1, 1, 0, 95.238, '2019-09-22 15:25:28'),
	(665, 105, 642.235, 175, 176, 77, 1, 0, 0, 0, 60.606, '2019-09-22 15:26:48'),
	(666, 105, 702.841, 175, 176, 77, 1, 0, 0, 0, 60.606, '2019-09-22 15:47:37'),
	(667, 105, 763.447, 175, 176, 77, 1, 0, 0, 0, 60.606, '2019-09-22 15:47:52'),
	(668, 105, 824.053, 175, 176, 77, 1, 0, 0, 0, 60.606, '2019-09-22 15:47:54'),
	(669, 105, 857.142, 176, 175, 77, 1, 0, 0, 0, 95.238, '2019-09-22 15:47:54'),
	(670, 105, 884.659, 175, 176, 77, 1, 1, 0, 0, 60.606, '2019-09-22 15:47:55'),
	(671, 105, 945.265, 175, 176, 77, 1, 1, 0, 0, 60.606, '2019-09-22 15:47:57'),
	(672, 105, 952.38, 176, 175, 77, 1, 0, 0, 0, 95.238, '2019-09-22 15:47:57'),
	(673, 105, 1005.87, 175, 176, 77, 1, 0, 0, 0, 60.606, '2019-09-22 15:47:59'),
	(674, 105, 1047.62, 176, 175, 77, 1, 0, 0, 0, 95.238, '2019-09-22 15:47:59'),
	(675, 105, 1066.48, 175, 176, 77, 1, 0, 0, 0, 60.606, '2019-09-22 15:48:01'),
	(676, 105, 1127.09, 175, 176, 77, 1, 0, 0, 0, 60.606, '2019-09-22 15:48:03'),
	(677, 105, 1142.86, 176, 175, 77, 1, 0, 0, 0, 95.238, '2019-09-22 15:48:04'),
	(678, 106, 95.238, 178, 178, 29, 1, 0, 0, 1, 95.238, '2019-09-22 15:48:30'),
	(679, 106, 190.476, 178, 178, 29, 1, 0, 0, 1, 95.238, '2019-09-22 15:48:31'),
	(680, 106, 285.714, 178, 178, 29, 1, 0, 0, 1, 95.238, '2019-09-22 15:48:32'),
	(681, 106, 95.238, 177, 178, 77, 1, 1, 0, 0, 95.238, '2019-09-22 15:48:37'),
	(682, 106, 190.476, 177, 178, 77, 1, 1, 0, 0, 95.238, '2019-09-22 15:48:38'),
	(683, 106, 285.714, 177, 178, 77, 1, 1, 0, 0, 95.238, '2019-09-22 15:48:41'),
	(684, 106, 380.952, 177, 178, 77, 1, 1, 0, 0, 95.238, '2019-09-22 15:48:43'),
	(685, 106, 380.952, 178, 177, 77, 1, 0, 0, 0, 95.238, '2019-09-22 15:48:43'),
	(686, 106, 476.19, 177, 178, 77, 1, 0, 0, 0, 95.238, '2019-09-22 15:48:46'),
	(687, 106, 476.19, 178, 177, 77, 1, 0, 0, 0, 95.238, '2019-09-22 15:48:46'),
	(688, 106, 571.428, 177, 178, 77, 1, 1, 0, 0, 95.238, '2019-09-22 15:48:48'),
	(689, 106, 571.428, 178, 177, 77, 1, 0, 0, 0, 95.238, '2019-09-22 15:48:48'),
	(690, 106, 666.666, 177, 177, 75, 1, 0, 0, 4, 95.238, '2019-09-22 15:48:50'),
	(691, 106, 666.666, 178, 177, 77, 1, 0, 1, 0, 95.238, '2019-09-22 15:48:50'),
	(692, 106, 761.904, 177, 177, 75, 1, 0, 0, 4, 90.909, '2019-09-22 15:48:51'),
	(693, 106, 761.904, 178, 177, 77, 1, 0, 0, 0, 95.238, '2019-09-22 15:48:51'),
	(694, 106, 852.813, 177, 177, 75, 1, 0, 0, 4, 83.333, '2019-09-22 15:48:52'),
	(695, 106, 857.142, 178, 177, 77, 1, 0, 1, 0, 95.238, '2019-09-22 15:48:52'),
	(696, 106, 936.146, 177, 177, 75, 1, 0, 0, 4, 76.923, '2019-09-22 15:48:55'),
	(697, 106, 952.38, 178, 177, 77, 1, 0, 1, 0, 95.238, '2019-09-22 15:48:55'),
	(698, 106, 1013.07, 177, 177, 75, 1, 0, 0, 4, 71.428, '2019-09-22 15:48:56'),
	(699, 106, 1047.62, 178, 177, 77, 0, 0, 1, 0, 95.238, '2019-09-22 15:48:56'),
	(700, 106, 1084.5, 177, 178, 16, 1, 0, 0, 5, 66.666, '2019-09-22 15:49:00'),
	(701, 106, 1142.86, 178, 177, 77, 1, 1, 1, 0, 100, '2019-09-22 15:49:00'),
	(702, 106, 1151.17, 177, 178, 19, 1, 0, 0, 3, 64.516, '2019-09-22 15:49:10'),
	(703, 106, 1215.69, 177, 178, 77, 1, 1, 0, 0, 64.516, '2019-09-22 15:49:14'),
	(704, 106, 1242.86, 178, 177, 77, 1, 0, 0, 0, 100, '2019-09-22 15:49:14'),
	(705, 106, 1280.21, 177, 178, 77, 1, 0, 0, 0, 64.516, '2019-09-22 15:49:15'),
	(706, 106, 1342.86, 178, 177, 77, 1, 0, 0, 0, 95.238, '2019-09-22 15:49:15'),
	(707, 106, 1344.73, 177, 178, 77, 1, 1, 0, 0, 64.516, '2019-09-22 15:49:17'),
	(708, 107, 95.238, 179, 180, 19, 1, 1, 0, 3, 95.238, '2019-09-22 15:49:39'),
	(709, 107, 95.238, 180, 179, 77, 1, 1, 0, 0, 95.238, '2019-09-22 15:49:39'),
	(710, 107, 190.476, 179, 179, 75, 1, 0, 0, 4, 95.238, '2019-09-22 15:49:41'),
	(711, 107, 190.476, 180, 179, 77, 1, 0, 0, 0, 95.238, '2019-09-22 15:49:41'),
	(712, 107, 285.714, 179, 179, 75, 1, 0, 0, 4, 90.909, '2019-09-22 15:49:42'),
	(713, 107, 285.714, 180, 179, 77, 1, 0, 0, 0, 95.238, '2019-09-22 15:49:42'),
	(714, 107, 376.623, 179, 179, 75, 1, 0, 0, 4, 83.333, '2019-09-22 15:49:42'),
	(715, 107, 380.952, 180, 179, 77, 0, 0, 0, 0, 95.238, '2019-09-22 15:49:43'),
	(716, 107, 459.956, 179, 180, 19, 1, 0, 0, 3, 76.923, '2019-09-22 15:49:52'),
	(717, 107, 476.19, 180, 179, 77, 1, 1, 0, 0, 95.238, '2019-09-22 15:49:52'),
	(718, 107, 536.879, 179, 179, 75, 1, 0, 0, 4, 74.074, '2019-09-22 15:49:55'),
	(719, 107, 571.428, 180, 179, 77, 1, 1, 1, 0, 95.238, '2019-09-22 15:49:56'),
	(720, 107, 610.953, 179, 179, 75, 1, 0, 0, 4, 71.428, '2019-09-22 15:49:58'),
	(721, 107, 666.666, 180, 179, 77, 1, 0, 0, 0, 95.238, '2019-09-22 15:49:58'),
	(722, 107, 682.381, 179, 180, 19, 1, 1, 1, 3, 66.666, '2019-09-22 15:50:08'),
	(723, 107, 749.047, 179, 180, 77, 1, 1, 0, 0, 64.516, '2019-09-22 15:50:11'),
	(724, 107, 761.904, 180, 179, 77, 1, 0, 0, 0, 95.238, '2019-09-22 15:50:11'),
	(725, 107, 813.563, 179, 180, 77, 1, 0, 0, 0, 64.516, '2019-09-22 15:50:13'),
	(726, 107, 857.142, 180, 179, 77, 1, 0, 0, 0, 95.238, '2019-09-22 15:50:13'),
	(727, 107, 878.079, 179, 180, 77, 1, 1, 0, 0, 64.516, '2019-09-22 15:50:14'),
	(728, 107, 942.595, 179, 180, 77, 1, 0, 1, 0, 64.516, '2019-09-22 15:50:16'),
	(729, 107, 952.38, 180, 179, 77, 1, 0, 1, 0, 95.238, '2019-09-22 15:50:16'),
	(730, 107, 1007.11, 179, 180, 77, 1, 0, 0, 0, 64.516, '2019-09-22 15:50:17'),
	(731, 107, 1047.62, 180, 179, 77, 1, 0, 1, 0, 95.238, '2019-09-22 15:50:17'),
	(732, 107, 1071.63, 179, 180, 77, 1, 0, 0, 0, 64.516, '2019-09-22 15:50:18'),
	(733, 107, 1136.15, 179, 180, 77, 1, 0, 0, 0, 64.516, '2019-09-22 15:50:19'),
	(734, 107, 1142.86, 180, 179, 77, 1, 0, 0, 0, 95.238, '2019-09-22 15:50:19'),
	(735, 108, 95.238, 182, 182, 29, 1, 0, 0, 1, 95.238, '2019-09-22 15:50:58'),
	(736, 108, 190.476, 182, 182, 29, 1, 0, 0, 1, 95.238, '2019-09-22 15:51:00'),
	(737, 108, 285.714, 182, 182, 29, 1, 0, 0, 1, 95.238, '2019-09-22 15:51:01'),
	(738, 108, 95.238, 181, 182, 19, 1, 1, 0, 3, 95.238, '2019-09-22 15:51:11'),
	(739, 108, 190.476, 181, 182, 19, 1, 0, 0, 3, 95.238, '2019-09-22 15:51:13'),
	(740, 108, 285.714, 181, 181, 75, 1, 0, 0, 4, 95.238, '2019-09-22 15:51:15'),
	(741, 108, 380.952, 181, 181, 75, 1, 0, 0, 4, 90.909, '2019-09-22 15:51:16'),
	(742, 108, 380.952, 182, 181, 77, 1, 0, 0, 0, 95.238, '2019-09-22 15:51:16'),
	(743, 108, 471.861, 181, 181, 75, 1, 0, 0, 4, 83.333, '2019-09-22 15:51:16'),
	(744, 108, 476.19, 182, 181, 77, 1, 0, 0, 0, 95.238, '2019-09-22 15:51:17'),
	(745, 108, 555.194, 181, 181, 75, 1, 0, 0, 4, 76.923, '2019-09-22 15:51:17'),
	(746, 108, 571.428, 182, 181, 77, 1, 0, 0, 0, 95.238, '2019-09-22 15:51:17'),
	(747, 108, 632.117, 181, 181, 75, 0, 0, 0, 4, 71.428, '2019-09-22 15:51:18'),
	(748, 108, 666.666, 182, 181, 77, 1, 1, 1, 0, 95.238, '2019-09-22 15:51:18'),
	(749, 108, 703.545, 181, 182, 19, 1, 1, 0, 3, 68.965, '2019-09-22 15:51:25'),
	(750, 108, 761.904, 182, 181, 77, 1, 0, 0, 0, 95.238, '2019-09-22 15:51:25'),
	(751, 108, 772.51, 181, 182, 77, 1, 1, 0, 0, 68.965, '2019-09-22 15:51:28'),
	(752, 108, 841.475, 181, 182, 77, 1, 1, 0, 0, 68.965, '2019-09-22 15:51:29'),
	(753, 108, 857.142, 182, 181, 77, 1, 0, 1, 0, 95.238, '2019-09-22 15:51:29'),
	(754, 108, 910.44, 181, 182, 77, 1, 0, 0, 0, 68.965, '2019-09-22 15:51:31'),
	(755, 108, 952.38, 182, 181, 77, 1, 0, 1, 0, 95.238, '2019-09-22 15:51:31'),
	(756, 108, 979.405, 181, 182, 77, 1, 1, 0, 0, 68.965, '2019-09-22 15:51:32'),
	(757, 108, 1047.62, 182, 181, 77, 1, 0, 0, 0, 95.238, '2019-09-22 15:51:32'),
	(758, 108, 1048.37, 181, 182, 77, 1, 0, 0, 0, 68.965, '2019-09-22 15:51:34'),
	(759, 108, 1117.33, 181, 182, 77, 1, 0, 0, 0, 68.965, '2019-09-22 15:51:37'),
	(760, 108, 1142.86, 182, 181, 77, 1, 0, 0, 0, 95.238, '2019-09-22 15:51:37'),
	(761, 109, 95.238, 183, 184, 77, 1, 0, 0, 0, 95.238, '2019-09-22 15:52:39'),
	(762, 109, 95.238, 184, 183, 77, 1, 0, 1, 0, 95.238, '2019-09-22 15:52:39'),
	(763, 109, 190.476, 183, 184, 77, 1, 1, 0, 0, 95.238, '2019-09-22 15:52:41'),
	(764, 109, 190.476, 184, 183, 77, 1, 0, 1, 0, 95.238, '2019-09-22 15:52:41'),
	(765, 109, 285.714, 183, 184, 77, 0, 1, 0, 0, 95.238, '2019-09-22 15:52:42'),
	(766, 109, 285.714, 184, 183, 77, 1, 0, 0, 0, 95.238, '2019-09-22 15:52:42'),
	(767, 109, 380.952, 183, 184, 77, 1, 0, 0, 0, 95.238, '2019-09-22 15:52:43'),
	(768, 109, 380.952, 184, 183, 77, 1, 1, 0, 0, 95.238, '2019-09-22 15:52:43'),
	(769, 109, 476.19, 183, 184, 19, 1, 0, 0, 3, 95.238, '2019-09-22 15:52:44'),
	(770, 109, 476.19, 184, 183, 77, 1, 0, 0, 0, 95.238, '2019-09-22 15:52:44'),
	(771, 109, 571.428, 183, 184, 19, 1, 0, 0, 3, 95.238, '2019-09-22 15:52:45'),
	(772, 109, 571.428, 184, 183, 77, 1, 1, 0, 0, 95.238, '2019-09-22 15:52:45'),
	(773, 110, 95.238, 185, 186, 77, 1, 1, 0, 0, 95.238, '2019-09-22 16:03:37'),
	(774, 110, 95.238, 186, 185, 77, 1, 0, 1, 0, 95.238, '2019-09-22 16:03:37'),
	(775, 110, 190.476, 185, 186, 77, 1, 1, 0, 0, 95.238, '2019-09-22 16:03:40'),
	(776, 110, 190.476, 186, 185, 77, 1, 0, 1, 0, 95.238, '2019-09-22 16:03:40'),
	(777, 110, 285.714, 185, 186, 77, 1, 0, 0, 0, 95.238, '2019-09-22 16:03:42'),
	(778, 110, 285.714, 186, 185, 77, 1, 0, 0, 0, 95.238, '2019-09-22 16:03:42'),
	(779, 110, 380.952, 185, 186, 77, 1, 0, 0, 0, 95.238, '2019-09-22 16:03:45'),
	(780, 110, 380.952, 186, 185, 77, 1, 0, 1, 0, 95.238, '2019-09-22 16:03:45'),
	(781, 110, 476.19, 185, 185, 75, 1, 0, 0, 4, 95.238, '2019-09-22 16:03:48'),
	(782, 110, 476.19, 186, 185, 77, 1, 0, 1, 0, 95.238, '2019-09-22 16:03:48'),
	(783, 110, 571.428, 185, 186, 77, 1, 0, 0, 0, 90.909, '2019-09-22 16:03:50'),
	(784, 110, 571.428, 186, 185, 77, 1, 1, 1, 0, 95.238, '2019-09-22 16:03:50'),
	(785, 110, 662.337, 185, 186, 19, 1, 0, 0, 3, 86.956, '2019-09-22 16:03:52'),
	(786, 110, 666.666, 186, 185, 77, 1, 0, 0, 0, 95.238, '2019-09-22 16:03:52'),
	(787, 110, 749.293, 185, 186, 19, 1, 0, 0, 3, 86.956, '2019-09-22 16:03:53'),
	(788, 110, 761.904, 186, 185, 77, 1, 0, 0, 0, 95.238, '2019-09-22 16:03:53'),
	(789, 111, 95.238, 187, 188, 77, 1, 1, 0, 0, 95.238, '2019-09-22 16:56:10'),
	(790, 111, 95.238, 188, 187, 77, 1, 0, 1, 0, 95.238, '2019-09-22 16:56:10'),
	(791, 111, 190.476, 187, 187, 75, 1, 0, 0, 4, 95.238, '2019-09-22 16:56:14'),
	(792, 111, 190.476, 188, 187, 77, 1, 0, 0, 0, 95.238, '2019-09-22 16:56:14'),
	(793, 111, 285.714, 187, 187, 75, 1, 0, 0, 4, 90.909, '2019-09-22 16:56:16'),
	(794, 111, 285.714, 188, 187, 77, 1, 0, 0, 0, 95.238, '2019-09-22 16:56:16'),
	(795, 111, 376.623, 187, 187, 75, 1, 0, 0, 4, 83.333, '2019-09-22 16:56:17'),
	(796, 111, 380.952, 188, 187, 77, 1, 0, 1, 0, 95.238, '2019-09-22 16:56:18'),
	(797, 111, 459.956, 187, 187, 75, 1, 0, 0, 4, 76.923, '2019-09-22 16:56:19'),
	(798, 111, 476.19, 188, 187, 77, 1, 0, 1, 0, 95.238, '2019-09-22 16:56:19'),
	(799, 111, 536.879, 187, 187, 75, 1, 0, 0, 4, 71.428, '2019-09-22 16:56:20'),
	(800, 111, 571.428, 188, 187, 77, 1, 0, 1, 0, 95.238, '2019-09-22 16:56:20'),
	(801, 111, 608.307, 187, 187, 75, 1, 0, 0, 4, 66.666, '2019-09-22 16:56:21'),
	(802, 111, 666.666, 188, 187, 77, 1, 0, 1, 0, 95.238, '2019-09-22 16:56:21'),
	(803, 111, 674.973, 187, 187, 75, 1, 0, 0, 4, 62.5, '2019-09-22 16:56:21'),
	(804, 111, 737.473, 187, 188, 77, 0, 0, 0, 0, 58.823, '2019-09-22 16:56:30'),
	(805, 111, 761.904, 188, 187, 77, 1, 0, 0, 0, 95.238, '2019-09-22 16:56:30'),
	(806, 111, 796.296, 187, 188, 77, 1, 0, 0, 0, 57.142, '2019-09-22 16:56:37'),
	(807, 111, 853.438, 187, 188, 77, 1, 0, 0, 0, 57.142, '2019-09-22 16:56:47'),
	(808, 111, 857.142, 188, 187, 77, 1, 1, 0, 0, 95.238, '2019-09-22 16:56:47'),
	(809, 111, 910.58, 187, 188, 77, 1, 0, 0, 0, 57.142, '2019-09-22 16:56:56'),
	(810, 111, 952.38, 188, 187, 77, 1, 0, 0, 0, 95.238, '2019-09-22 16:56:56'),
	(811, 111, 967.722, 187, 188, 77, 1, 0, 0, 0, 57.142, '2019-09-22 16:56:59'),
	(812, 111, 1024.86, 187, 188, 77, 1, 0, 0, 0, 57.142, '2019-09-22 16:57:01'),
	(813, 111, 1047.62, 188, 187, 77, 1, 0, 0, 0, 95.238, '2019-09-22 16:57:01'),
	(814, 111, 1082, 187, 188, 77, 1, 1, 0, 0, 57.142, '2019-09-22 16:57:03'),
	(815, 111, 1139.14, 187, 188, 77, 1, 0, 1, 0, 57.142, '2019-09-22 16:57:13'),
	(816, 111, 1142.86, 188, 187, 77, 1, 1, 0, 0, 95.238, '2019-09-22 16:57:13'),
	(817, 111, 1196.28, 187, 188, 77, 1, 0, 0, 0, 57.142, '2019-09-22 16:57:16'),
	(818, 111, 1238.1, 188, 187, 77, 1, 0, 0, 0, 95.238, '2019-09-22 16:57:16'),
	(819, 111, 1253.42, 187, 188, 77, 1, 0, 0, 0, 57.142, '2019-09-22 16:57:18'),
	(820, 112, 95.238, 189, 190, 19, 1, 0, 0, 3, 95.238, '2019-09-22 16:58:13'),
	(821, 112, 190.476, 189, 190, 77, 1, 1, 1, 0, 95.238, '2019-09-22 16:58:20'),
	(822, 112, 285.714, 189, 190, 77, 1, 0, 0, 0, 95.238, '2019-09-22 16:58:25'),
	(823, 112, 380.952, 189, 190, 77, 1, 1, 0, 0, 95.238, '2019-09-22 16:58:30'),
	(824, 112, 476.19, 189, 190, 77, 1, 0, 0, 0, 95.238, '2019-09-22 16:58:34'),
	(825, 112, 500, 190, 189, 77, 1, 0, 0, 0, 500, '2019-09-22 16:58:34'),
	(826, 112, 571.428, 189, 190, 77, 1, 1, 0, 0, 95.238, '2019-09-22 17:02:08'),
	(827, 112, 666.666, 189, 190, 77, 1, 0, 0, 0, 95.238, '2019-09-22 17:02:11'),
	(828, 112, 761.904, 189, 190, 19, 1, 0, 0, 3, 95.238, '2019-09-22 17:02:14'),
	(829, 112, 857.142, 189, 189, 75, 1, 0, 0, 4, 95.238, '2019-09-22 17:02:18'),
	(830, 112, 952.38, 189, 189, 75, 1, 0, 0, 4, 90.909, '2019-09-22 17:02:20'),
	(831, 112, 1000, 190, 189, 77, 1, 0, 0, 0, 500, '2019-09-22 17:02:20'),
	(832, 112, 1043.29, 189, 189, 75, 1, 0, 0, 4, 83.333, '2019-09-22 17:02:21'),
	(833, 113, 95.238, 191, 192, 16, 1, 0, 0, 5, 95.238, '2019-09-22 17:02:57'),
	(834, 113, 190.476, 191, 192, 77, 1, 0, 0, 0, 95.238, '2019-09-22 17:03:07'),
	(835, 113, 200, 192, 191, 77, 1, 0, 0, 0, 222.222, '2019-09-22 17:03:07'),
	(836, 113, 285.714, 191, 192, 77, 1, 0, 0, 0, 95.238, '2019-09-22 17:03:20'),
	(837, 113, 380.952, 191, 192, 77, 1, 1, 0, 0, 95.238, '2019-09-22 17:03:25'),
	(838, 113, 422.222, 192, 191, 77, 1, 0, 0, 0, 222.222, '2019-09-22 17:03:25'),
	(839, 113, 476.19, 191, 192, 77, 1, 0, 0, 0, 95.238, '2019-09-22 17:03:33'),
	(840, 113, 571.428, 191, 192, 77, 1, 0, 0, 0, 95.238, '2019-09-22 17:03:43'),
	(841, 113, 644.444, 192, 191, 77, 1, 0, 0, 0, 200, '2019-09-22 17:03:43'),
	(842, 113, 666.666, 191, 192, 77, 1, 1, 0, 0, 95.238, '2019-09-22 17:03:46'),
	(843, 113, 761.904, 191, 192, 77, 1, 0, 0, 0, 95.238, '2019-09-22 17:03:49'),
	(844, 113, 844.444, 192, 191, 77, 1, 0, 1, 0, 200, '2019-09-22 17:03:49'),
	(845, 113, 857.142, 191, 191, 75, 1, 0, 0, 4, 95.238, '2019-09-22 17:03:51'),
	(846, 113, 952.38, 191, 191, 75, 1, 0, 0, 4, 90.909, '2019-09-22 17:03:52'),
	(847, 113, 1043.29, 191, 191, 75, 1, 0, 0, 4, 83.333, '2019-09-22 17:03:53'),
	(848, 113, 1044.44, 192, 191, 77, 1, 0, 0, 0, 200, '2019-09-22 17:03:53'),
	(849, 113, 1126.62, 191, 192, 77, 1, 0, 0, 0, 76.923, '2019-09-22 17:03:56'),
	(850, 114, 95.238, 193, 193, 75, 1, 0, 0, 4, 95.238, '2019-09-22 17:05:03'),
	(851, 114, 190.476, 193, 194, 77, 1, 1, 0, 0, 90.909, '2019-09-22 17:05:09'),
	(852, 114, 200, 194, 193, 77, 1, 0, 0, 0, 200, '2019-09-22 17:05:09'),
	(853, 114, 281.385, 193, 194, 77, 0, 1, 0, 0, 86.956, '2019-09-22 17:05:11'),
	(854, 114, 368.341, 193, 194, 77, 1, 0, 0, 0, 86.956, '2019-09-22 17:05:12'),
	(855, 114, 400, 194, 193, 77, 1, 1, 1, 0, 200, '2019-09-22 17:05:13'),
	(856, 114, 455.297, 193, 194, 77, 1, 0, 0, 0, 86.956, '2019-09-22 17:05:14'),
	(857, 114, 542.253, 193, 194, 77, 0, 1, 0, 0, 86.956, '2019-09-22 17:05:18'),
	(858, 114, 600, 194, 193, 77, 1, 0, 0, 0, 200, '2019-09-22 17:05:18'),
	(859, 114, 629.209, 193, 194, 16, 1, 0, 0, 5, 86.956, '2019-09-22 17:05:29'),
	(860, 114, 716.165, 193, 194, 19, 1, 0, 0, 3, 86.956, '2019-09-22 17:05:47'),
	(861, 114, 800, 194, 193, 77, 1, 0, 1, 0, 222.222, '2019-09-22 17:05:47'),
	(862, 114, 803.121, 193, 194, 77, 1, 0, 0, 0, 86.956, '2019-09-22 17:06:43'),
	(863, 114, 890.077, 193, 194, 77, 1, 0, 0, 0, 86.956, '2019-09-22 17:07:26'),
	(864, 114, 977.033, 193, 194, 77, 1, 0, 0, 0, 86.956, '2019-09-22 17:07:31'),
	(865, 114, 1022.22, 194, 193, 77, 1, 0, 1, 0, 222.222, '2019-09-22 17:07:31'),
	(866, 114, 1063.99, 193, 194, 77, 1, 0, 0, 0, 86.956, '2019-09-22 17:07:47'),
	(867, 114, 1150.95, 193, 194, 77, 1, 1, 0, 0, 86.956, '2019-09-22 17:07:53'),
	(868, 114, 1237.91, 193, 194, 77, 1, 0, 0, 0, 86.956, '2019-09-22 17:07:57'),
	(869, 114, 1244.44, 194, 193, 77, 1, 0, 0, 0, 200, '2019-09-22 17:07:57'),
	(870, 114, 1324.87, 193, 194, 77, 1, 1, 0, 0, 86.956, '2019-09-22 17:08:03'),
	(871, 114, 1411.83, 193, 194, 77, 1, 0, 0, 0, 86.956, '2019-09-22 17:13:13'),
	(872, 114, 1444.44, 194, 193, 77, 1, 0, 0, 0, 200, '2019-09-22 17:13:13'),
	(873, 114, 1498.79, 193, 193, 75, 1, 0, 0, 4, 86.956, '2019-09-22 17:13:20'),
	(874, 114, 1585.75, 193, 194, 77, 1, 0, 0, 0, 83.333, '2019-09-22 17:13:24'),
	(875, 114, 1644.44, 194, 193, 77, 0, 0, 0, 0, 200, '2019-09-22 17:13:24'),
	(876, 114, 1669.08, 193, 194, 77, 1, 1, 0, 0, 80, '2019-09-22 17:13:27'),
	(877, 114, 1749.08, 193, 194, 77, 1, 1, 0, 0, 80, '2019-09-22 17:13:29'),
	(878, 114, 1829.08, 193, 194, 77, 1, 0, 0, 0, 80, '2019-09-22 17:13:32'),
	(879, 114, 1844.44, 194, 193, 77, 1, 0, 1, 0, 200, '2019-09-22 17:13:32'),
	(880, 114, 1909.08, 193, 194, 16, 1, 0, 0, 5, 80, '2019-09-22 17:13:39'),
	(881, 114, 1989.08, 193, 194, 77, 1, 1, 0, 0, 80, '2019-09-22 17:13:46'),
	(882, 114, 2044.44, 194, 193, 77, 1, 0, 0, 0, 222.222, '2019-09-22 17:13:46'),
	(883, 114, 2069.08, 193, 194, 77, 1, 0, 0, 0, 80, '2019-09-22 17:14:11'),
	(884, 114, 2149.08, 193, 194, 77, 1, 0, 0, 0, 80, '2019-09-22 17:14:15'),
	(885, 114, 2229.08, 193, 194, 77, 1, 1, 0, 0, 80, '2019-09-22 17:15:12'),
	(886, 114, 2266.66, 194, 193, 77, 1, 0, 1, 0, 200, '2019-09-22 17:15:12'),
	(887, 114, 2309.08, 193, 194, 77, 1, 0, 0, 0, 80, '2019-09-22 17:15:49'),
	(888, 114, 2389.08, 193, 194, 77, 1, 0, 0, 0, 80, '2019-09-22 17:15:58'),
	(889, 114, 2466.66, 194, 193, 77, 1, 1, 1, 0, 200, '2019-09-22 17:15:58'),
	(890, 114, 2469.08, 193, 194, 77, 1, 0, 0, 0, 80, '2019-09-22 17:16:05'),
	(891, 114, 2549.08, 193, 194, 16, 1, 0, 0, 5, 80, '2019-09-22 17:16:16'),
	(892, 114, 2629.08, 193, 194, 77, 1, 0, 0, 0, 80, '2019-09-22 17:16:22'),
	(893, 114, 2666.66, 194, 193, 77, 0, 0, 0, 0, 222.222, '2019-09-22 17:16:22'),
	(894, 114, 2709.08, 193, 194, 77, 1, 0, 0, 0, 80, '2019-09-22 17:16:42'),
	(895, 114, 2789.08, 193, 194, 77, 1, 0, 0, 0, 80, '2019-09-22 17:16:48'),
	(896, 114, 2869.08, 193, 194, 77, 1, 0, 0, 0, 80, '2019-09-22 17:18:04'),
	(897, 114, 2888.88, 194, 193, 77, 1, 0, 0, 0, 200, '2019-09-22 17:18:04'),
	(898, 114, 2949.08, 193, 194, 19, 1, 1, 0, 3, 80, '2019-09-22 17:18:09'),
	(899, 114, 3029.08, 193, 194, 77, 1, 0, 0, 0, 80, '2019-09-22 17:18:12'),
	(900, 114, 3088.88, 194, 193, 77, 1, 0, 0, 0, 200, '2019-09-22 17:18:12'),
	(901, 114, 3109.08, 193, 194, 77, 1, 0, 0, 0, 80, '2019-09-22 17:18:14'),
	(902, 114, 3189.08, 193, 194, 77, 1, 0, 0, 0, 80, '2019-09-22 17:18:23'),
	(903, 114, 3269.08, 193, 194, 77, 1, 0, 0, 0, 80, '2019-09-22 17:18:24'),
	(904, 114, 3288.88, 194, 193, 77, 1, 0, 1, 0, 200, '2019-09-22 17:18:24'),
	(905, 114, 3349.08, 193, 194, 77, 0, 0, 1, 0, 80, '2019-09-22 17:18:26'),
	(906, 114, 3429.08, 193, 194, 77, 1, 0, 1, 0, 80, '2019-09-22 17:18:46'),
	(907, 114, 3488.88, 194, 193, 77, 1, 0, 0, 0, 200, '2019-09-22 17:18:46'),
	(908, 114, 3509.08, 193, 194, 77, 1, 1, 0, 0, 80, '2019-09-22 17:18:48'),
	(909, 114, 3589.08, 193, 194, 77, 1, 0, 0, 0, 80, '2019-09-22 17:18:50'),
	(910, 115, 95.238, 195, 195, 75, 1, 0, 0, 4, 95.238, '2019-09-22 17:47:54'),
	(911, 115, 190.476, 195, 195, 75, 1, 0, 0, 4, 90.909, '2019-09-22 17:47:55'),
	(912, 115, 200, 196, 195, 77, 1, 0, 0, 0, 200, '2019-09-22 17:47:56'),
	(913, 115, 281.385, 195, 195, 75, 1, 0, 0, 4, 83.333, '2019-09-22 17:47:56'),
	(914, 115, 364.718, 195, 195, 75, 1, 0, 0, 4, 76.923, '2019-09-22 17:47:57'),
	(915, 115, 400, 196, 195, 77, 1, 0, 0, 0, 200, '2019-09-22 17:47:57'),
	(916, 115, 441.641, 195, 195, 75, 1, 0, 0, 4, 71.428, '2019-09-22 17:47:58'),
	(917, 115, 513.069, 195, 195, 75, 1, 0, 0, 4, 66.666, '2019-09-22 17:47:58'),
	(918, 115, 579.735, 195, 195, 75, 1, 0, 0, 4, 62.5, '2019-09-22 17:47:59'),
	(919, 115, 600, 196, 195, 77, 1, 0, 0, 0, 200, '2019-09-22 17:47:59'),
	(920, 115, 642.235, 195, 196, 19, 1, 1, 0, 3, 58.823, '2019-09-22 18:13:35'),
	(921, 115, 701.058, 195, 196, 77, 1, 0, 0, 0, 57.142, '2019-09-22 18:27:12'),
	(922, 115, 758.2, 195, 196, 77, 1, 0, 1, 0, 57.142, '2019-09-22 18:27:13'),
	(923, 115, 800, 196, 195, 77, 1, 0, 1, 0, 200, '2019-09-22 18:27:13'),
	(924, 115, 815.342, 195, 196, 77, 1, 0, 0, 0, 57.142, '2019-09-22 18:27:15'),
	(925, 115, 872.484, 195, 196, 77, 1, 0, 0, 0, 57.142, '2019-09-22 18:27:15'),
	(926, 115, 929.626, 195, 196, 77, 1, 0, 0, 0, 57.142, '2019-09-22 18:27:17'),
	(927, 115, 986.768, 195, 196, 77, 0, 0, 0, 0, 57.142, '2019-09-22 18:27:17'),
	(928, 115, 1000, 196, 195, 77, 1, 0, 0, 0, 200, '2019-09-22 18:27:17'),
	(929, 115, 1043.91, 195, 196, 77, 1, 1, 0, 0, 57.142, '2019-09-22 18:27:19'),
	(930, 115, 1101.05, 195, 196, 77, 0, 1, 0, 0, 57.142, '2019-09-22 18:27:20'),
	(931, 115, 1158.19, 195, 196, 77, 1, 1, 0, 0, 57.142, '2019-09-22 18:27:21'),
	(932, 115, 1200, 196, 195, 77, 1, 0, 1, 0, 200, '2019-09-22 18:27:21'),
	(933, 115, 1215.33, 195, 196, 77, 1, 1, 0, 0, 57.142, '2019-09-22 18:27:22'),
	(934, 115, 1272.47, 195, 196, 77, 1, 0, 0, 0, 57.142, '2019-09-22 18:27:23'),
	(935, 115, 1329.61, 195, 196, 77, 1, 0, 0, 0, 57.142, '2019-09-22 18:27:24'),
	(936, 115, 1386.75, 195, 196, 77, 1, 0, 0, 0, 57.142, '2019-09-22 18:27:25'),
	(937, 116, 95.238, 197, 199, 19, 1, 1, 0, 3, 95.238, '2019-09-22 18:28:18'),
	(938, 116, 90.909, 199, 197, 77, 1, 0, 1, 0, 90.909, '2019-09-22 18:28:18'),
	(939, 116, 181.818, 199, 197, 77, 1, 0, 1, 0, 90.909, '2019-09-22 18:28:18'),
	(940, 116, 190.476, 197, 199, 19, 1, 0, 0, 3, 95.238, '2019-09-22 18:28:22'),
	(941, 116, 200, 198, 197, 77, 1, 0, 0, 0, 200, '2019-09-22 18:28:22'),
	(942, 116, 272.727, 199, 197, 77, 1, 1, 0, 0, 90.909, '2019-09-22 18:28:22'),
	(943, 116, 285.714, 197, 198, 19, 1, 0, 0, 3, 95.238, '2019-09-22 18:28:27'),
	(944, 116, 380.952, 197, 198, 19, 1, 0, 0, 3, 95.238, '2019-09-22 18:28:30'),
	(945, 116, 400, 198, 197, 77, 1, 0, 1, 0, 200, '2019-09-22 18:28:30'),
	(946, 116, 476.19, 197, 198, 77, 1, 1, 0, 0, 95.238, '2019-09-22 18:28:33'),
	(947, 116, 571.428, 197, 198, 77, 1, 0, 0, 0, 95.238, '2019-09-22 18:28:37'),
	(948, 116, 666.666, 197, 197, 75, 0, 0, 0, 4, 95.238, '2019-09-22 18:28:45'),
	(949, 116, 761.904, 197, 198, 77, 0, 0, 0, 0, 95.238, '2019-09-22 18:28:47'),
	(950, 118, 95.238, 203, 205, 19, 1, 0, 0, 3, 95.238, '2019-09-22 18:31:27'),
	(951, 118, 90.909, 205, 203, 77, 1, 0, 0, 0, 90.909, '2019-09-22 18:31:27'),
	(952, 118, 90.909, 206, 203, 77, 1, 0, 0, 0, 90.909, '2019-09-22 18:31:27'),
	(953, 118, 181.818, 205, 203, 77, 1, 1, 0, 0, 90.909, '2019-09-22 18:31:27'),
	(954, 118, 181.818, 206, 203, 77, 0, 0, 0, 0, 90.909, '2019-09-22 18:31:27'),
	(955, 118, 190.476, 203, 206, 19, 1, 0, 0, 3, 95.238, '2019-09-22 18:31:44'),
	(956, 118, 200, 204, 203, 77, 1, 0, 0, 0, 200, '2019-09-22 18:31:44'),
	(957, 118, 272.727, 206, 203, 77, 0, 0, 1, 0, 90.909, '2019-09-22 18:31:44'),
	(958, 118, 285.714, 203, 203, 75, 1, 0, 0, 4, 95.238, '2019-09-22 18:31:50'),
	(959, 118, 380.952, 203, 204, 16, 1, 0, 0, 5, 90.909, '2019-09-22 18:31:55'),
	(960, 118, 400, 204, 203, 77, 1, 0, 0, 0, 222.222, '2019-09-22 18:31:55'),
	(961, 118, 471.861, 203, 204, 19, 1, 0, 0, 3, 86.956, '2019-09-22 18:31:56'),
	(962, 118, 558.817, 203, 204, 19, 1, 0, 0, 3, 86.956, '2019-09-22 18:31:58'),
	(963, 118, 622.222, 204, 203, 77, 1, 0, 1, 0, 200, '2019-09-22 18:31:58'),
	(964, 118, 645.773, 203, 204, 77, 1, 1, 0, 0, 86.956, '2019-09-22 18:32:01'),
	(965, 118, 732.729, 203, 203, 75, 1, 0, 0, 4, 86.956, '2019-09-22 18:32:02'),
	(966, 119, 95.238, 207, 208, 5, 1, 1, 0, 1, 95.238, '2019-09-22 20:17:44'),
	(967, 119, 190.476, 207, 208, 5, 1, 0, 0, 1, 95.238, '2019-09-22 20:17:50'),
	(968, 119, 200, 208, 207, 77, 1, 0, 1, 0, 200, '2019-09-22 20:17:50'),
	(969, 119, 285.714, 207, 208, 77, 0, 0, 0, 0, 95.238, '2019-09-22 20:18:01'),
	(970, 119, 380.952, 207, 208, 77, 1, 1, 0, 0, 95.238, '2019-09-22 20:18:02'),
	(971, 119, 400, 208, 207, 77, 1, 0, 1, 0, 200, '2019-09-22 20:18:02'),
	(972, 119, 476.19, 207, 208, 77, 1, 0, 0, 0, 95.238, '2019-09-22 20:18:04'),
	(973, 119, 571.428, 207, 208, 77, 1, 0, 0, 0, 95.238, '2019-09-22 20:18:06'),
	(974, 119, 600, 208, 207, 77, 1, 0, 0, 0, 200, '2019-09-22 20:18:06'),
	(975, 119, 666.666, 207, 208, 77, 1, 0, 0, 0, 95.238, '2019-09-25 19:03:15'),
	(976, 119, 761.904, 207, 208, 77, 1, 1, 0, 0, 95.238, '2019-09-25 19:03:19'),
	(977, 119, 800, 208, 207, 77, 1, 0, 1, 0, 200, '2019-09-25 19:03:19'),
	(978, 119, 857.142, 207, 208, 77, 1, 1, 0, 0, 95.238, '2019-09-25 19:03:23'),
	(979, 119, 952.38, 207, 208, 77, 1, 1, 0, 0, 95.238, '2019-09-25 19:03:26'),
	(980, 119, 1000, 208, 207, 77, 1, 0, 1, 0, 200, '2019-09-25 19:03:26'),
	(981, 119, 1047.62, 207, 208, 77, 0, 0, 0, 0, 95.238, '2019-09-25 19:03:30'),
	(982, 119, 1142.86, 207, 208, 77, 1, 0, 0, 0, 95.238, '2019-09-25 19:03:33'),
	(983, 119, 1200, 208, 207, 77, 1, 0, 0, 0, 200, '2019-09-25 19:03:33'),
	(984, 119, 1238.1, 207, 207, 75, 1, 0, 0, 4, 95.238, '2019-09-25 19:03:45'),
	(985, 119, 1333.34, 207, 208, 5, 1, 1, 0, 1, 90.909, '2019-09-25 19:03:51'),
	(986, 119, 1400, 208, 207, 77, 1, 1, 0, 0, 200, '2019-09-25 19:03:51'),
	(987, 119, 1424.25, 207, 208, 5, 1, 1, 0, 1, 86.956, '2019-09-25 19:03:55'),
	(988, 119, 1511.21, 207, 208, 5, 1, 0, 0, 1, 86.956, '2019-09-25 19:04:01'),
	(989, 119, 1598.17, 207, 208, 5, 1, 0, 0, 1, 86.956, '2019-09-25 19:04:06'),
	(990, 119, 1600, 208, 207, 77, 1, 0, 0, 0, 200, '2019-09-25 19:04:06'),
	(991, 119, 1685.13, 207, 208, 5, 0, 0, 1, 1, 86.956, '2019-09-25 19:04:09'),
	(992, 119, 1772.09, 207, 208, 5, 1, 1, 0, 1, 86.956, '2019-09-25 19:04:12'),
	(993, 119, 1800, 208, 207, 77, 1, 0, 0, 0, 200, '2019-09-25 19:04:12'),
	(994, 119, 1859.05, 207, 208, 5, 1, 0, 0, 1, 86.956, '2019-09-25 19:04:14'),
	(995, 119, 1946.01, 207, 208, 5, 1, 0, 0, 1, 86.956, '2019-09-25 19:04:16'),
	(996, 119, 2000, 208, 207, 77, 1, 0, 0, 0, 200, '2019-09-25 19:04:16'),
	(997, 119, 2032.97, 207, 208, 5, 1, 0, 0, 1, 86.956, '2019-09-25 19:04:20'),
	(998, 119, 2119.93, 207, 208, 5, 1, 0, 0, 1, 86.956, '2019-09-25 19:04:23'),
	(999, 119, 2200, 208, 207, 77, 1, 0, 0, 0, 200, '2019-09-25 19:04:23'),
	(1000, 119, 2206.89, 207, 208, 5, 0, 0, 0, 1, 86.956, '2019-09-25 19:04:26'),
	(1001, 119, 2293.85, 207, 207, 75, 1, 0, 0, 4, 86.956, '2019-09-25 19:04:29'),
	(1002, 119, 2380.81, 207, 208, 16, 1, 0, 0, 5, 83.333, '2019-09-25 19:04:32'),
	(1003, 119, 2400, 208, 207, 77, 1, 0, 1, 0, 222.222, '2019-09-25 19:04:32'),
	(1004, 119, 2464.14, 207, 208, 19, 1, 0, 0, 3, 80, '2019-09-25 19:04:34'),
	(1005, 119, 2544.14, 207, 208, 5, 1, 1, 0, 1, 80, '2019-09-25 19:04:38'),
	(1006, 119, 2622.22, 208, 207, 77, 1, 0, 0, 0, 200, '2019-09-25 19:04:38'),
	(1007, 119, 2624.14, 207, 208, 77, 1, 0, 0, 0, 80, '2019-09-25 19:04:42'),
	(1008, 120, 95.238, 209, 210, 5, 0, 0, 0, 1, 95.238, '2019-09-25 19:46:17'),
	(1009, 120, 190.476, 209, 210, 5, 1, 1, 0, 1, 95.238, '2019-09-25 19:46:19'),
	(1010, 120, 200, 210, 209, 77, 1, 0, 0, 0, 200, '2019-09-25 19:46:19'),
	(1011, 120, 285.714, 209, 210, 5, 1, 1, 0, 1, 95.238, '2019-09-25 19:46:22'),
	(1012, 120, 380.952, 209, 210, 5, 1, 0, 0, 1, 95.238, '2019-09-25 19:46:23'),
	(1013, 120, 400, 210, 209, 77, 1, 0, 1, 0, 200, '2019-09-25 19:46:23'),
	(1014, 120, 476.19, 209, 210, 5, 1, 1, 0, 1, 95.238, '2019-09-25 19:46:24'),
	(1015, 120, 571.428, 209, 210, 19, 1, 0, 0, 3, 95.238, '2019-09-25 19:46:26'),
	(1016, 120, 600, 210, 209, 77, 1, 0, 0, 0, 200, '2019-09-25 19:46:26'),
	(1017, 120, 666.666, 209, 210, 16, 1, 1, 0, 5, 95.238, '2019-09-25 19:46:28'),
	(1018, 120, 761.904, 209, 210, 19, 1, 0, 0, 3, 95.238, '2019-09-25 19:46:29'),
	(1019, 120, 800, 210, 209, 77, 1, 0, 1, 0, 200, '2019-09-25 19:46:29'),
	(1020, 120, 857.142, 209, 209, 75, 1, 0, 0, 4, 95.238, '2019-09-25 19:46:31'),
	(1021, 121, 95.238, 211, 211, 75, 1, 0, 0, 4, 95.238, '2019-09-25 20:08:09'),
	(1022, 121, 190.476, 211, 212, 77, 1, 0, 0, 0, 90.909, '2019-09-25 20:08:21'),
	(1023, 121, 200, 212, 211, 77, 1, 0, 1, 0, 200, '2019-09-25 20:08:21'),
	(1024, 121, 281.385, 211, 212, 77, 1, 1, 0, 0, 86.956, '2019-09-25 20:08:43'),
	(1025, 121, 368.341, 211, 212, 77, 1, 0, 0, 0, 86.956, '2019-09-25 20:08:47'),
	(1026, 121, 400, 212, 211, 77, 1, 0, 0, 0, 200, '2019-09-25 20:08:47'),
	(1027, 121, 455.297, 211, 212, 19, 1, 0, 0, 3, 86.956, '2019-09-25 20:08:57'),
	(1028, 121, 542.253, 211, 212, 16, 1, 0, 0, 5, 86.956, '2019-09-25 20:09:03'),
	(1029, 121, 600, 212, 211, 77, 1, 1, 0, 0, 222.222, '2019-09-25 20:09:03'),
	(1030, 121, 629.209, 211, 211, 75, 1, 0, 0, 4, 86.956, '2019-09-25 20:09:08'),
	(1031, 121, 716.165, 211, 212, 77, 1, 0, 0, 0, 83.333, '2019-09-25 20:09:11'),
	(1032, 122, 95.238, 213, 214, 77, 1, 0, 0, 0, 95.238, '2019-09-25 20:25:00'),
	(1033, 122, 190.476, 213, 214, 5, 1, 1, 0, 1, 95.238, '2019-09-25 20:25:06'),
	(1034, 122, 200, 214, 213, 77, 1, 0, 0, 0, 200, '2019-09-25 20:25:06'),
	(1035, 122, 285.714, 213, 214, 5, 1, 0, 0, 1, 95.238, '2019-09-25 20:25:13'),
	(1036, 122, 380.952, 213, 213, 75, 1, 0, 0, 4, 95.238, '2019-09-25 20:25:28'),
	(1037, 122, 400, 214, 213, 77, 1, 0, 0, 0, 200, '2019-09-25 20:25:28'),
	(1038, 122, 600, 214, 214, 29, 1, 0, 0, 1, 200, '2019-09-25 20:25:49'),
	(1039, 122, 476.19, 213, 214, 77, 1, 0, 0, 0, 90.909, '2019-09-28 15:45:29'),
	(1040, 122, 567.099, 213, 214, 77, 1, 0, 0, 0, 86.956, '2019-09-28 15:45:32'),
	(1041, 122, 654.055, 213, 214, 77, 1, 0, 1, 0, 86.956, '2019-09-28 15:45:33'),
	(1042, 122, 741.011, 213, 214, 77, 1, 0, 0, 0, 86.956, '2019-09-28 15:45:36'),
	(1043, 122, 800, 214, 213, 77, 1, 0, 0, 0, 200, '2019-09-28 15:45:36'),
	(1044, 122, 827.967, 213, 214, 77, 1, 0, 0, 0, 86.956, '2019-09-28 15:45:55'),
	(1045, 122, 914.923, 213, 214, 77, 1, 0, 0, 0, 86.956, '2019-09-28 15:45:58'),
	(1046, 122, 1000, 214, 213, 77, 1, 0, 0, 0, 200, '2019-09-28 15:45:58'),
	(1047, 122, 1001.88, 213, 214, 77, 1, 1, 0, 0, 86.956, '2019-09-28 16:33:00'),
	(1048, 122, 1088.84, 213, 214, 77, 1, 0, 0, 0, 86.956, '2019-09-28 16:33:02'),
	(1049, 123, 95.238, 215, 216, 77, 1, 0, 0, 0, 95.238, '2019-09-28 16:33:51'),
	(1050, 123, 190.476, 215, 216, 77, 1, 0, 0, 0, 95.238, '2019-09-28 16:33:53'),
	(1051, 123, 200, 216, 215, 77, 1, 1, 0, 0, 200, '2019-09-28 16:33:53'),
	(1052, 123, 285.714, 215, 216, 77, 1, 0, 0, 0, 95.238, '2019-09-28 16:34:54'),
	(1053, 123, 380.952, 215, 216, 77, 1, 0, 0, 0, 95.238, '2019-09-28 16:34:56'),
	(1054, 123, 400, 216, 215, 77, 1, 0, 0, 0, 200, '2019-09-28 16:34:56'),
	(1055, 123, 476.19, 215, 216, 77, 1, 0, 0, 0, 95.238, '2019-09-28 18:08:09'),
	(1056, 123, 571.428, 215, 216, 77, 1, 0, 0, 0, 95.238, '2019-09-28 18:08:15'),
	(1057, 123, 571.428, 215, 216, 77, 1, 1, 0, 0, 95.238, '2019-09-28 18:09:15'),
	(1058, 123, 571.428, 215, 216, 77, 1, 1, 0, 0, 95.238, '2019-09-28 18:10:08'),
	(1059, 123, 600, 216, 216, 29, 1, 0, 0, 1, 200, '2019-09-28 18:10:08'),
	(1060, 123, 666.666, 215, 216, 77, 1, 1, 0, 0, 95.238, '2019-09-28 18:10:20'),
	(1061, 123, 761.904, 215, 216, 77, 1, 0, 0, 0, 95.238, '2019-09-28 18:10:23'),
	(1062, 123, 800, 216, 216, 29, 1, 0, 0, 1, 200, '2019-09-28 18:10:23'),
	(1063, 123, 857.142, 215, 216, 77, 1, 1, 0, 0, 95.238, '2019-09-28 18:10:28'),
	(1064, 123, 952.38, 215, 216, 77, 0, 1, 0, 0, 95.238, '2019-09-28 18:10:32'),
	(1065, 123, 1000, 216, 216, 29, 1, 0, 0, 1, 200, '2019-09-28 18:10:32'),
	(1066, 123, 1047.62, 215, 216, 77, 1, 1, 0, 0, 95.238, '2019-09-28 18:10:35'),
	(1067, 123, 1142.86, 215, 216, 77, 1, 1, 0, 0, 95.238, '2019-09-28 18:10:36'),
	(1068, 123, 1238.1, 215, 216, 77, 1, 0, 0, 0, 95.238, '2019-09-28 18:10:39'),
	(1069, 123, 1333.34, 215, 216, 77, 1, 1, 0, 0, 95.238, '2019-09-28 18:10:43'),
	(1070, 123, 1428.58, 215, 216, 77, 1, 1, 0, 0, 95.238, '2019-09-28 18:10:45'),
	(1071, 123, 1523.82, 215, 216, 77, 1, 1, 0, 0, 95.238, '2019-09-28 18:10:47'),
	(1072, 124, 95.238, 217, 218, 77, 1, 0, 0, 0, 95.238, '2019-09-28 18:11:57'),
	(1073, 124, 100, 218, 217, 77, 1, 0, 1, 0, 100, '2019-09-28 18:11:57'),
	(1074, 124, 190.476, 217, 218, 77, 1, 1, 0, 0, 95.238, '2019-09-28 18:12:04'),
	(1075, 124, 200, 218, 218, 29, 1, 0, 0, 1, 100, '2019-09-28 18:12:04'),
	(1076, 124, 285.714, 217, 218, 77, 1, 1, 0, 0, 95.238, '2019-09-28 18:12:10'),
	(1077, 124, 300, 218, 218, 29, 1, 0, 0, 1, 100, '2019-09-28 18:12:10'),
	(1078, 124, 380.952, 217, 218, 77, 1, 1, 0, 0, 95.238, '2019-09-28 18:12:12'),
	(1079, 124, 400, 218, 218, 29, 1, 0, 0, 1, 100, '2019-09-28 18:12:12'),
	(1080, 124, 476.19, 217, 218, 77, 1, 1, 0, 0, 95.238, '2019-09-28 18:12:15'),
	(1081, 124, 500, 218, 217, 77, 1, 0, 0, 0, 100, '2019-09-28 18:12:15'),
	(1082, 124, 571.428, 217, 218, 77, 1, 1, 0, 0, 95.238, '2019-09-28 18:14:17'),
	(1083, 124, 600, 218, 217, 77, 1, 0, 0, 0, 100, '2019-09-28 18:14:17'),
	(1084, 124, 666.666, 217, 218, 77, 1, 0, 0, 0, 95.238, '2019-09-28 18:14:19'),
	(1085, 124, 700, 218, 217, 77, 1, 0, 0, 0, 100, '2019-09-28 18:14:19'),
	(1086, 124, 761.904, 217, 218, 77, 1, 0, 0, 0, 95.238, '2019-09-28 18:14:21'),
	(1087, 124, 800, 218, 217, 77, 1, 1, 1, 0, 100, '2019-09-28 18:14:21'),
	(1088, 124, 857.142, 217, 218, 77, 1, 0, 0, 0, 95.238, '2019-09-28 18:14:24'),
	(1089, 124, 900, 218, 217, 77, 1, 0, 1, 0, 100, '2019-09-28 18:14:24'),
	(1090, 124, 952.38, 217, 218, 77, 1, 0, 0, 0, 95.238, '2019-09-28 18:14:25'),
	(1091, 124, 1000, 218, 217, 77, 1, 0, 0, 0, 100, '2019-09-28 18:14:25'),
	(1092, 124, 1047.62, 217, 218, 77, 1, 0, 0, 0, 95.238, '2019-09-28 18:14:27'),
	(1093, 124, 1142.86, 217, 218, 77, 1, 0, 0, 0, 95.238, '2019-09-28 18:14:29'),
	(1094, 124, 1238.1, 217, 218, 77, 1, 0, 0, 0, 95.238, '2019-09-28 18:14:31'),
	(1095, 124, 1333.34, 217, 218, 77, 1, 1, 0, 0, 95.238, '2019-09-28 18:14:32'),
	(1096, 124, 1428.58, 217, 218, 77, 1, 0, 0, 0, 95.238, '2019-09-28 18:14:35'),
	(1097, 125, 95.238, 219, 220, 5, 0, 0, 0, 1, 95.238, '2019-09-28 18:21:36'),
	(1098, 125, 90.909, 221, 219, 9, 1, 0, 0, 4, 90.909, '2019-09-28 18:21:36'),
	(1099, 125, 100, 220, 219, 77, 1, 0, 0, 0, 100, '2019-09-28 18:21:36'),
	(1100, 125, 181.818, 221, 219, 77, 1, 0, 0, 0, 90.909, '2019-09-28 18:21:36'),
	(1101, 125, 190.476, 219, 219, 75, 1, 0, 0, 4, 95.238, '2019-09-28 18:21:58'),
	(1102, 125, 200, 220, 219, 77, 1, 0, 1, 0, 100, '2019-09-28 18:21:58'),
	(1103, 125, 272.727, 221, 219, 9, 1, 0, 0, 4, 90.909, '2019-09-28 18:21:58'),
	(1104, 125, 285.714, 219, 221, 19, 1, 0, 0, 3, 90.909, '2019-09-28 18:22:55'),
	(1105, 125, 300, 220, 219, 79, 0, 0, 1, 0, 100, '2019-09-28 18:22:55'),
	(1106, 125, 363.636, 221, 219, 77, 1, 0, 0, 0, 90.909, '2019-09-28 18:22:55'),
	(1107, 125, 376.623, 219, 220, 19, 1, 0, 0, 3, 86.956, '2019-09-28 18:23:02'),
	(1108, 125, 400, 220, 219, 77, 1, 0, 1, 0, 100, '2019-09-28 18:23:02'),
	(1109, 125, 463.579, 219, 219, 75, 1, 0, 0, 4, 86.956, '2019-09-28 18:23:05'),
	(1110, 125, 500, 220, 219, 79, 1, 0, 0, 0, 100, '2019-09-28 18:23:05'),
	(1111, 125, 550.535, 219, 220, 77, 1, 0, 0, 0, 83.333, '2019-09-28 19:10:49'),
	(1112, 125, 600, 220, 219, 77, 1, 0, 0, 0, 100, '2019-09-28 19:10:49'),
	(1113, 125, 633.868, 219, 220, 77, 1, 1, 0, 0, 80, '2019-09-28 19:11:25'),
	(1114, 125, 700, 220, 219, 79, 1, 0, 0, 0, 100, '2019-09-28 19:11:25'),
	(1115, 125, 713.868, 219, 219, 75, 1, 0, 0, 4, 80, '2019-09-28 19:11:33'),
	(1116, 125, 793.868, 219, 220, 77, 1, 0, 0, 0, 76.923, '2019-09-28 19:12:35'),
	(1117, 125, 800, 220, 219, 79, 1, 0, 1, 0, 100, '2019-09-28 19:12:35'),
	(1118, 125, 870.791, 219, 220, 77, 1, 0, 0, 0, 74.074, '2019-09-28 19:12:38'),
	(1119, 125, 900, 220, 219, 79, 1, 0, 0, 0, 100, '2019-09-28 19:12:38'),
	(1120, 125, 944.865, 219, 220, 77, 1, 1, 0, 0, 74.074, '2019-09-28 19:12:41'),
	(1121, 125, 1000, 220, 219, 79, 1, 1, 1, 0, 100, '2019-09-28 19:12:41'),
	(1122, 125, 1018.94, 219, 220, 77, 1, 0, 0, 0, 74.074, '2019-09-28 19:12:45'),
	(1123, 126, 95.238, 222, 224, 19, 1, 0, 0, 3, 95.238, '2019-09-28 19:19:31'),
	(1124, 126, 90.909, 224, 222, 77, 1, 0, 0, 0, 90.909, '2019-09-28 19:19:31'),
	(1125, 126, 100, 223, 222, 77, 1, 0, 0, 0, 100, '2019-09-28 19:19:31'),
	(1126, 126, 190.476, 222, 223, 19, 1, 0, 0, 3, 95.238, '2019-09-28 19:21:26'),
	(1127, 126, 200, 223, 223, 29, 1, 0, 0, 1, 100, '2019-09-28 19:21:26'),
	(1128, 126, 285.714, 222, 223, 19, 1, 0, 0, 3, 95.238, '2019-09-28 19:21:27'),
	(1129, 126, 300, 223, 222, 77, 1, 0, 0, 0, 100, '2019-09-28 19:21:27'),
	(1130, 126, 380.952, 222, 223, 77, 1, 0, 0, 0, 95.238, '2019-09-28 19:21:30'),
	(1131, 127, 95.238, 225, 227, 19, 1, 1, 0, 3, 95.238, '2019-09-28 19:25:20'),
	(1132, 127, 90.909, 227, 225, 77, 1, 0, 0, 0, 90.909, '2019-09-28 19:25:20'),
	(1133, 127, 100, 226, 226, 29, 1, 0, 0, 1, 100, '2019-09-28 19:25:20'),
	(1134, 127, 181.818, 227, 225, 77, 1, 0, 0, 0, 90.909, '2019-09-28 19:25:20'),
	(1135, 127, 190.476, 225, 227, 19, 1, 1, 0, 3, 95.238, '2019-09-28 19:25:35'),
	(1136, 127, 200, 226, 225, 77, 1, 0, 0, 0, 100, '2019-09-28 19:25:35'),
	(1137, 127, 272.727, 227, 225, 77, 1, 0, 0, 0, 90.909, '2019-09-28 19:25:35'),
	(1138, 127, 285.714, 225, 227, 19, 1, 0, 0, 3, 95.238, '2019-09-28 19:25:43'),
	(1139, 127, 300, 226, 225, 77, 1, 0, 1, 0, 100, '2019-09-28 19:25:43'),
	(1140, 127, 363.636, 227, 225, 77, 1, 0, 0, 0, 90.909, '2019-09-28 19:25:43'),
	(1141, 127, 380.952, 225, 225, 75, 1, 0, 0, 4, 95.238, '2019-09-28 19:25:52'),
	(1142, 127, 400, 226, 226, 29, 1, 0, 0, 1, 100, '2019-09-28 19:25:52'),
	(1143, 127, 476.19, 225, 226, 16, 1, 1, 0, 5, 90.909, '2019-09-28 19:26:38'),
	(1144, 127, 500, 226, 225, 79, 1, 0, 0, 0, 100, '2019-09-28 19:26:38'),
	(1145, 127, 567.099, 225, 226, 16, 0, 0, 0, 5, 86.956, '2019-09-28 19:26:44'),
	(1146, 127, 600, 226, 225, 77, 1, 1, 1, 0, 100, '2019-09-28 19:26:44'),
	(1147, 127, 654.055, 225, 226, 19, 1, 0, 0, 3, 86.956, '2019-09-28 19:26:46'),
	(1148, 127, 700, 226, 226, 29, 1, 0, 0, 1, 100, '2019-09-28 19:26:46'),
	(1149, 127, 741.011, 225, 226, 19, 1, 1, 0, 3, 86.956, '2019-09-28 19:26:48'),
	(1150, 127, 800, 226, 225, 79, 1, 0, 0, 0, 100, '2019-09-28 19:26:48'),
	(1151, 127, 827.967, 225, 226, 5, 1, 1, 0, 1, 86.956, '2019-09-28 19:27:27'),
	(1152, 127, 900, 226, 225, 77, 1, 0, 0, 0, 100, '2019-09-28 19:27:27'),
	(1153, 127, 914.923, 225, 226, 77, 1, 1, 0, 0, 86.956, '2019-09-28 19:27:33'),
	(1154, 127, 1000, 226, 225, 77, 0, 0, 1, 0, 100, '2019-09-28 19:27:33'),
	(1155, 127, 1001.88, 225, 226, 77, 1, 0, 0, 0, 86.956, '2019-09-28 19:27:34'),
	(1156, 127, 1088.84, 225, 226, 77, 1, 1, 0, 0, 86.956, '2019-09-28 19:27:39'),
	(1157, 127, 1100, 226, 225, 77, 1, 0, 0, 0, 100, '2019-09-28 19:27:39'),
	(1158, 127, 1175.8, 225, 226, 77, 1, 1, 0, 0, 86.956, '2019-09-28 19:27:41'),
	(1159, 127, 1200, 226, 225, 77, 1, 0, 0, 0, 100, '2019-09-28 19:27:41'),
	(1160, 127, 1262.76, 225, 226, 77, 1, 0, 1, 0, 86.956, '2019-09-28 19:27:45'),
	(1161, 127, 1300, 226, 225, 77, 1, 0, 0, 0, 100, '2019-09-28 19:27:45'),
	(1162, 127, 1349.72, 225, 226, 77, 1, 0, 0, 0, 86.956, '2019-09-28 19:27:47'),
	(1163, 128, 95.238, 228, 229, 19, 1, 0, 0, 3, 95.238, '2019-09-28 19:30:41'),
	(1164, 128, 90.909, 230, 228, 77, 1, 0, 0, 0, 90.909, '2019-09-28 19:30:41'),
	(1165, 128, 100, 229, 228, 77, 1, 1, 0, 0, 100, '2019-09-28 19:30:41'),
	(1166, 128, 181.818, 230, 228, 9, 1, 0, 1, 4, 90.909, '2019-09-28 19:30:41'),
	(1167, 128, 190.476, 228, 229, 16, 1, 0, 0, 5, 95.238, '2019-09-28 19:31:26'),
	(1168, 128, 200, 229, 228, 77, 1, 0, 0, 0, 105.263, '2019-09-28 19:31:26'),
	(1169, 128, 272.727, 230, 228, 77, 1, 0, 1, 0, 90.909, '2019-09-28 19:31:26'),
	(1170, 128, 285.714, 228, 228, 75, 1, 0, 0, 4, 95.238, '2019-09-28 19:31:57'),
	(1171, 128, 305.263, 229, 228, 77, 1, 1, 0, 0, 100, '2019-09-28 19:31:57'),
	(1172, 128, 363.636, 230, 228, 77, 1, 0, 0, 0, 90.909, '2019-09-28 19:31:57'),
	(1173, 128, 380.952, 228, 229, 19, 1, 0, 0, 3, 90.909, '2019-09-28 19:32:11'),
	(1174, 128, 405.263, 229, 228, 79, 1, 0, 0, 0, 100, '2019-09-28 19:32:11'),
	(1175, 128, 454.545, 230, 228, 77, 1, 1, 1, 0, 90.909, '2019-09-28 19:32:11'),
	(1176, 128, 471.861, 228, 229, 16, 1, 1, 0, 5, 86.956, '2019-09-28 19:32:31'),
	(1177, 128, 545.454, 230, 228, 77, 1, 0, 1, 0, 90.909, '2019-09-28 19:32:31'),
	(1178, 128, 558.817, 228, 230, 5, 1, 0, 0, 1, 86.956, '2019-09-28 19:33:03'),
	(1179, 128, 636.363, 230, 228, 9, 1, 0, 0, 4, 90.909, '2019-09-28 19:33:03'),
	(1180, 128, 645.773, 228, 230, 77, 1, 0, 0, 0, 86.956, '2019-09-28 19:33:25'),
	(1181, 128, 727.272, 230, 228, 77, 1, 0, 1, 0, 90.909, '2019-09-28 19:33:25'),
	(1182, 128, 732.729, 228, 229, 77, 1, 1, 0, 0, 86.956, '2019-09-28 19:33:28'),
	(1183, 128, 818.181, 230, 228, 77, 1, 0, 0, 0, 90.909, '2019-09-28 19:33:28'),
	(1184, 128, 819.685, 228, 229, 77, 1, 0, 0, 0, 86.956, '2019-09-28 19:33:49'),
	(1185, 128, 906.641, 228, 230, 16, 1, 1, 0, 5, 86.956, '2019-09-28 19:34:10'),
	(1186, 128, 909.09, 230, 228, 77, 1, 0, 1, 0, 90.909, '2019-09-28 19:34:10'),
	(1187, 128, 993.597, 228, 230, 19, 1, 1, 0, 3, 86.956, '2019-09-28 19:34:13'),
	(1188, 128, 999.999, 230, 228, 77, 1, 0, 0, 0, 90.909, '2019-09-28 19:34:13'),
	(1189, 128, 1080.55, 228, 230, 5, 1, 0, 0, 1, 86.956, '2019-09-28 19:34:18'),
	(1190, 128, 1090.91, 230, 228, 77, 1, 0, 0, 0, 90.909, '2019-09-28 19:34:19'),
	(1191, 128, 1167.51, 228, 230, 77, 0, 0, 0, 0, 86.956, '2019-09-28 19:34:20'),
	(1192, 128, 1181.82, 230, 228, 77, 1, 0, 1, 0, 90.909, '2019-09-28 19:34:20'),
	(1193, 128, 1254.47, 228, 230, 77, 1, 0, 0, 0, 86.956, '2019-09-28 19:34:22'),
	(1194, 128, 1272.73, 230, 228, 77, 1, 1, 0, 0, 90.909, '2019-09-28 19:34:22'),
	(1195, 128, 1341.43, 228, 230, 77, 1, 1, 0, 0, 86.956, '2019-09-28 19:34:24'),
	(1196, 128, 1363.64, 230, 228, 77, 1, 0, 0, 0, 90.909, '2019-09-28 19:34:24'),
	(1197, 128, 1428.39, 228, 230, 77, 1, 0, 0, 0, 86.956, '2019-09-28 19:34:26'),
	(1198, 129, 95.238, 231, 233, 77, 1, 0, 0, 0, 95.238, '2019-09-28 19:35:06'),
	(1199, 129, 90.909, 233, 231, 77, 1, 0, 0, 0, 90.909, '2019-09-28 19:35:06'),
	(1200, 129, 100, 232, 231, 77, 1, 1, 0, 0, 100, '2019-09-28 19:35:06'),
	(1201, 129, 181.818, 233, 231, 9, 1, 1, 1, 4, 90.909, '2019-09-28 19:35:06'),
	(1202, 129, 190.476, 231, 233, 77, 1, 1, 0, 0, 95.238, '2019-09-28 19:35:09'),
	(1203, 129, 200, 232, 231, 77, 1, 1, 0, 0, 100, '2019-09-28 19:35:09'),
	(1204, 129, 272.727, 233, 231, 77, 1, 0, 0, 0, 90.909, '2019-09-28 19:35:09'),
	(1205, 129, 285.714, 231, 233, 77, 1, 1, 0, 0, 95.238, '2019-09-28 19:35:11'),
	(1206, 129, 300, 232, 231, 79, 1, 0, 0, 0, 100, '2019-09-28 19:35:11'),
	(1207, 129, 363.636, 233, 231, 77, 1, 0, 0, 0, 90.909, '2019-09-28 19:35:11'),
	(1208, 129, 380.952, 231, 233, 77, 1, 1, 0, 0, 95.238, '2019-09-28 19:35:13'),
	(1209, 129, 400, 232, 232, 29, 1, 0, 0, 1, 100, '2019-09-28 19:35:13'),
	(1210, 129, 454.545, 233, 231, 77, 1, 1, 0, 0, 90.909, '2019-09-28 19:35:13'),
	(1211, 129, 476.19, 231, 233, 77, 1, 0, 0, 0, 95.238, '2019-09-28 19:35:15'),
	(1212, 129, 500, 232, 231, 77, 1, 0, 0, 0, 100, '2019-09-28 19:35:15'),
	(1213, 129, 545.454, 233, 231, 77, 1, 0, 0, 0, 90.909, '2019-09-28 19:35:15'),
	(1214, 129, 571.428, 231, 233, 77, 1, 0, 0, 0, 95.238, '2019-09-28 19:35:23'),
	(1215, 129, 600, 232, 231, 79, 1, 0, 0, 0, 100, '2019-09-28 19:35:23'),
	(1216, 129, 666.666, 231, 233, 77, 1, 1, 0, 0, 95.238, '2019-09-28 19:35:26'),
	(1217, 129, 700, 232, 231, 77, 1, 0, 1, 0, 100, '2019-09-28 19:35:26'),
	(1218, 129, 761.904, 231, 233, 77, 1, 0, 0, 0, 95.238, '2019-09-28 19:35:28'),
	(1219, 129, 800, 232, 231, 77, 1, 1, 0, 0, 100, '2019-09-28 19:35:28'),
	(1220, 129, 857.142, 231, 233, 77, 1, 0, 0, 0, 95.238, '2019-09-28 19:35:30'),
	(1221, 129, 900, 232, 231, 77, 1, 0, 0, 0, 100, '2019-09-28 19:35:30'),
	(1222, 129, 952.38, 231, 233, 77, 1, 1, 0, 0, 95.238, '2019-09-28 19:35:32'),
	(1223, 129, 1000, 232, 231, 77, 1, 0, 0, 0, 100, '2019-09-28 19:35:32'),
	(1224, 129, 1047.62, 231, 233, 77, 1, 0, 0, 0, 95.238, '2019-09-28 19:35:34'),
	(1225, 129, 1100, 232, 232, 29, 1, 0, 0, 1, 100, '2019-09-28 19:35:34'),
	(1226, 129, 1142.86, 231, 233, 77, 1, 0, 0, 0, 95.238, '2019-09-28 19:35:35'),
	(1227, 129, 1200, 232, 231, 77, 1, 0, 0, 0, 100, '2019-09-28 19:35:35'),
	(1228, 129, 1238.1, 231, 233, 77, 1, 1, 0, 0, 95.238, '2019-09-28 19:35:37'),
	(1229, 129, 1300, 232, 231, 77, 1, 0, 0, 0, 100, '2019-09-28 19:35:37'),
	(1230, 129, 1333.34, 231, 233, 77, 1, 0, 0, 0, 95.238, '2019-09-28 19:35:39'),
	(1231, 129, 1400, 232, 231, 77, 1, 0, 0, 0, 100, '2019-09-28 19:35:39'),
	(1232, 129, 1428.58, 231, 233, 77, 1, 0, 0, 0, 95.238, '2019-09-28 19:35:40'),
	(1233, 129, 1500, 232, 231, 79, 1, 0, 0, 0, 100, '2019-09-28 19:35:40'),
	(1234, 129, 1523.82, 231, 233, 77, 1, 1, 0, 0, 95.238, '2019-09-28 19:36:03'),
	(1235, 129, 1600, 232, 231, 77, 1, 0, 0, 0, 100, '2019-09-28 19:36:03'),
	(1236, 129, 1619.06, 231, 233, 77, 1, 1, 0, 0, 95.238, '2019-09-28 19:36:06'),
	(1237, 129, 1700, 232, 231, 77, 1, 0, 0, 0, 100, '2019-09-28 19:36:06'),
	(1238, 129, 1714.3, 231, 232, 77, 1, 0, 0, 0, 95.238, '2019-09-28 19:36:12'),
	(1239, 129, 1800, 232, 232, 29, 1, 0, 0, 1, 100, '2019-09-28 19:36:12'),
	(1240, 130, 95.238, 234, 235, 5, 1, 1, 0, 1, 95.238, '2019-09-28 19:38:27'),
	(1241, 130, 90.909, 236, 234, 77, 1, 0, 0, 0, 90.909, '2019-09-28 19:38:27'),
	(1242, 130, 100, 235, 234, 77, 1, 0, 1, 0, 100, '2019-09-28 19:38:27'),
	(1243, 130, 181.818, 236, 234, 77, 0, 0, 0, 0, 90.909, '2019-09-28 19:38:27'),
	(1244, 130, 190.476, 234, 235, 5, 1, 0, 0, 1, 95.238, '2019-09-28 19:38:29'),
	(1245, 130, 200, 235, 234, 77, 1, 0, 1, 0, 100, '2019-09-28 19:38:29'),
	(1246, 130, 272.727, 236, 234, 77, 0, 0, 0, 0, 90.909, '2019-09-28 19:38:29'),
	(1247, 130, 285.714, 234, 235, 5, 1, 0, 0, 1, 95.238, '2019-09-28 19:38:30'),
	(1248, 130, 300, 235, 234, 79, 1, 1, 0, 0, 100, '2019-09-28 19:38:30'),
	(1249, 130, 363.636, 236, 234, 9, 1, 1, 1, 4, 90.909, '2019-09-28 19:38:30'),
	(1250, 130, 380.952, 234, 235, 5, 1, 0, 0, 1, 95.238, '2019-09-28 19:38:32'),
	(1251, 130, 400, 235, 234, 77, 1, 0, 0, 0, 100, '2019-09-28 19:38:32'),
	(1252, 130, 454.545, 236, 234, 77, 1, 0, 0, 0, 90.909, '2019-09-28 19:38:32'),
	(1253, 130, 476.19, 234, 235, 5, 1, 0, 0, 1, 95.238, '2019-09-28 19:38:33'),
	(1254, 130, 500, 235, 234, 79, 1, 0, 0, 0, 100, '2019-09-28 19:38:33'),
	(1255, 130, 545.454, 236, 234, 77, 1, 0, 1, 0, 90.909, '2019-09-28 19:38:33'),
	(1256, 130, 571.428, 234, 235, 5, 1, 0, 0, 1, 95.238, '2019-09-28 19:38:34'),
	(1257, 130, 600, 235, 234, 77, 1, 0, 0, 0, 100, '2019-09-28 19:38:34'),
	(1258, 130, 636.363, 236, 234, 9, 1, 0, 1, 4, 90.909, '2019-09-28 19:38:34'),
	(1259, 130, 666.666, 234, 235, 5, 1, 0, 0, 1, 95.238, '2019-09-28 19:38:35'),
	(1260, 130, 700, 235, 236, 29, 1, 0, 0, 1, 100, '2019-09-28 19:38:35'),
	(1261, 130, 727.272, 236, 234, 77, 1, 0, 0, 0, 90.909, '2019-09-28 19:38:35'),
	(1262, 130, 761.904, 234, 235, 5, 1, 0, 1, 1, 95.238, '2019-09-28 19:38:36'),
	(1263, 130, 800, 235, 234, 79, 1, 0, 1, 0, 100, '2019-09-28 19:38:36'),
	(1264, 130, 818.181, 236, 234, 77, 1, 0, 1, 0, 90.909, '2019-09-28 19:38:36'),
	(1265, 130, 857.142, 234, 235, 5, 1, 1, 0, 1, 95.238, '2019-09-28 19:38:37'),
	(1266, 130, 900, 235, 234, 77, 1, 0, 0, 0, 100, '2019-09-28 19:38:38'),
	(1267, 130, 909.09, 236, 234, 77, 0, 0, 0, 0, 90.909, '2019-09-28 19:38:38'),
	(1268, 130, 952.38, 234, 235, 5, 1, 0, 0, 1, 95.238, '2019-09-28 19:38:39'),
	(1269, 130, 999.999, 236, 234, 77, 1, 0, 0, 0, 90.909, '2019-09-28 19:38:39'),
	(1270, 130, 1000, 235, 235, 29, 1, 0, 0, 1, 100, '2019-09-28 19:38:39'),
	(1271, 130, 1047.62, 234, 235, 5, 1, 0, 0, 1, 95.238, '2019-09-28 19:38:40'),
	(1272, 130, 1090.91, 236, 234, 77, 1, 0, 0, 0, 90.909, '2019-09-28 19:38:40'),
	(1273, 130, 1100, 235, 235, 29, 1, 0, 0, 1, 100, '2019-09-28 19:38:40'),
	(1274, 130, 1142.86, 234, 235, 5, 1, 1, 0, 1, 95.238, '2019-09-28 19:38:49'),
	(1275, 130, 1181.82, 236, 234, 77, 1, 0, 0, 0, 90.909, '2019-09-28 19:38:49'),
	(1276, 130, 1200, 235, 234, 79, 1, 1, 1, 0, 100, '2019-09-28 19:38:49'),
	(1277, 130, 1238.1, 234, 235, 5, 1, 1, 0, 1, 95.238, '2019-09-28 19:38:52'),
	(1278, 130, 1272.73, 236, 234, 77, 1, 0, 0, 0, 90.909, '2019-09-28 19:38:52'),
	(1279, 130, 1300, 235, 234, 77, 1, 0, 1, 0, 100, '2019-09-28 19:38:52'),
	(1280, 130, 1333.34, 234, 235, 5, 1, 1, 0, 1, 95.238, '2019-09-28 19:38:55'),
	(1281, 130, 1363.64, 236, 234, 77, 1, 0, 0, 0, 90.909, '2019-09-28 19:38:55'),
	(1282, 130, 1400, 235, 234, 77, 1, 0, 1, 0, 100, '2019-09-28 19:38:55'),
	(1283, 130, 1428.58, 234, 234, 75, 1, 0, 0, 4, 95.238, '2019-09-28 19:38:57'),
	(1284, 130, 1454.55, 236, 234, 77, 1, 0, 0, 0, 90.909, '2019-09-28 19:38:57'),
	(1285, 130, 1500, 235, 234, 77, 1, 0, 1, 0, 100, '2019-09-28 19:38:57'),
	(1286, 130, 1523.82, 234, 234, 75, 1, 0, 0, 4, 90.909, '2019-09-28 19:38:59'),
	(1287, 130, 1545.46, 236, 234, 77, 1, 0, 0, 0, 90.909, '2019-09-28 19:38:59'),
	(1288, 130, 1600, 235, 234, 79, 1, 0, 0, 0, 100, '2019-09-28 19:38:59'),
	(1289, 130, 1614.73, 234, 234, 75, 1, 0, 0, 4, 83.333, '2019-09-28 19:39:00'),
	(1290, 130, 1636.37, 236, 234, 77, 1, 0, 1, 0, 90.909, '2019-09-28 19:39:00'),
	(1291, 130, 1698.06, 234, 236, 77, 1, 0, 0, 0, 76.923, '2019-09-29 10:56:47'),
	(1292, 130, 1700, 235, 234, 77, 1, 0, 0, 0, 100, '2019-09-29 10:56:47'),
	(1293, 130, 1727.28, 236, 234, 77, 1, 0, 0, 0, 90.909, '2019-09-29 10:56:47'),
	(1294, 130, 1774.98, 234, 236, 77, 1, 0, 0, 0, 74.074, '2019-09-29 10:57:03'),
	(1295, 130, 1800, 235, 234, 77, 1, 0, 1, 0, 100, '2019-09-29 10:57:03'),
	(1296, 130, 1818.19, 236, 234, 77, 1, 0, 0, 0, 90.909, '2019-09-29 10:57:03'),
	(1297, 130, 1849.05, 234, 236, 77, 1, 1, 0, 0, 74.074, '2019-09-29 10:57:11'),
	(1298, 130, 1900, 235, 234, 77, 1, 0, 0, 0, 100, '2019-09-29 10:57:11'),
	(1299, 130, 1909.1, 236, 234, 77, 1, 0, 0, 0, 90.909, '2019-09-29 10:57:11'),
	(1300, 130, 1923.12, 234, 236, 77, 1, 1, 0, 0, 74.074, '2019-09-29 10:57:19'),
	(1301, 130, 1997.19, 234, 236, 77, 1, 0, 0, 0, 74.074, '2019-09-29 10:57:27'),
	(1302, 130, 2000, 235, 234, 79, 1, 0, 1, 0, 100, '2019-09-29 10:57:27'),
	(1303, 130, 2071.26, 234, 235, 19, 1, 0, 0, 3, 74.074, '2019-09-29 10:57:39'),
	(1304, 130, 2100, 235, 234, 77, 0, 0, 1, 0, 100, '2019-09-29 10:57:39'),
	(1305, 130, 2145.33, 234, 235, 5, 1, 0, 0, 1, 74.074, '2019-09-29 10:57:45'),
	(1306, 130, 2200, 235, 234, 79, 1, 0, 0, 0, 100, '2019-09-29 10:57:45'),
	(1307, 130, 2219.4, 234, 235, 77, 1, 0, 0, 0, 74.074, '2019-09-29 11:01:07'),
	(1308, 130, 2293.47, 234, 235, 77, 1, 1, 0, 0, 74.074, '2019-09-29 11:01:09'),
	(1309, 130, 2300, 235, 234, 79, 1, 0, 0, 0, 100, '2019-09-29 11:01:09'),
	(1310, 130, 2367.54, 234, 235, 77, 1, 1, 0, 0, 74.074, '2019-09-29 11:01:12'),
	(1311, 130, 2400, 235, 234, 79, 1, 0, 1, 0, 100, '2019-09-29 11:01:12'),
	(1312, 130, 2441.61, 234, 235, 77, 1, 0, 0, 0, 74.074, '2019-09-29 11:01:27'),
	(1313, 130, 2500, 235, 234, 79, 1, 0, 1, 0, 100, '2019-09-29 11:01:27'),
	(1314, 130, 2515.68, 234, 235, 77, 1, 0, 0, 0, 74.074, '2019-09-29 11:01:29'),
	(1315, 131, 95.238, 237, 239, 19, 1, 0, 0, 3, 95.238, '2019-09-29 11:59:10'),
	(1316, 131, 90.909, 239, 237, 77, 1, 0, 0, 0, 90.909, '2019-09-29 11:59:10'),
	(1317, 131, 100, 238, 237, 79, 1, 0, 0, 0, 100, '2019-09-29 11:59:10'),
	(1318, 131, 190.476, 237, 238, 19, 1, 1, 0, 3, 95.238, '2019-09-29 12:04:10'),
	(1319, 131, 200, 238, 237, 77, 1, 0, 0, 0, 100, '2019-09-29 12:04:10'),
	(1320, 131, 285.714, 237, 238, 19, 1, 1, 0, 3, 95.238, '2019-09-29 12:04:16'),
	(1321, 131, 300, 238, 237, 77, 1, 0, 0, 0, 100, '2019-09-29 12:04:16'),
	(1322, 131, 380.952, 237, 238, 19, 1, 0, 1, 3, 95.238, '2019-09-29 12:09:02'),
	(1323, 131, 400, 238, 237, 77, 1, 0, 0, 0, 100, '2019-09-29 12:09:02'),
	(1324, 131, 476.19, 237, 238, 19, 1, 1, 0, 3, 95.238, '2019-09-29 12:09:07'),
	(1325, 131, 500, 238, 237, 79, 1, 0, 1, 0, 100, '2019-09-29 12:09:07'),
	(1326, 131, 571.428, 237, 238, 19, 1, 0, 0, 3, 95.238, '2019-09-29 12:09:08'),
	(1327, 131, 600, 238, 237, 79, 1, 0, 0, 0, 100, '2019-09-29 12:09:08'),
	(1328, 131, 666.666, 237, 238, 19, 1, 1, 0, 3, 95.238, '2019-09-29 12:09:10'),
	(1329, 131, 700, 238, 237, 77, 1, 0, 0, 0, 100, '2019-09-29 12:09:10'),
	(1330, 131, 761.904, 237, 237, 75, 1, 0, 0, 4, 95.238, '2019-09-29 12:09:14'),
	(1331, 131, 800, 238, 238, 29, 1, 0, 0, 1, 100, '2019-09-29 12:09:14'),
	(1332, 131, 857.142, 237, 237, 75, 1, 0, 0, 4, 90.909, '2019-09-29 12:09:16'),
	(1333, 131, 900, 238, 238, 29, 1, 0, 0, 1, 100, '2019-09-29 12:09:16'),
	(1334, 131, 948.051, 237, 238, 5, 1, 0, 0, 1, 83.333, '2019-09-29 12:09:17'),
	(1335, 131, 1000, 238, 237, 79, 1, 1, 0, 0, 100, '2019-09-29 12:09:17'),
	(1336, 131, 1031.38, 237, 238, 77, 1, 1, 1, 0, 80, '2019-09-29 12:09:19'),
	(1337, 131, 1100, 238, 237, 77, 1, 0, 1, 0, 100, '2019-09-29 12:09:19'),
	(1338, 131, 1111.38, 237, 238, 77, 1, 0, 0, 0, 80, '2019-09-29 12:09:20'),
	(1339, 131, 1191.38, 237, 238, 77, 1, 1, 0, 0, 80, '2019-09-29 12:09:22'),
	(1340, 131, 1200, 238, 237, 77, 1, 0, 1, 0, 100, '2019-09-29 12:09:22'),
	(1341, 131, 1271.38, 237, 238, 77, 1, 0, 0, 0, 80, '2019-09-29 12:09:23'),
	(1342, 131, 1300, 238, 237, 77, 1, 0, 1, 0, 100, '2019-09-29 12:09:23'),
	(1343, 131, 1351.38, 237, 238, 77, 1, 0, 0, 0, 80, '2019-09-29 12:09:27'),
	(1344, 132, 95.238, 240, 241, 16, 1, 0, 0, 5, 95.238, '2019-09-29 15:00:42'),
	(1345, 132, 90.909, 242, 240, 77, 1, 0, 0, 0, 90.909, '2019-09-29 15:00:42'),
	(1346, 132, 100, 241, 240, 79, 1, 0, 0, 0, 105.263, '2019-09-29 15:00:42'),
	(1347, 132, 181.818, 242, 240, 9, 0, 0, 1, 4, 90.909, '2019-09-29 15:00:42'),
	(1348, 132, 190.476, 240, 241, 19, 1, 1, 0, 3, 95.238, '2019-09-29 15:01:12'),
	(1349, 132, 205.263, 241, 240, 77, 1, 1, 0, 0, 100, '2019-09-29 15:01:12'),
	(1350, 132, 272.727, 242, 240, 77, 1, 0, 0, 0, 90.909, '2019-09-29 15:01:12'),
	(1351, 132, 285.714, 240, 241, 19, 1, 0, 0, 3, 95.238, '2019-09-29 15:01:18'),
	(1352, 132, 305.263, 241, 240, 79, 1, 1, 0, 0, 100, '2019-09-29 15:01:18'),
	(1353, 132, 363.636, 242, 240, 77, 1, 0, 0, 0, 90.909, '2019-09-29 15:01:18'),
	(1354, 132, 380.952, 240, 242, 19, 1, 0, 0, 3, 95.238, '2019-09-29 15:01:23'),
	(1355, 132, 405.263, 241, 240, 77, 1, 0, 0, 0, 100, '2019-09-29 15:01:23'),
	(1356, 132, 454.545, 242, 240, 77, 1, 0, 0, 0, 90.909, '2019-09-29 15:01:23'),
	(1357, 132, 476.19, 240, 240, 75, 1, 0, 0, 4, 95.238, '2019-09-29 15:01:28'),
	(1358, 132, 505.263, 241, 241, 29, 1, 0, 0, 1, 100, '2019-09-29 15:01:28'),
	(1359, 132, 571.428, 240, 241, 77, 1, 0, 1, 0, 90.909, '2019-09-29 15:01:33'),
	(1360, 132, 605.263, 241, 240, 79, 1, 0, 1, 0, 100, '2019-09-29 15:01:33'),
	(1361, 132, 662.337, 240, 241, 77, 1, 1, 0, 0, 86.956, '2019-09-29 15:04:58'),
	(1362, 132, 705.263, 241, 241, 29, 1, 0, 0, 1, 100, '2019-09-29 15:04:58'),
	(1363, 132, 749.293, 240, 241, 77, 1, 1, 0, 0, 86.956, '2019-09-29 15:05:10'),
	(1364, 132, 805.263, 241, 240, 79, 1, 0, 1, 0, 100, '2019-09-29 15:05:10'),
	(1365, 132, 836.249, 240, 241, 77, 0, 1, 0, 0, 86.956, '2019-09-29 15:05:12'),
	(1366, 132, 905.263, 241, 241, 29, 1, 0, 0, 1, 100, '2019-09-29 15:05:12'),
	(1367, 132, 923.205, 240, 241, 77, 1, 1, 0, 0, 86.956, '2019-09-29 15:05:20'),
	(1368, 132, 1005.26, 241, 240, 77, 1, 0, 0, 0, 100, '2019-09-29 15:05:20'),
	(1369, 132, 1010.16, 240, 240, 75, 1, 0, 0, 4, 86.956, '2019-09-29 15:05:22'),
	(1370, 132, 1097.12, 240, 241, 77, 1, 1, 0, 0, 83.333, '2019-09-29 15:05:27'),
	(1371, 132, 1105.26, 241, 240, 77, 1, 0, 0, 0, 100, '2019-09-29 15:05:27'),
	(1372, 132, 1180.45, 240, 241, 77, 1, 0, 0, 0, 80, '2019-09-29 15:05:31'),
	(1373, 133, 95.238, 243, 244, 16, 1, 0, 0, 5, 95.238, '2019-09-29 15:07:52'),
	(1374, 133, 90.909, 245, 243, 77, 1, 0, 0, 0, 90.909, '2019-09-29 15:07:52'),
	(1375, 133, 100, 244, 243, 79, 1, 1, 0, 0, 105.263, '2019-09-29 15:07:52'),
	(1376, 133, 181.818, 245, 243, 77, 1, 0, 1, 0, 90.909, '2019-09-29 15:07:52'),
	(1377, 133, 190.476, 243, 245, 16, 1, 1, 0, 5, 95.238, '2019-09-29 15:07:57'),
	(1378, 133, 205.263, 244, 245, 29, 1, 0, 0, 1, 100, '2019-09-29 15:07:57'),
	(1379, 133, 272.727, 245, 243, 77, 1, 1, 0, 0, 90.909, '2019-09-29 15:07:57'),
	(1380, 133, 285.714, 243, 245, 16, 1, 1, 0, 5, 95.238, '2019-09-29 15:08:11'),
	(1381, 133, 305.263, 244, 243, 77, 1, 1, 0, 0, 100, '2019-09-29 15:08:11'),
	(1382, 133, 363.636, 245, 243, 77, 1, 0, 1, 0, 90.909, '2019-09-29 15:08:11'),
	(1383, 133, 380.952, 243, 245, 16, 1, 0, 0, 5, 95.238, '2019-09-29 15:08:15'),
	(1384, 133, 405.263, 244, 243, 79, 1, 0, 1, 0, 100, '2019-09-29 15:08:15'),
	(1385, 133, 454.545, 245, 243, 9, 1, 0, 0, 4, 95.238, '2019-09-29 15:08:15'),
	(1386, 133, 476.19, 243, 244, 19, 1, 0, 0, 3, 95.238, '2019-09-29 15:08:19'),
	(1387, 133, 505.263, 244, 243, 77, 1, 0, 0, 0, 100, '2019-09-29 15:08:19'),
	(1388, 133, 549.783, 245, 243, 77, 1, 0, 0, 0, 90.909, '2019-09-29 15:08:19'),
	(1389, 133, 571.428, 243, 243, 75, 1, 0, 0, 4, 95.238, '2019-09-29 15:08:23'),
	(1390, 133, 605.263, 244, 243, 77, 1, 0, 0, 0, 100, '2019-09-29 15:08:23'),
	(1391, 133, 640.692, 245, 243, 77, 1, 0, 1, 0, 90.909, '2019-09-29 15:08:23'),
	(1392, 133, 666.666, 243, 244, 77, 1, 1, 0, 0, 90.909, '2019-09-29 15:08:26'),
	(1393, 133, 705.263, 244, 245, 29, 1, 0, 0, 1, 100, '2019-09-29 15:08:26'),
	(1394, 133, 731.601, 245, 243, 77, 1, 0, 0, 0, 90.909, '2019-09-29 15:08:26'),
	(1395, 133, 757.575, 243, 245, 77, 1, 1, 0, 0, 86.956, '2019-09-29 15:08:28'),
	(1396, 133, 805.263, 244, 244, 29, 1, 0, 0, 1, 100, '2019-09-29 15:08:28'),
	(1397, 133, 822.51, 245, 243, 77, 1, 0, 1, 0, 90.909, '2019-09-29 15:08:28'),
	(1398, 133, 844.531, 243, 245, 77, 1, 1, 0, 0, 86.956, '2019-09-29 15:08:30'),
	(1399, 133, 905.263, 244, 243, 77, 1, 0, 0, 0, 100, '2019-09-29 15:08:30'),
	(1400, 133, 913.419, 245, 243, 77, 1, 0, 0, 0, 90.909, '2019-09-29 15:08:30'),
	(1401, 133, 931.487, 243, 244, 77, 1, 1, 0, 0, 86.956, '2019-09-29 15:08:33'),
	(1402, 133, 1004.33, 245, 243, 9, 1, 0, 0, 4, 90.909, '2019-09-29 15:08:33'),
	(1403, 133, 1005.26, 244, 243, 79, 1, 0, 0, 0, 100, '2019-09-29 15:08:33'),
	(1404, 133, 1018.44, 243, 245, 77, 1, 0, 0, 0, 86.956, '2019-09-29 15:08:38'),
	(1405, 133, 1105.26, 244, 243, 79, 1, 0, 0, 0, 100, '2019-09-29 15:08:38'),
	(1406, 133, 1105.4, 243, 244, 77, 1, 0, 0, 0, 86.956, '2019-09-29 15:08:41'),
	(1407, 133, 1192.36, 243, 244, 77, 1, 0, 0, 0, 86.956, '2019-09-29 15:08:45'),
	(1408, 134, 95.238, 246, 248, 16, 1, 1, 0, 5, 95.238, '2019-09-29 15:10:03'),
	(1409, 134, 90.909, 248, 246, 77, 1, 0, 0, 0, 90.909, '2019-09-29 15:10:03'),
	(1410, 134, 100, 247, 246, 79, 1, 0, 1, 0, 100, '2019-09-29 15:10:03'),
	(1411, 134, 181.818, 248, 246, 77, 1, 0, 0, 0, 90.909, '2019-09-29 15:10:03'),
	(1412, 134, 190.476, 246, 248, 16, 1, 0, 0, 5, 95.238, '2019-09-29 15:10:09'),
	(1413, 134, 200, 247, 246, 79, 1, 0, 0, 0, 100, '2019-09-29 15:10:09'),
	(1414, 134, 272.727, 248, 246, 9, 1, 0, 0, 4, 95.238, '2019-09-29 15:10:09'),
	(1415, 134, 285.714, 246, 248, 77, 1, 0, 0, 0, 95.238, '2019-09-29 15:10:12'),
	(1416, 134, 300, 247, 247, 29, 1, 0, 0, 1, 100, '2019-09-29 15:10:12'),
	(1417, 134, 367.965, 248, 246, 9, 1, 0, 1, 4, 90.909, '2019-09-29 15:10:12'),
	(1418, 134, 380.952, 246, 247, 19, 1, 1, 0, 3, 95.238, '2019-09-29 15:10:17'),
	(1419, 134, 400, 247, 246, 79, 1, 0, 0, 0, 100, '2019-09-29 15:10:17'),
	(1420, 134, 458.874, 248, 246, 77, 1, 0, 1, 0, 90.909, '2019-09-29 15:10:17'),
	(1421, 134, 476.19, 246, 247, 19, 1, 1, 0, 3, 95.238, '2019-09-29 15:10:19'),
	(1422, 134, 500, 247, 248, 29, 1, 0, 0, 1, 100, '2019-09-29 15:10:19'),
	(1423, 134, 549.783, 248, 246, 77, 1, 0, 0, 0, 90.909, '2019-09-29 15:10:19'),
	(1424, 134, 571.428, 246, 247, 19, 1, 1, 0, 3, 95.238, '2019-09-29 15:10:20'),
	(1425, 134, 600, 247, 246, 77, 1, 0, 0, 0, 100, '2019-09-29 15:10:20'),
	(1426, 134, 640.692, 248, 246, 77, 1, 0, 0, 0, 90.909, '2019-09-29 15:10:20'),
	(1427, 134, 666.666, 246, 247, 19, 1, 1, 0, 3, 95.238, '2019-09-29 15:10:23'),
	(1428, 134, 700, 247, 246, 79, 0, 0, 0, 0, 100, '2019-09-29 15:10:23'),
	(1429, 134, 731.601, 248, 246, 77, 1, 0, 1, 0, 90.909, '2019-09-29 15:10:23'),
	(1430, 134, 761.904, 246, 246, 75, 1, 0, 0, 4, 95.238, '2019-09-29 15:10:24'),
	(1431, 134, 800, 247, 248, 29, 1, 0, 0, 1, 100, '2019-09-29 15:10:24'),
	(1432, 134, 822.51, 248, 246, 77, 0, 0, 0, 0, 90.909, '2019-09-29 15:10:24'),
	(1433, 134, 857.142, 246, 246, 75, 1, 0, 0, 4, 90.909, '2019-09-29 15:10:30'),
	(1434, 134, 900, 247, 246, 77, 1, 0, 1, 0, 100, '2019-09-29 15:10:30'),
	(1435, 134, 913.419, 248, 246, 77, 1, 0, 1, 0, 90.909, '2019-09-29 15:10:30'),
	(1436, 134, 948.051, 246, 247, 77, 0, 1, 0, 0, 83.333, '2019-09-29 15:10:33'),
	(1437, 134, 1000, 247, 246, 77, 1, 0, 1, 0, 100, '2019-09-29 15:10:33'),
	(1438, 134, 1031.38, 246, 247, 77, 1, 0, 0, 0, 80, '2019-09-29 15:10:35'),
	(1439, 134, 1100, 247, 246, 77, 1, 1, 1, 0, 100, '2019-09-29 15:10:35'),
	(1440, 134, 1111.38, 246, 247, 77, 1, 1, 0, 0, 80, '2019-09-29 15:10:37'),
	(1441, 134, 1191.38, 246, 247, 77, 1, 0, 0, 0, 80, '2019-09-29 15:10:38'),
	(1442, 134, 1200, 247, 246, 79, 1, 0, 0, 0, 100, '2019-09-29 15:10:38'),
	(1443, 134, 1271.38, 246, 247, 77, 1, 0, 0, 0, 80, '2019-09-29 15:10:40'),
	(1444, 134, 1300, 247, 246, 77, 1, 0, 0, 0, 100, '2019-09-29 15:10:40'),
	(1445, 134, 1351.38, 246, 247, 77, 1, 0, 0, 0, 80, '2019-09-29 15:10:42'),
	(1446, 134, 1400, 247, 246, 77, 1, 0, 1, 0, 100, '2019-09-29 15:10:42'),
	(1447, 134, 1431.38, 246, 247, 77, 1, 1, 0, 0, 80, '2019-09-29 15:10:44'),
	(1448, 134, 1500, 247, 246, 77, 1, 0, 0, 0, 100, '2019-09-29 15:10:44'),
	(1449, 134, 1511.38, 246, 247, 77, 1, 0, 0, 0, 80, '2019-09-29 15:10:45'),
	(1450, 134, 1591.38, 246, 247, 77, 1, 0, 0, 0, 80, '2019-09-29 15:10:46'),
	(1451, 134, 1600, 247, 246, 77, 1, 0, 0, 0, 100, '2019-09-29 15:10:46'),
	(1452, 134, 1671.38, 246, 247, 77, 1, 0, 0, 0, 80, '2019-09-29 15:10:48'),
	(1453, 135, 95.238, 249, 251, 19, 0, 0, 0, 3, 95.238, '2019-09-29 15:26:09'),
	(1454, 135, 90.909, 251, 249, 77, 1, 0, 1, 0, 90.909, '2019-09-29 15:26:09'),
	(1455, 135, 100, 250, 251, 29, 1, 0, 0, 1, 100, '2019-09-29 15:26:09'),
	(1456, 135, 181.818, 251, 249, 77, 1, 0, 0, 0, 90.909, '2019-09-29 15:26:09'),
	(1457, 135, 190.476, 249, 250, 19, 1, 0, 0, 3, 95.238, '2019-09-29 15:26:13'),
	(1458, 135, 200, 250, 251, 29, 1, 0, 0, 1, 100, '2019-09-29 15:26:13'),
	(1459, 135, 272.727, 251, 249, 9, 1, 1, 0, 4, 90.909, '2019-09-29 15:26:13'),
	(1460, 135, 285.714, 249, 250, 16, 1, 0, 0, 5, 95.238, '2019-09-29 15:26:16'),
	(1461, 135, 300, 250, 249, 79, 1, 0, 0, 0, 105.263, '2019-09-29 15:26:16'),
	(1462, 135, 363.636, 251, 249, 77, 1, 0, 1, 0, 90.909, '2019-09-29 15:26:16'),
	(1463, 135, 380.952, 249, 251, 19, 1, 1, 0, 3, 95.238, '2019-09-29 15:26:20'),
	(1464, 135, 405.263, 250, 249, 77, 1, 0, 0, 0, 100, '2019-09-29 15:26:20'),
	(1465, 135, 454.545, 251, 249, 77, 1, 1, 0, 0, 90.909, '2019-09-29 15:26:20'),
	(1466, 135, 476.19, 249, 251, 16, 1, 0, 0, 5, 95.238, '2019-09-29 15:26:23'),
	(1467, 135, 505.263, 250, 249, 79, 1, 0, 0, 0, 100, '2019-09-29 15:26:23'),
	(1468, 135, 545.454, 251, 249, 77, 1, 0, 0, 0, 95.238, '2019-09-29 15:26:23'),
	(1469, 135, 571.428, 249, 249, 75, 1, 0, 0, 4, 95.238, '2019-09-29 15:26:26'),
	(1470, 135, 605.263, 250, 249, 77, 1, 0, 0, 0, 100, '2019-09-29 15:26:26'),
	(1471, 135, 640.692, 251, 249, 77, 1, 0, 0, 0, 90.909, '2019-09-29 15:26:26'),
	(1472, 135, 666.666, 249, 250, 16, 1, 1, 0, 5, 90.909, '2019-09-29 15:26:30'),
	(1473, 135, 705.263, 250, 249, 77, 1, 0, 0, 0, 100, '2019-09-29 15:26:30'),
	(1474, 135, 731.601, 251, 249, 77, 1, 0, 1, 0, 90.909, '2019-09-29 15:26:30'),
	(1475, 135, 757.575, 249, 250, 5, 1, 1, 0, 1, 86.956, '2019-09-29 15:26:33'),
	(1476, 135, 805.263, 250, 249, 79, 1, 0, 0, 0, 100, '2019-09-29 15:26:33'),
	(1477, 135, 822.51, 251, 249, 9, 1, 0, 0, 4, 90.909, '2019-09-29 15:26:33'),
	(1478, 135, 844.531, 249, 250, 77, 0, 1, 0, 0, 86.956, '2019-09-29 15:26:36'),
	(1479, 135, 905.263, 250, 249, 79, 1, 0, 0, 0, 100, '2019-09-29 15:26:36'),
	(1480, 135, 913.419, 251, 249, 77, 1, 0, 1, 0, 90.909, '2019-09-29 15:26:36'),
	(1481, 135, 931.487, 249, 250, 77, 1, 1, 0, 0, 86.956, '2019-09-29 15:26:38'),
	(1482, 135, 1004.33, 251, 249, 77, 1, 0, 0, 0, 90.909, '2019-09-29 15:26:38'),
	(1483, 135, 1005.26, 250, 249, 77, 1, 0, 0, 0, 100, '2019-09-29 15:26:38'),
	(1484, 136, 95.238, 252, 254, 19, 1, 1, 0, 3, 95.238, '2019-09-29 15:27:03'),
	(1485, 136, 90.909, 254, 252, 9, 1, 0, 1, 4, 90.909, '2019-09-29 15:27:03'),
	(1486, 136, 100, 253, 252, 79, 0, 0, 0, 0, 100, '2019-09-29 15:27:03'),
	(1487, 136, 181.818, 254, 252, 9, 1, 0, 0, 4, 90.909, '2019-09-29 15:27:03'),
	(1488, 136, 190.476, 252, 254, 19, 1, 1, 0, 3, 95.238, '2019-09-29 15:27:24'),
	(1489, 136, 200, 253, 252, 79, 1, 0, 0, 0, 100, '2019-09-29 15:27:24'),
	(1490, 136, 272.727, 254, 252, 77, 1, 0, 1, 0, 90.909, '2019-09-29 15:27:24'),
	(1491, 136, 285.714, 252, 254, 19, 1, 1, 0, 3, 95.238, '2019-09-29 15:27:27'),
	(1492, 136, 300, 253, 252, 77, 1, 0, 0, 0, 100, '2019-09-29 15:27:27'),
	(1493, 136, 363.636, 254, 252, 77, 1, 0, 1, 0, 90.909, '2019-09-29 15:27:27'),
	(1494, 136, 380.952, 252, 254, 19, 1, 0, 0, 3, 95.238, '2019-09-29 15:27:31'),
	(1495, 136, 400, 253, 254, 29, 1, 0, 0, 1, 100, '2019-09-29 15:27:31'),
	(1496, 136, 454.545, 254, 252, 77, 1, 0, 0, 0, 90.909, '2019-09-29 15:27:31'),
	(1497, 136, 476.19, 252, 253, 19, 1, 0, 0, 3, 95.238, '2019-09-29 15:27:35'),
	(1498, 136, 500, 253, 252, 77, 1, 0, 0, 0, 100, '2019-09-29 15:27:35'),
	(1499, 136, 571.428, 252, 253, 19, 1, 0, 0, 3, 95.238, '2019-09-29 15:27:38'),
	(1500, 136, 600, 253, 252, 77, 1, 0, 0, 0, 100, '2019-09-29 15:27:38'),
	(1501, 136, 666.666, 252, 252, 75, 1, 0, 0, 4, 95.238, '2019-09-29 15:27:40'),
	(1502, 137, 95.238, 255, 257, 19, 1, 0, 0, 3, 95.238, '2019-09-29 15:28:07'),
	(1503, 137, 90.909, 257, 255, 77, 1, 1, 0, 0, 90.909, '2019-09-29 15:28:07'),
	(1504, 137, 100, 256, 255, 77, 1, 0, 0, 0, 100, '2019-09-29 15:28:07'),
	(1505, 137, 190.476, 255, 256, 19, 1, 0, 0, 3, 95.238, '2019-09-29 15:28:11'),
	(1506, 137, 200, 256, 255, 77, 1, 0, 1, 0, 100, '2019-09-29 15:28:11'),
	(1507, 137, 285.714, 255, 256, 16, 1, 0, 0, 5, 95.238, '2019-09-29 15:28:14'),
	(1508, 137, 300, 256, 256, 29, 1, 0, 0, 1, 105.263, '2019-09-29 15:28:14'),
	(1509, 137, 380.952, 255, 255, 75, 1, 0, 0, 4, 95.238, '2019-09-29 15:28:16'),
	(1510, 137, 405.263, 256, 255, 77, 1, 0, 1, 0, 100, '2019-09-29 15:28:16'),
	(1511, 137, 476.19, 255, 256, 77, 1, 1, 0, 0, 90.909, '2019-09-29 15:28:20'),
	(1512, 137, 505.263, 256, 255, 77, 1, 1, 0, 0, 100, '2019-09-29 15:28:20'),
	(1513, 137, 567.099, 255, 256, 77, 1, 0, 0, 0, 86.956, '2019-09-29 15:28:22'),
	(1514, 137, 605.263, 256, 255, 77, 1, 0, 0, 0, 100, '2019-09-29 15:28:22'),
	(1515, 137, 654.055, 255, 256, 77, 1, 1, 0, 0, 86.956, '2019-09-29 15:28:24'),
	(1516, 137, 705.263, 256, 255, 79, 1, 1, 1, 0, 100, '2019-09-29 15:28:24'),
	(1517, 137, 741.011, 255, 256, 77, 1, 1, 0, 0, 86.956, '2019-09-29 15:28:25'),
	(1518, 137, 805.263, 256, 255, 79, 1, 1, 0, 0, 100, '2019-09-29 15:28:25'),
	(1519, 137, 827.967, 255, 256, 77, 1, 0, 0, 0, 86.956, '2019-09-29 15:28:28'),
	(1520, 138, 95.238, 258, 259, 5, 1, 0, 0, 1, 95.238, '2019-09-29 15:29:30'),
	(1521, 138, 90.909, 260, 258, 77, 1, 0, 0, 0, 90.909, '2019-09-29 15:29:30'),
	(1522, 138, 100, 259, 258, 77, 1, 0, 1, 0, 100, '2019-09-29 15:29:30'),
	(1523, 138, 181.818, 260, 258, 9, 1, 0, 0, 4, 90.909, '2019-09-29 15:29:30'),
	(1524, 138, 190.476, 258, 259, 5, 1, 0, 0, 1, 95.238, '2019-09-29 15:29:33'),
	(1525, 138, 200, 259, 259, 29, 1, 0, 0, 1, 100, '2019-09-29 15:29:33'),
	(1526, 138, 272.727, 260, 258, 77, 1, 0, 0, 0, 90.909, '2019-09-29 15:29:33'),
	(1527, 138, 285.714, 258, 259, 5, 1, 0, 0, 1, 95.238, '2019-09-29 15:29:35'),
	(1528, 138, 300, 259, 258, 77, 1, 0, 1, 0, 100, '2019-09-29 15:29:35'),
	(1529, 138, 363.636, 260, 258, 9, 1, 0, 1, 4, 90.909, '2019-09-29 15:29:35'),
	(1530, 138, 380.952, 258, 259, 5, 1, 0, 0, 1, 95.238, '2019-09-29 15:29:37'),
	(1531, 138, 400, 259, 258, 79, 1, 0, 1, 0, 100, '2019-09-29 15:29:37'),
	(1532, 138, 454.545, 260, 258, 77, 1, 0, 1, 0, 90.909, '2019-09-29 15:29:37'),
	(1533, 138, 476.19, 258, 259, 5, 1, 0, 0, 1, 95.238, '2019-09-29 15:29:39'),
	(1534, 138, 500, 259, 258, 79, 1, 0, 0, 0, 100, '2019-09-29 15:29:39'),
	(1535, 138, 545.454, 260, 258, 77, 1, 0, 0, 0, 90.909, '2019-09-29 15:29:39'),
	(1536, 138, 571.428, 258, 260, 5, 1, 0, 0, 1, 95.238, '2019-09-29 15:29:40'),
	(1537, 138, 600, 259, 258, 77, 1, 0, 0, 0, 100, '2019-09-29 15:29:40'),
	(1538, 138, 636.363, 260, 258, 77, 1, 0, 0, 0, 90.909, '2019-09-29 15:29:41'),
	(1539, 138, 666.666, 258, 260, 5, 1, 0, 0, 1, 95.238, '2019-09-29 15:29:42'),
	(1540, 138, 700, 259, 258, 77, 1, 0, 0, 0, 100, '2019-09-29 15:29:42'),
	(1541, 138, 727.272, 260, 258, 77, 1, 0, 0, 0, 90.909, '2019-09-29 15:29:42'),
	(1542, 139, 95.238, 261, 262, 5, 1, 0, 0, 3, 95.238, '2019-10-03 16:41:35'),
	(1543, 139, 100, 262, 261, 77, 1, 0, 0, 0, 100, '2019-10-03 16:41:35'),
	(1544, 139, 190.476, 261, 262, 5, 1, 0, 0, 3, 95.238, '2019-10-03 16:43:08'),
	(1545, 139, 200, 262, 261, 77, 1, 0, 0, 0, 100, '2019-10-03 16:43:08'),
	(1546, 139, 285.714, 261, 262, 19, 1, 0, 0, 5, 95.238, '2019-10-03 16:43:43'),
	(1547, 139, 300, 262, 261, 79, 1, 0, 0, 0, 100, '2019-10-03 16:43:43'),
	(1548, 139, 380.952, 261, 262, 16, 1, 1, 0, 7, 95.238, '2019-10-03 16:43:45'),
	(1549, 139, 400, 262, 261, 79, 1, 0, 0, 0, 100, '2019-10-03 16:43:45'),
	(1550, 139, 476.19, 261, 261, 75, 1, 0, 0, 6, 95.238, '2019-10-03 16:44:00'),
	(1551, 139, 500, 262, 261, 79, 1, 0, 1, 0, 100, '2019-10-03 16:44:00'),
	(1552, 139, 571.428, 261, 262, 19, 1, 1, 0, 5, 90.909, '2019-10-03 16:44:38'),
	(1553, 139, 600, 262, 262, 29, 1, 0, 0, 3, 100, '2019-10-03 16:44:38'),
	(1554, 139, 662.337, 261, 262, 77, 0, 1, 0, 0, 86.956, '2019-10-03 16:44:45'),
	(1555, 139, 700, 262, 261, 79, 1, 0, 1, 0, 100, '2019-10-03 16:44:45'),
	(1556, 139, 749.293, 261, 262, 77, 1, 0, 0, 0, 86.956, '2019-10-03 16:44:49'),
	(1557, 139, 800, 262, 261, 77, 1, 1, 1, 0, 100, '2019-10-03 16:44:49'),
	(1558, 139, 836.249, 261, 262, 77, 1, 1, 0, 0, 86.956, '2019-10-03 16:44:52'),
	(1559, 139, 900, 262, 261, 77, 0, 0, 0, 0, 100, '2019-10-03 16:44:52'),
	(1560, 139, 923.205, 261, 262, 77, 1, 0, 0, 0, 86.956, '2019-10-03 16:44:55'),
	(1561, 140, 95.238, 263, 264, 19, 1, 0, 0, 5, 95.238, '2019-10-03 16:47:45'),
	(1562, 140, 100, 264, 263, 77, 1, 0, 1, 0, 100, '2019-10-03 16:47:45'),
	(1563, 140, 190.476, 263, 264, 19, 1, 0, 0, 5, 95.238, '2019-10-03 16:47:48'),
	(1564, 140, 200, 264, 263, 79, 1, 0, 0, 0, 100, '2019-10-03 16:47:48'),
	(1565, 140, 285.714, 263, 264, 5, 1, 0, 0, 3, 95.238, '2019-10-03 16:47:55'),
	(1566, 141, 95.238, 265, 266, 5, 1, 0, 0, 3, 95.238, '2019-10-03 17:22:44'),
	(1567, 141, 100, 266, 265, 79, 1, 0, 0, 0, 100, '2019-10-03 17:22:44'),
	(1568, 141, 190.476, 265, 265, 75, 1, 0, 0, 6, 95.238, '2019-10-03 17:28:31'),
	(1569, 141, 200, 266, 265, 77, 1, 0, 0, 0, 100, '2019-10-03 17:28:31'),
	(1570, 141, 285.714, 265, 266, 77, 1, 0, 0, 0, 90.909, '2019-10-03 17:28:47'),
	(1571, 141, 300, 266, 265, 77, 1, 1, 0, 0, 100, '2019-10-03 17:28:47'),
	(1572, 141, 376.623, 265, 266, 19, 1, 0, 0, 5, 86.956, '2019-10-03 17:29:15'),
	(1573, 141, 400, 266, 265, 77, 1, 0, 1, 0, 100, '2019-10-03 17:29:15'),
	(1574, 141, 463.579, 265, 266, 77, 1, 0, 0, 0, 86.956, '2019-10-03 17:29:24'),
	(1575, 141, 500, 266, 266, 29, 1, 0, 0, 3, 100, '2019-10-03 17:29:24'),
	(1576, 141, 550.535, 265, 266, 77, 1, 0, 0, 0, 86.956, '2019-10-03 17:29:51'),
	(1577, 141, 600, 266, 265, 77, 1, 1, 0, 0, 100, '2019-10-03 17:29:51'),
	(1578, 142, 95.238, 267, 268, 16, 1, 0, 0, 7, 95.238, '2019-10-03 17:40:49'),
	(1579, 142, 100, 268, 267, 77, 1, 0, 0, 0, 100, '2019-10-03 17:40:49'),
	(1580, 142, 190.476, 267, 268, 77, 1, 1, 0, 0, 95.238, '2019-10-03 17:41:04'),
	(1581, 142, 200, 268, 267, 79, 1, 0, 0, 0, 100, '2019-10-03 17:41:04'),
	(1582, 142, 285.714, 267, 268, 77, 1, 0, 0, 0, 95.238, '2019-10-03 17:41:15'),
	(1583, 142, 300, 268, 267, 79, 1, 0, 0, 0, 100, '2019-10-03 17:41:15'),
	(1584, 142, 380.952, 267, 268, 5, 1, 1, 0, 3, 95.238, '2019-10-03 17:41:35'),
	(1585, 142, 400, 268, 267, 79, 1, 0, 1, 0, 100, '2019-10-03 17:41:35'),
	(1586, 142, 476.19, 267, 268, 5, 1, 0, 0, 3, 95.238, '2019-10-03 17:41:55'),
	(1587, 142, 500, 268, 267, 77, 1, 0, 0, 0, 100, '2019-10-03 17:41:55'),
	(1588, 142, 571.428, 267, 268, 5, 1, 0, 0, 3, 95.238, '2019-10-03 17:42:34'),
	(1589, 142, 600, 268, 267, 77, 1, 0, 1, 0, 100, '2019-10-03 17:42:34'),
	(1590, 142, 666.666, 267, 268, 77, 1, 0, 0, 0, 95.238, '2019-10-03 17:43:04'),
	(1591, 142, 700, 268, 267, 79, 1, 0, 0, 0, 100, '2019-10-03 17:43:04'),
	(1592, 142, 761.904, 267, 267, 75, 1, 0, 0, 6, 95.238, '2019-10-03 17:43:09'),
	(1593, 142, 800, 268, 267, 29, 1, 0, 1, 3, 100, '2019-10-03 17:43:09'),
	(1594, 142, 857.142, 267, 268, 77, 1, 0, 0, 0, 95.238, '2019-10-03 17:43:18'),
	(1595, 142, 900, 268, 267, 77, 1, 0, 1, 0, 100, '2019-10-03 17:43:18'),
	(1596, 142, 952.38, 267, 268, 77, 1, 0, 0, 0, 95.238, '2019-10-03 17:43:27'),
	(1597, 143, 95.238, 269, 270, 29, 1, 0, 0, 3, 95.238, '2019-10-03 17:44:51'),
	(1598, 143, 100, 270, 269, 77, 1, 0, 1, 0, 100, '2019-10-03 17:44:51'),
	(1599, 143, 190.476, 269, 270, 32, 1, 1, 0, 5, 95.238, '2019-10-03 17:45:06'),
	(1600, 143, 200, 270, 269, 79, 1, 0, 0, 0, 100, '2019-10-03 17:45:06'),
	(1601, 143, 285.714, 269, 270, 32, 1, 0, 0, 5, 95.238, '2019-10-03 17:45:22'),
	(1602, 143, 300, 270, 269, 77, 1, 0, 0, 0, 100, '2019-10-03 17:45:22'),
	(1603, 143, 380.952, 269, 270, 32, 1, 0, 0, 5, 95.238, '2019-10-03 17:49:32'),
	(1604, 143, 400, 270, 269, 29, 1, 0, 1, 3, 100, '2019-10-03 17:49:32'),
	(1605, 143, 476.19, 269, 270, 28, 1, 1, 0, 7, 95.238, '2019-10-03 17:49:38'),
	(1606, 143, 500, 270, 269, 79, 1, 0, 0, 0, 100, '2019-10-03 17:49:38'),
	(1607, 143, 571.428, 269, 270, 77, 1, 0, 0, 0, 95.238, '2019-10-03 17:49:52'),
	(1608, 143, 600, 270, 269, 79, 1, 0, 0, 0, 100, '2019-10-03 17:49:52'),
	(1609, 143, 666.666, 269, 270, 77, 1, 0, 0, 0, 95.238, '2019-10-03 17:49:53'),
	(1610, 143, 700, 270, 269, 79, 1, 0, 1, 0, 100, '2019-10-03 17:49:53'),
	(1611, 143, 761.904, 269, 270, 77, 1, 0, 0, 0, 95.238, '2019-10-03 17:49:55'),
	(1612, 143, 800, 270, 269, 79, 1, 0, 0, 0, 100, '2019-10-03 17:49:55'),
	(1613, 143, 857.142, 269, 270, 77, 1, 0, 0, 0, 95.238, '2019-10-03 17:49:57'),
	(1614, 143, 900, 270, 269, 77, 1, 0, 1, 0, 100, '2019-10-03 17:49:57'),
	(1615, 143, 952.38, 269, 270, 77, 1, 0, 0, 0, 95.238, '2019-10-03 17:49:58'),
	(1616, 143, 1000, 270, 269, 77, 1, 0, 0, 0, 100, '2019-10-03 17:49:58'),
	(1617, 143, 1047.62, 269, 270, 77, 1, 0, 0, 0, 95.238, '2019-10-03 17:49:59'),
	(1618, 143, 1100, 270, 269, 77, 1, 0, 1, 0, 100, '2019-10-03 17:49:59'),
	(1619, 143, 1142.86, 269, 270, 77, 1, 0, 0, 0, 95.238, '2019-10-03 17:50:00'),
	(1620, 144, 95.238, 271, 272, 28, 1, 0, 0, 7, 95.238, '2019-10-03 17:50:50'),
	(1621, 144, 100, 272, 271, 79, 1, 0, 1, 0, 100, '2019-10-03 17:50:50'),
	(1622, 144, 190.476, 271, 272, 77, 1, 0, 0, 0, 95.238, '2019-10-03 17:50:56'),
	(1623, 144, 200, 272, 271, 29, 1, 0, 0, 3, 100, '2019-10-03 17:50:56'),
	(1624, 144, 285.714, 271, 272, 77, 1, 0, 0, 0, 95.238, '2019-10-03 17:51:06'),
	(1625, 144, 300, 272, 271, 77, 0, 0, 1, 0, 100, '2019-10-03 17:51:06'),
	(1626, 144, 380.952, 271, 272, 77, 1, 0, 0, 0, 95.238, '2019-10-03 17:51:20'),
	(1627, 144, 400, 272, 271, 77, 1, 0, 1, 0, 100, '2019-10-03 17:51:20'),
	(1628, 144, 476.19, 271, 272, 77, 1, 0, 0, 0, 95.238, '2019-10-03 17:51:27'),
	(1629, 145, 95.238, 273, 274, 29, 1, 0, 0, 3, 95.238, '2019-10-04 16:55:08'),
	(1630, 145, 95.238, 273, 274, 29, 1, 0, 0, 3, 95.238, '2019-10-04 16:55:42'),
	(1631, 145, 100, 274, 273, 79, 1, 0, 0, 0, 100, '2019-10-04 16:55:42'),
	(1632, 145, 190.476, 273, 274, 29, 1, 1, 0, 3, 95.238, '2019-10-04 17:03:11'),
	(1633, 145, 200, 274, 273, 79, 1, 0, 1, 0, 100, '2019-10-04 17:03:11'),
	(1634, 145, 285.714, 273, 274, 32, 1, 1, 0, 5, 95.238, '2019-10-06 11:11:42'),
	(1635, 145, 300, 274, 273, 79, 1, 0, 0, 0, 100, '2019-10-06 11:11:42'),
	(1636, 145, 380.952, 273, 274, 32, 1, 0, 0, 5, 95.238, '2019-10-06 11:11:48'),
	(1637, 145, 400, 274, 273, 77, 1, 0, 1, 0, 100, '2019-10-06 11:11:48'),
	(1638, 145, 476.19, 273, 274, 28, 1, 0, 0, 7, 95.238, '2019-10-06 12:19:02'),
	(1639, 145, 500, 274, 273, 77, 1, 0, 1, 0, 100, '2019-10-06 12:19:02'),
	(1640, 145, 600, 274, 273, 29, 1, 0, 0, 3, 100, '2019-10-06 14:39:45'),
	(1641, 145, 571.428, 273, 274, 77, 1, 0, 0, 0, 95.238, '2019-10-06 14:40:19'),
	(1642, 145, 666.666, 273, 274, 77, 1, 0, 0, 0, 95.238, '2019-10-06 14:40:41'),
	(1643, 145, 700, 274, 273, 79, 1, 0, 1, 0, 100, '2019-10-06 14:40:41'),
	(1644, 145, 761.904, 273, 274, 77, 1, 0, 0, 0, 95.238, '2019-10-06 14:40:52'),
	(1645, 146, 100, 276, 275, 29, 1, 0, 1, 3, 100, '2019-10-06 14:50:51'),
	(1646, 146, 200, 276, 275, 77, 1, 0, 0, 0, 100, '2019-10-06 14:50:57'),
	(1647, 146, 300, 276, 275, 79, 1, 0, 0, 0, 100, '2019-10-06 14:50:59'),
	(1648, 146, 95.238, 275, 276, 28, 1, 0, 1, 7, 95.238, '2019-10-06 14:51:02'),
	(1649, 146, 190.476, 275, 276, 29, 1, 1, 0, 3, 95.238, '2019-10-06 14:51:04'),
	(1650, 146, 285.714, 275, 276, 32, 1, 0, 0, 5, 95.238, '2019-10-06 14:51:06'),
	(1651, 146, 380.952, 275, 276, 28, 1, 0, 0, 7, 95.238, '2019-10-06 14:51:08'),
	(1652, 146, 400, 276, 275, 77, 1, 0, 0, 0, 100, '2019-10-06 14:51:08'),
	(1653, 146, 476.19, 275, 276, 28, 1, 0, 0, 7, 95.238, '2019-10-06 14:51:10'),
	(1654, 146, 500, 276, 275, 79, 1, 0, 0, 0, 100, '2019-10-06 14:51:10'),
	(1655, 146, 571.428, 275, 276, 77, 1, 0, 0, 0, 95.238, '2019-10-06 14:51:32'),
	(1656, 146, 600, 276, 275, 77, 1, 0, 0, 0, 100, '2019-10-06 14:51:32'),
	(1657, 146, 666.666, 275, 276, 77, 1, 0, 0, 0, 95.238, '2019-10-06 14:51:34'),
	(1658, 146, 700, 276, 275, 77, 1, 0, 0, 0, 100, '2019-10-06 14:51:34'),
	(1659, 146, 761.904, 275, 276, 77, 1, 0, 0, 0, 95.238, '2019-10-06 14:51:36'),
	(1660, 147, 100, 278, 277, 29, 0, 0, 0, 3, 100, '2019-10-06 14:52:06'),
	(1661, 147, 95.238, 277, 278, 77, 0, 1, 0, 0, 95.238, '2019-10-06 14:52:13'),
	(1662, 147, 190.476, 277, 278, 28, 1, 0, 0, 7, 95.238, '2019-10-06 14:52:14'),
	(1663, 147, 200, 278, 277, 77, 1, 1, 0, 0, 100, '2019-10-06 14:52:14'),
	(1664, 147, 285.714, 277, 278, 28, 1, 0, 0, 7, 95.238, '2019-10-06 14:52:16'),
	(1665, 147, 300, 278, 277, 79, 1, 1, 1, 0, 100, '2019-10-06 14:52:16'),
	(1666, 147, 380.952, 277, 278, 28, 1, 1, 0, 7, 95.238, '2019-10-06 14:52:17'),
	(1667, 147, 400, 278, 277, 79, 1, 0, 0, 0, 100, '2019-10-06 14:52:17'),
	(1668, 147, 476.19, 277, 278, 28, 1, 1, 0, 7, 95.238, '2019-10-06 14:52:18'),
	(1669, 147, 500, 278, 277, 77, 1, 0, 1, 0, 100, '2019-10-06 14:52:18'),
	(1670, 147, 571.428, 277, 278, 77, 1, 0, 0, 0, 95.238, '2019-10-06 14:52:20'),
	(1671, 148, 100, 280, 279, 29, 1, 0, 1, 3, 100, '2019-10-06 14:52:46'),
	(1672, 148, 95.238, 279, 280, 28, 1, 0, 0, 7, 95.238, '2019-10-06 14:52:51'),
	(1673, 148, 190.476, 279, 280, 29, 0, 0, 0, 3, 95.238, '2019-10-06 14:52:53'),
	(1674, 148, 200, 280, 279, 77, 1, 0, 1, 0, 100, '2019-10-06 14:52:53'),
	(1675, 148, 285.714, 279, 280, 29, 1, 1, 0, 3, 95.238, '2019-10-06 14:52:54'),
	(1676, 148, 300, 280, 279, 77, 1, 0, 0, 0, 100, '2019-10-06 14:52:54'),
	(1677, 148, 380.952, 279, 280, 29, 1, 0, 0, 3, 95.238, '2019-10-06 14:52:56'),
	(1678, 148, 400, 280, 279, 79, 1, 0, 1, 0, 100, '2019-10-06 14:52:56'),
	(1679, 148, 476.19, 279, 280, 29, 1, 0, 1, 3, 95.238, '2019-10-06 14:52:57'),
	(1680, 148, 500, 280, 279, 77, 1, 0, 0, 0, 100, '2019-10-06 14:52:57'),
	(1681, 148, 571.428, 279, 280, 29, 1, 1, 0, 3, 95.238, '2019-10-06 14:52:59'),
	(1682, 148, 600, 280, 279, 79, 1, 0, 0, 0, 100, '2019-10-06 14:52:59'),
	(1683, 148, 666.666, 279, 280, 28, 1, 1, 0, 7, 95.238, '2019-10-06 14:53:01'),
	(1684, 148, 700, 280, 279, 79, 1, 0, 0, 0, 100, '2019-10-06 14:53:01'),
	(1685, 148, 761.904, 279, 280, 77, 1, 1, 0, 0, 95.238, '2019-10-06 14:53:03'),
	(1686, 148, 800, 280, 279, 77, 1, 0, 1, 0, 100, '2019-10-06 14:53:03'),
	(1687, 148, 857.142, 279, 280, 77, 1, 0, 0, 0, 95.238, '2019-10-06 14:53:04'),
	(1688, 148, 900, 280, 279, 79, 1, 0, 0, 0, 100, '2019-10-06 14:53:04'),
	(1689, 148, 952.38, 279, 280, 77, 0, 1, 0, 0, 95.238, '2019-10-06 14:53:06'),
	(1690, 148, 1000, 280, 279, 77, 1, 0, 0, 0, 100, '2019-10-06 14:53:06'),
	(1691, 148, 1047.62, 279, 280, 77, 0, 0, 0, 0, 95.238, '2019-10-06 14:53:07'),
	(1692, 148, 1100, 280, 279, 79, 1, 0, 1, 0, 100, '2019-10-06 14:53:07'),
	(1693, 148, 1142.86, 279, 280, 77, 1, 0, 0, 0, 95.238, '2019-10-06 14:53:10'),
	(1694, 149, 95.238, 281, 282, 55, 1, 0, 0, 5, 95.238, '2019-10-06 14:55:09'),
	(1695, 149, 90.909, 283, 281, 77, 1, 1, 0, 0, 90.909, '2019-10-06 14:55:09'),
	(1696, 149, 100, 282, 281, 77, 1, 0, 0, 0, 100, '2019-10-06 14:55:09'),
	(1697, 149, 181.818, 283, 281, 77, 1, 0, 0, 0, 90.909, '2019-10-06 14:55:09'),
	(1698, 149, 190.476, 281, 282, 69, 1, 0, 0, 6, 95.238, '2019-10-06 14:55:32'),
	(1699, 149, 200, 282, 281, 77, 1, 0, 0, 0, 103.092, '2019-10-06 14:55:32'),
	(1700, 149, 272.727, 283, 281, 77, 1, 1, 1, 0, 90.909, '2019-10-06 14:55:32'),
	(1701, 149, 285.714, 281, 281, 75, 1, 0, 0, 6, 95.238, '2019-10-06 14:56:17'),
	(1702, 149, 303.092, 282, 281, 29, 1, 0, 0, 3, 106.382, '2019-10-06 14:56:17'),
	(1703, 149, 363.636, 283, 281, 77, 1, 0, 0, 0, 90.909, '2019-10-06 14:56:17'),
	(1704, 149, 380.952, 281, 283, 80, 1, 1, 0, 0, 95.238, '2019-10-06 14:56:40'),
	(1705, 149, 409.474, 282, 281, 77, 1, 0, 1, 0, 109.89, '2019-10-06 14:56:40'),
	(1706, 149, 454.545, 283, 281, 77, 0, 0, 0, 0, 90.909, '2019-10-06 14:56:40'),
	(1707, 149, 476.19, 281, 283, 80, 1, 1, 0, 0, 95.238, '2019-10-06 14:56:51'),
	(1708, 149, 519.364, 282, 281, 79, 1, 1, 1, 0, 113.636, '2019-10-06 14:56:51'),
	(1709, 149, 545.454, 283, 281, 77, 1, 0, 1, 0, 90.909, '2019-10-06 14:56:51'),
	(1710, 149, 571.428, 281, 283, 80, 1, 1, 0, 0, 95.238, '2019-10-06 14:57:01'),
	(1711, 149, 633, 282, 281, 79, 1, 0, 0, 0, 113.636, '2019-10-06 14:57:01'),
	(1712, 149, 636.363, 283, 281, 77, 1, 0, 1, 0, 90.909, '2019-10-06 14:57:01'),
	(1713, 149, 666.666, 281, 283, 80, 1, 1, 0, 0, 95.238, '2019-10-06 14:57:06'),
	(1714, 149, 727.272, 283, 281, 77, 1, 0, 0, 0, 90.909, '2019-10-06 14:57:06'),
	(1715, 149, 746.636, 282, 281, 79, 1, 0, 1, 0, 113.636, '2019-10-06 14:57:06'),
	(1716, 149, 761.904, 281, 283, 58, 1, 0, 0, 7, 95.238, '2019-10-06 15:01:04'),
	(1717, 149, 818.181, 283, 281, 77, 1, 0, 0, 0, 91.743, '2019-10-06 15:01:04'),
	(1718, 149, 857.142, 281, 283, 77, 1, 0, 0, 0, 95.238, '2019-10-06 15:01:24'),
	(1719, 149, 860.272, 282, 281, 77, 1, 0, 0, 0, 113.636, '2019-10-06 15:01:24'),
	(1720, 149, 909.924, 283, 281, 77, 1, 0, 1, 0, 91.743, '2019-10-06 15:01:24'),
	(1721, 149, 952.38, 281, 281, 75, 1, 0, 0, 6, 95.238, '2019-10-06 15:01:35'),
	(1722, 149, 973.908, 282, 281, 77, 1, 0, 1, 0, 113.636, '2019-10-06 15:01:35'),
	(1723, 149, 1047.62, 281, 282, 80, 1, 0, 0, 0, 95.238, '2019-10-06 15:01:39'),
	(1724, 149, 1087.54, 282, 281, 77, 1, 0, 0, 0, 113.636, '2019-10-06 15:01:39'),
	(1725, 149, 1142.86, 281, 282, 80, 0, 0, 0, 0, 95.238, '2019-10-06 15:01:41'),
	(1726, 149, 1201.18, 282, 281, 77, 1, 0, 0, 0, 113.636, '2019-10-06 15:01:41'),
	(1727, 149, 1238.1, 281, 282, 80, 1, 1, 0, 0, 95.238, '2019-10-06 15:01:43'),
	(1728, 149, 1314.82, 282, 281, 79, 1, 1, 0, 0, 113.636, '2019-10-06 15:01:43'),
	(1729, 149, 1333.34, 281, 282, 80, 1, 0, 0, 0, 95.238, '2019-10-06 15:01:44'),
	(1730, 149, 1428.46, 282, 281, 79, 1, 0, 1, 0, 113.636, '2019-10-06 15:01:44'),
	(1731, 149, 1428.58, 281, 282, 80, 1, 0, 0, 0, 95.238, '2019-10-06 15:01:46'),
	(1732, 149, 1523.82, 281, 282, 80, 1, 1, 0, 0, 95.238, '2019-10-06 15:01:48'),
	(1733, 149, 1542.1, 282, 281, 79, 1, 0, 0, 0, 113.636, '2019-10-06 15:01:48'),
	(1734, 149, 1619.06, 281, 282, 80, 1, 0, 0, 0, 95.238, '2019-10-06 15:05:52'),
	(1735, 149, 1655.74, 282, 281, 77, 1, 0, 1, 0, 113.636, '2019-10-06 15:05:52'),
	(1736, 149, 1714.3, 281, 282, 80, 1, 0, 0, 0, 95.238, '2019-10-06 15:05:53'),
	(1737, 149, 1769.38, 282, 281, 77, 1, 1, 0, 0, 113.636, '2019-10-06 15:05:53'),
	(1738, 149, 1809.54, 281, 282, 77, 1, 0, 0, 0, 95.238, '2019-10-06 15:05:55'),
	(1739, 150, 95.238, 284, 286, 34, 1, 0, 0, 7, 95.238, '2019-10-06 15:06:28'),
	(1740, 150, 90.909, 286, 284, 77, 1, 0, 1, 0, 90.909, '2019-10-06 15:06:28'),
	(1741, 150, 100, 285, 284, 77, 1, 0, 0, 0, 100, '2019-10-06 15:06:28'),
	(1742, 150, 181.818, 286, 284, 77, 0, 0, 0, 0, 90.909, '2019-10-06 15:06:28'),
	(1743, 150, 190.476, 284, 286, 58, 1, 1, 0, 7, 95.238, '2019-10-06 15:06:42'),
	(1744, 150, 200, 285, 284, 79, 1, 0, 0, 0, 100, '2019-10-06 15:06:42'),
	(1745, 150, 272.727, 286, 284, 77, 1, 0, 0, 0, 90.909, '2019-10-06 15:06:42'),
	(1746, 150, 285.714, 284, 286, 58, 1, 0, 0, 7, 95.238, '2019-10-06 15:06:45'),
	(1747, 150, 300, 285, 284, 79, 1, 0, 0, 0, 100, '2019-10-06 15:06:45'),
	(1748, 150, 363.636, 286, 284, 77, 1, 0, 1, 0, 91.743, '2019-10-06 15:06:45'),
	(1749, 150, 380.952, 284, 285, 58, 1, 0, 0, 7, 95.238, '2019-10-06 15:06:52'),
	(1750, 150, 400, 285, 284, 79, 1, 0, 0, 0, 101.01, '2019-10-06 15:06:52'),
	(1751, 150, 455.379, 286, 284, 77, 1, 0, 1, 0, 91.743, '2019-10-06 15:06:52'),
	(1752, 150, 476.19, 284, 285, 80, 1, 0, 0, 0, 95.238, '2019-10-06 15:06:55'),
	(1753, 150, 501.01, 285, 284, 79, 1, 0, 1, 0, 101.01, '2019-10-06 15:06:55'),
	(1754, 150, 571.428, 284, 285, 80, 0, 0, 0, 0, 95.238, '2019-10-06 15:06:57'),
	(1755, 150, 602.02, 285, 284, 29, 1, 0, 0, 3, 101.01, '2019-10-06 15:06:58'),
	(1756, 150, 666.666, 284, 285, 80, 1, 0, 0, 0, 95.238, '2019-10-06 15:06:59'),
	(1757, 150, 703.03, 285, 284, 77, 1, 0, 1, 0, 100, '2019-10-06 15:06:59'),
	(1758, 150, 761.904, 284, 285, 80, 1, 0, 0, 0, 95.238, '2019-10-06 15:07:10'),
	(1759, 150, 803.03, 285, 284, 77, 1, 1, 0, 0, 100, '2019-10-06 15:07:10'),
	(1760, 150, 857.142, 284, 285, 77, 1, 0, 0, 0, 95.238, '2019-10-06 15:07:12'),
	(1761, 151, 95.238, 287, 288, 69, 1, 1, 0, 6, 95.238, '2019-10-08 18:42:10'),
	(1762, 151, 100, 288, 287, 77, 1, 0, 0, 0, 100, '2019-10-08 18:42:10'),
	(1763, 151, 190.476, 287, 288, 69, 1, 0, 0, 6, 95.238, '2019-10-08 18:42:16'),
	(1764, 151, 200, 288, 287, 77, 1, 0, 0, 0, 103.092, '2019-10-08 18:42:16'),
	(1765, 151, 285.714, 287, 288, 58, 1, 0, 0, 7, 95.238, '2019-10-08 18:42:30'),
	(1766, 151, 303.092, 288, 287, 77, 0, 0, 0, 0, 107.526, '2019-10-08 18:42:30'),
	(1767, 151, 380.952, 287, 288, 69, 1, 0, 0, 6, 95.238, '2019-10-08 18:43:14'),
	(1768, 151, 410.618, 288, 287, 77, 1, 0, 0, 0, 114.942, '2019-10-08 18:43:14'),
	(1769, 151, 476.19, 287, 287, 63, 1, 0, 0, 5, 95.238, '2019-10-08 18:43:42'),
	(1770, 151, 525.56, 288, 287, 77, 1, 0, 0, 0, 123.456, '2019-10-08 18:43:42'),
	(1771, 151, 571.428, 287, 288, 80, 1, 0, 0, 0, 95.238, '2019-10-08 18:43:49'),
	(1772, 151, 649.016, 288, 287, 79, 1, 0, 1, 0, 126.582, '2019-10-08 18:43:49'),
	(1773, 151, 666.666, 287, 288, 80, 1, 0, 0, 0, 95.238, '2019-10-08 18:43:59'),
	(1774, 151, 761.904, 287, 288, 80, 1, 0, 0, 0, 95.238, '2019-10-08 18:44:08'),
	(1775, 151, 775.598, 288, 287, 79, 1, 1, 0, 0, 131.578, '2019-10-08 18:44:08'),
	(1776, 151, 857.142, 287, 288, 77, 1, 0, 0, 0, 95.238, '2019-10-08 18:44:14'),
	(1777, 152, 95.238, 289, 290, 69, 1, 1, 0, 6, 95.238, '2019-10-08 18:44:44'),
	(1778, 152, 100, 290, 289, 79, 1, 0, 0, 0, 100, '2019-10-08 18:44:44'),
	(1779, 152, 190.476, 289, 290, 69, 1, 0, 0, 6, 95.238, '2019-10-08 18:44:46'),
	(1780, 152, 200, 290, 289, 79, 1, 0, 1, 0, 103.092, '2019-10-08 18:44:46'),
	(1781, 152, 285.714, 289, 290, 69, 1, 0, 0, 6, 95.238, '2019-10-08 18:44:47'),
	(1782, 152, 303.092, 290, 289, 77, 1, 0, 1, 0, 109.89, '2019-10-08 18:44:47'),
	(1783, 152, 380.952, 289, 290, 69, 1, 0, 0, 6, 95.238, '2019-10-08 18:44:48'),
	(1784, 152, 412.982, 290, 289, 29, 1, 1, 0, 3, 121.951, '2019-10-08 18:44:48'),
	(1785, 152, 476.19, 289, 290, 69, 1, 0, 0, 6, 95.238, '2019-10-08 18:44:49'),
	(1786, 152, 534.933, 290, 289, 79, 1, 0, 1, 0, 142.857, '2019-10-08 18:44:49'),
	(1787, 152, 571.428, 289, 290, 80, 1, 0, 0, 0, 95.238, '2019-10-08 18:44:59'),
	(1788, 152, 666.666, 289, 290, 80, 1, 0, 0, 0, 95.238, '2019-10-08 18:45:01'),
	(1789, 152, 677.79, 290, 289, 79, 1, 0, 0, 0, 163.934, '2019-10-08 18:45:01'),
	(1790, 152, 761.904, 289, 290, 80, 1, 0, 0, 0, 95.238, '2019-10-08 18:45:03'),
	(1791, 152, 841.724, 290, 289, 79, 1, 0, 0, 0, 181.818, '2019-10-08 18:45:03'),
	(1792, 152, 857.142, 289, 290, 77, 1, 0, 0, 0, 95.238, '2019-10-08 18:45:06'),
	(1793, 152, 952.38, 289, 290, 77, 1, 0, 0, 0, 95.238, '2019-10-08 18:45:10'),
	(1794, 152, 1023.54, 290, 289, 79, 1, 0, 0, 0, 192.307, '2019-10-08 18:45:10'),
	(1795, 152, 1047.62, 289, 290, 77, 1, 0, 1, 0, 95.238, '2019-10-08 18:45:13'),
	(1796, 152, 1142.86, 289, 290, 77, 1, 0, 0, 0, 95.238, '2019-10-08 18:45:17'),
	(1797, 152, 1215.85, 290, 289, 79, 1, 0, 0, 0, 192.307, '2019-10-08 18:45:17'),
	(1798, 152, 1238.1, 289, 290, 77, 1, 0, 0, 0, 95.238, '2019-10-08 18:45:19'),
	(1799, 153, 95.238, 291, 292, 34, 1, 1, 0, 7, 95.238, '2019-10-08 18:45:49'),
	(1800, 153, 100, 292, 291, 29, 1, 0, 1, 3, 100, '2019-10-08 18:45:49'),
	(1801, 153, 190.476, 291, 292, 34, 1, 0, 0, 7, 95.238, '2019-10-08 18:45:54'),
	(1802, 153, 200, 292, 291, 77, 1, 0, 0, 0, 100, '2019-10-08 18:45:54'),
	(1803, 153, 285.714, 291, 292, 34, 1, 0, 0, 7, 95.238, '2019-10-08 18:45:57'),
	(1804, 153, 300, 292, 291, 77, 1, 0, 0, 0, 100, '2019-10-08 18:45:57'),
	(1805, 153, 380.952, 291, 292, 69, 1, 0, 0, 6, 95.238, '2019-10-08 18:46:05'),
	(1806, 153, 400, 292, 291, 77, 1, 0, 0, 0, 103.092, '2019-10-08 18:46:05'),
	(1807, 153, 476.19, 291, 292, 80, 1, 0, 1, 0, 95.238, '2019-10-08 18:46:06'),
	(1808, 153, 503.092, 292, 291, 77, 1, 1, 0, 0, 106.382, '2019-10-08 18:46:06'),
	(1809, 153, 571.428, 291, 292, 80, 1, 0, 0, 0, 95.238, '2019-10-08 18:46:08'),
	(1810, 153, 609.474, 292, 291, 79, 1, 0, 0, 0, 109.89, '2019-10-08 18:46:08'),
	(1811, 153, 666.666, 291, 292, 80, 1, 1, 0, 0, 95.238, '2019-10-08 18:46:09'),
	(1812, 153, 719.364, 292, 291, 79, 1, 0, 0, 0, 113.636, '2019-10-08 18:46:09'),
	(1813, 153, 761.904, 291, 292, 80, 1, 0, 0, 0, 95.238, '2019-10-08 18:46:11'),
	(1814, 153, 833, 292, 291, 77, 1, 1, 0, 0, 113.636, '2019-10-08 18:46:11'),
	(1815, 153, 857.142, 291, 292, 77, 1, 0, 0, 0, 95.238, '2019-10-08 18:46:12'),
	(1816, 153, 946.636, 292, 291, 77, 1, 0, 1, 0, 113.636, '2019-10-08 18:46:12'),
	(1817, 153, 952.38, 291, 292, 77, 1, 0, 0, 0, 95.238, '2019-10-08 18:46:14'),
	(1818, 153, 1047.62, 291, 292, 77, 0, 0, 0, 0, 95.238, '2019-10-08 18:46:15'),
	(1819, 153, 1060.27, 292, 291, 77, 1, 1, 0, 0, 113.636, '2019-10-08 18:46:15'),
	(1820, 153, 1142.86, 291, 292, 77, 1, 0, 0, 0, 95.238, '2019-10-08 18:46:17'),
	(1821, 154, 95.238, 293, 294, 80, 1, 0, 0, 0, 95.238, '2019-10-08 18:46:48'),
	(1822, 154, 100, 294, 293, 77, 1, 1, 1, 0, 100, '2019-10-08 18:46:48'),
	(1823, 154, 190.476, 293, 294, 80, 1, 1, 0, 0, 95.238, '2019-10-08 18:46:49'),
	(1824, 154, 200, 294, 293, 29, 1, 0, 0, 3, 100, '2019-10-08 18:46:49'),
	(1825, 154, 285.714, 293, 294, 80, 1, 0, 0, 0, 95.238, '2019-10-08 18:46:50'),
	(1826, 154, 300, 294, 293, 77, 1, 0, 0, 0, 100, '2019-10-08 18:46:50'),
	(1827, 154, 380.952, 293, 293, 75, 1, 0, 0, 6, 95.238, '2019-10-08 18:46:52'),
	(1828, 154, 400, 294, 293, 79, 1, 0, 0, 0, 100, '2019-10-08 18:46:52'),
	(1829, 154, 476.19, 293, 293, 75, 1, 0, 0, 6, 95.238, '2019-10-08 18:47:06'),
	(1830, 154, 500, 294, 293, 77, 1, 0, 0, 0, 100, '2019-10-08 18:47:06'),
	(1831, 154, 571.428, 293, 294, 80, 1, 1, 0, 0, 95.238, '2019-10-08 18:47:11'),
	(1832, 154, 600, 294, 293, 77, 1, 0, 0, 0, 100, '2019-10-08 18:47:11'),
	(1833, 154, 666.666, 293, 294, 80, 1, 0, 0, 0, 95.238, '2019-10-08 18:47:12'),
	(1834, 154, 700, 294, 293, 77, 1, 0, 1, 0, 100, '2019-10-08 18:47:12'),
	(1835, 154, 761.904, 293, 294, 77, 1, 0, 0, 0, 95.238, '2019-10-08 18:47:19'),
	(1836, 154, 800, 294, 293, 79, 1, 0, 1, 0, 100, '2019-10-08 18:47:19'),
	(1837, 154, 857.142, 293, 294, 77, 1, 0, 0, 0, 95.238, '2019-10-08 18:47:21'),
	(1838, 154, 900, 294, 293, 77, 1, 0, 0, 0, 100, '2019-10-08 18:47:21'),
	(1839, 154, 952.38, 293, 293, 63, 1, 0, 0, 5, 95.238, '2019-10-08 18:47:22'),
	(1840, 154, 1000, 294, 293, 77, 1, 1, 0, 0, 100, '2019-10-08 18:47:22'),
	(1841, 154, 1047.62, 293, 293, 63, 1, 0, 0, 5, 95.238, '2019-10-08 18:47:23'),
	(1842, 154, 1100, 294, 293, 79, 1, 0, 0, 0, 100, '2019-10-08 18:47:23'),
	(1843, 154, 1142.86, 293, 294, 77, 1, 1, 0, 0, 95.238, '2019-10-08 18:47:28'),
	(1844, 154, 1200, 294, 293, 79, 1, 0, 0, 0, 100, '2019-10-08 18:47:28'),
	(1845, 154, 1238.1, 293, 293, 63, 1, 0, 0, 5, 95.238, '2019-10-08 18:47:30'),
	(1846, 154, 1300, 294, 293, 77, 1, 0, 0, 0, 100, '2019-10-08 18:47:30'),
	(1847, 154, 1333.34, 293, 294, 80, 1, 0, 0, 0, 95.238, '2019-10-08 18:47:33'),
	(1848, 154, 1400, 294, 293, 79, 1, 0, 0, 0, 100, '2019-10-08 18:47:33'),
	(1849, 154, 1428.58, 293, 294, 77, 1, 1, 0, 0, 95.238, '2019-10-08 18:47:35'),
	(1850, 154, 1500, 294, 293, 77, 1, 0, 0, 0, 100, '2019-10-08 18:47:35'),
	(1851, 154, 1523.82, 293, 294, 77, 1, 0, 0, 0, 95.238, '2019-10-08 18:47:37'),
	(1852, 155, 95.238, 295, 296, 58, 1, 1, 0, 7, 95.238, '2019-10-08 18:48:08'),
	(1853, 155, 100, 296, 295, 77, 1, 1, 0, 0, 100, '2019-10-08 18:48:08'),
	(1854, 155, 190.476, 295, 296, 58, 1, 0, 0, 7, 95.238, '2019-10-08 18:48:11'),
	(1855, 155, 200, 296, 295, 79, 1, 0, 1, 0, 101.01, '2019-10-08 18:48:11'),
	(1856, 155, 285.714, 295, 296, 58, 1, 0, 0, 7, 95.238, '2019-10-08 18:48:18'),
	(1857, 155, 301.01, 296, 295, 29, 1, 0, 0, 3, 102.04, '2019-10-08 18:48:18'),
	(1858, 155, 380.952, 295, 296, 58, 1, 0, 0, 7, 95.238, '2019-10-08 18:48:19'),
	(1859, 155, 403.05, 296, 295, 79, 1, 0, 1, 0, 103.092, '2019-10-08 18:48:19'),
	(1860, 155, 476.19, 295, 296, 77, 1, 0, 0, 0, 95.238, '2019-10-08 18:48:23'),
	(1861, 156, 95.238, 297, 298, 69, 1, 0, 0, 6, 95.238, '2019-10-08 19:05:32'),
	(1862, 156, 95.238, 297, 298, 69, 1, 1, 0, 6, 95.238, '2019-10-08 19:05:51'),
	(1863, 156, 100, 298, 297, 79, 0, 0, 1, 0, 103.092, '2019-10-08 19:05:51'),
	(1864, 156, 190.476, 297, 298, 77, 1, 1, 1, 0, 95.238, '2019-10-08 19:06:15'),
	(1865, 156, 203.092, 298, 297, 79, 1, 0, 1, 0, 106.382, '2019-10-08 19:06:15'),
	(1866, 156, 285.714, 297, 298, 69, 1, 0, 0, 6, 95.238, '2019-10-08 19:06:38'),
	(1867, 156, 309.474, 298, 297, 79, 1, 0, 0, 0, 113.636, '2019-10-08 19:06:38'),
	(1868, 156, 380.952, 297, 298, 69, 1, 0, 1, 6, 95.238, '2019-10-08 19:06:43'),
	(1869, 156, 423.11, 298, 297, 77, 1, 0, 0, 0, 126.582, '2019-10-08 19:06:43'),
	(1870, 156, 476.19, 297, 298, 69, 1, 0, 0, 6, 95.238, '2019-10-08 19:07:00'),
	(1871, 156, 549.692, 298, 297, 77, 1, 1, 1, 0, 142.857, '2019-10-08 19:07:00'),
	(1872, 156, 571.428, 297, 298, 69, 1, 0, 0, 6, 95.238, '2019-10-08 19:07:07'),
	(1873, 156, 666.666, 297, 298, 77, 1, 0, 0, 0, 95.238, '2019-10-08 19:07:12'),
	(1874, 156, 692.549, 298, 297, 79, 1, 0, 0, 0, 172.413, '2019-10-08 19:07:12'),
	(1875, 156, 761.904, 297, 298, 77, 1, 0, 0, 0, 95.238, '2019-10-08 19:07:14'),
	(1876, 156, 857.142, 297, 298, 77, 1, 0, 0, 0, 95.238, '2019-10-08 19:07:18'),
	(1877, 156, 864.962, 298, 297, 29, 1, 0, 0, 3, 204.081, '2019-10-08 19:07:18'),
	(1878, 156, 952.38, 297, 298, 77, 1, 0, 0, 0, 95.238, '2019-10-08 19:07:20'),
	(1879, 156, 1047.62, 297, 298, 77, 1, 0, 0, 0, 95.238, '2019-10-08 19:07:23'),
	(1880, 156, 1069.04, 298, 297, 79, 1, 0, 0, 0, 232.558, '2019-10-08 19:07:24'),
	(1881, 156, 1142.86, 297, 298, 77, 1, 0, 0, 0, 95.238, '2019-10-08 19:07:29'),
	(1882, 156, 1238.1, 297, 298, 77, 1, 0, 0, 0, 95.238, '2019-10-08 19:07:31'),
	(1883, 157, 95.238, 299, 300, 34, 1, 0, 1, 7, 95.238, '2019-10-08 19:09:02'),
	(1884, 157, 100, 300, 299, 77, 1, 0, 0, 0, 100, '2019-10-08 19:09:02'),
	(1885, 157, 190.476, 299, 300, 34, 1, 0, 0, 7, 95.238, '2019-10-08 19:09:10'),
	(1886, 157, 200, 300, 299, 29, 1, 0, 0, 3, 100, '2019-10-08 19:09:10'),
	(1887, 157, 285.714, 299, 300, 34, 1, 0, 0, 7, 95.238, '2019-10-08 19:09:15'),
	(1888, 157, 300, 300, 299, 79, 1, 0, 1, 0, 100, '2019-10-08 19:09:15'),
	(1889, 157, 380.952, 299, 300, 34, 1, 0, 0, 7, 95.238, '2019-10-08 19:09:25'),
	(1890, 157, 400, 300, 299, 77, 1, 1, 0, 0, 100, '2019-10-08 19:09:26'),
	(1891, 157, 476.19, 299, 300, 80, 1, 1, 0, 0, 95.238, '2019-10-08 19:09:33'),
	(1892, 157, 500, 300, 299, 77, 0, 0, 0, 0, 100, '2019-10-08 19:09:33'),
	(1893, 157, 571.428, 299, 300, 80, 1, 0, 0, 0, 95.238, '2019-10-08 19:09:36'),
	(1894, 157, 600, 300, 299, 77, 1, 0, 1, 0, 100, '2019-10-08 19:09:36'),
	(1895, 157, 666.666, 299, 300, 80, 1, 0, 0, 0, 95.238, '2019-10-08 19:09:41'),
	(1896, 157, 700, 300, 299, 77, 1, 0, 1, 0, 100, '2019-10-08 19:09:41'),
	(1897, 157, 761.904, 299, 300, 77, 1, 0, 0, 0, 95.238, '2019-10-08 19:09:43'),
	(1898, 158, 95.238, 301, 302, 34, 1, 0, 0, 7, 95.238, '2019-10-09 19:15:07'),
	(1899, 158, 100, 302, 301, 79, 1, 0, 0, 0, 100, '2019-10-09 19:15:07'),
	(1900, 158, 190.476, 301, 302, 34, 1, 0, 0, 7, 95.238, '2019-10-09 19:15:16'),
	(1901, 158, 200, 302, 301, 79, 1, 0, 0, 0, 100, '2019-10-09 19:15:16'),
	(1902, 158, 285.714, 301, 302, 34, 1, 0, 0, 7, 95.238, '2019-10-09 19:17:52'),
	(1903, 158, 300, 302, 301, 77, 1, 0, 0, 0, 100, '2019-10-09 19:17:52'),
	(1904, 158, 380.952, 301, 302, 34, 1, 0, 0, 7, 95.238, '2019-10-09 19:18:52'),
	(1905, 158, 400, 302, 301, 29, 1, 0, 0, 3, 100, '2019-10-09 19:18:52'),
	(1906, 158, 476.19, 301, 302, 80, 1, 0, 0, 0, 95.238, '2019-10-09 19:19:59'),
	(1907, 158, 500, 302, 301, 77, 1, 1, 1, 0, 100, '2019-10-09 19:19:59'),
	(1908, 158, 571.428, 301, 302, 80, 0, 0, 0, 0, 95.238, '2019-10-09 19:20:02'),
	(1909, 158, 600, 302, 301, 77, 1, 0, 0, 0, 100, '2019-10-09 19:20:02'),
	(1910, 158, 666.666, 301, 302, 77, 1, 1, 0, 0, 95.238, '2019-10-09 19:20:03'),
	(1911, 158, 700, 302, 301, 77, 1, 0, 1, 0, 100, '2019-10-09 19:20:03'),
	(1912, 158, 761.904, 301, 302, 77, 1, 0, 0, 0, 95.238, '2019-10-09 19:20:09'),
	(1913, 159, 95.238, 303, 304, 34, 1, 0, 0, 7, 95.238, '2019-10-09 19:20:31'),
	(1914, 159, 100, 304, 303, 79, 0, 0, 0, 0, 100, '2019-10-09 19:20:31'),
	(1915, 159, 190.476, 303, 304, 9, 1, 0, 0, 6, 95.238, '2019-10-09 19:25:15'),
	(1916, 159, 200, 304, 303, 77, 1, 0, 1, 0, 100, '2019-10-09 19:25:15'),
	(1917, 159, 285.714, 303, 304, 9, 1, 0, 0, 6, 95.238, '2019-10-09 19:25:51'),
	(1918, 159, 300, 304, 303, 29, 1, 0, 0, 3, 100, '2019-10-09 19:25:51'),
	(1919, 159, 380.952, 303, 304, 9, 1, 0, 0, 6, 95.238, '2019-10-09 19:29:15'),
	(1920, 159, 400, 304, 303, 77, 1, 0, 1, 0, 100, '2019-10-09 19:29:15'),
	(1921, 159, 476.19, 303, 304, 13, 1, 0, 0, 5, 95.238, '2019-10-09 19:29:34'),
	(1922, 159, 500, 304, 303, 77, 1, 0, 1, 0, 100, '2019-10-09 19:29:34'),
	(1923, 159, 571.428, 303, 304, 77, 1, 0, 0, 0, 95.238, '2019-10-09 19:30:23'),
	(1924, 160, 95.238, 305, 306, 22, 1, 0, 0, 7, 95.238, '2019-10-09 19:40:58'),
	(1925, 160, 100, 306, 305, 77, 1, 0, 1, 0, 100, '2019-10-09 19:40:58'),
	(1926, 160, 190.476, 305, 306, 22, 1, 0, 0, 7, 95.238, '2019-10-09 19:42:55'),
	(1927, 160, 200, 306, 305, 77, 1, 0, 1, 0, 100, '2019-10-09 19:42:55'),
	(1928, 160, 285.714, 305, 305, 75, 1, 0, 0, 6, 95.238, '2019-10-09 19:47:18'),
	(1929, 160, 300, 306, 305, 77, 1, 0, 0, 0, 100, '2019-10-09 19:47:18'),
	(1930, 160, 380.952, 305, 306, 9, 1, 0, 0, 6, 95.238, '2019-10-09 19:47:40'),
	(1931, 160, 400, 306, 305, 77, 1, 0, 1, 0, 100, '2019-10-09 19:47:40'),
	(1932, 160, 476.19, 305, 306, 77, 1, 0, 0, 0, 95.238, '2019-10-09 19:47:55'),
	(1933, 161, 95.238, 307, 308, 8, 1, 0, 0, 5, 95.238, '2019-10-09 19:49:15'),
	(1934, 161, 100, 308, 307, 77, 1, 0, 0, 0, 100, '2019-10-09 19:49:15'),
	(1935, 161, 190.476, 307, 308, 17, 1, 0, 0, 3, 95.238, '2019-10-09 19:49:43'),
	(1936, 161, 200, 308, 307, 29, 1, 0, 0, 3, 101.01, '2019-10-09 19:49:43'),
	(1937, 161, 285.714, 307, 308, 11, 1, 0, 0, 3, 95.238, '2019-10-09 19:51:41'),
	(1938, 161, 301.01, 308, 307, 79, 1, 0, 1, 0, 101.01, '2019-10-09 19:51:41'),
	(1939, 161, 380.952, 307, 308, 19, 0, 0, 0, 5, 95.238, '2019-10-09 19:51:53'),
	(1940, 161, 402.02, 308, 307, 77, 1, 0, 1, 0, 100, '2019-10-09 19:51:53'),
	(1941, 161, 476.19, 307, 308, 19, 1, 0, 0, 5, 95.238, '2019-10-09 19:51:59'),
	(1942, 161, 502.02, 308, 307, 77, 1, 0, 0, 0, 100, '2019-10-09 19:51:59'),
	(1943, 161, 571.428, 307, 308, 19, 1, 0, 0, 5, 95.238, '2019-10-09 19:52:35'),
	(1944, 161, 602.02, 308, 307, 77, 1, 0, 0, 0, 100, '2019-10-09 19:52:35'),
	(1945, 161, 666.666, 307, 308, 17, 1, 0, 0, 3, 95.238, '2019-10-09 19:52:40'),
	(1946, 161, 702.02, 308, 307, 79, 1, 0, 1, 0, 101.01, '2019-10-09 19:52:40'),
	(1947, 161, 761.904, 307, 308, 80, 1, 0, 0, 0, 95.238, '2019-10-09 19:52:43'),
	(1948, 161, 803.03, 308, 307, 77, 1, 0, 0, 0, 101.01, '2019-10-09 19:52:43'),
	(1949, 161, 857.142, 307, 308, 77, 1, 1, 0, 0, 95.238, '2019-10-09 19:52:46'),
	(1950, 161, 904.04, 308, 307, 77, 1, 0, 0, 0, 100, '2019-10-09 19:52:46'),
	(1951, 162, 95.238, 309, 310, 16, 1, 0, 0, 7, 95.238, '2019-10-09 19:53:39'),
	(1952, 162, 100, 310, 309, 79, 1, 0, 0, 0, 100, '2019-10-09 19:53:39'),
	(1953, 162, 190.476, 309, 310, 14, 1, 0, 0, 5, 95.238, '2019-10-09 19:53:52'),
	(1954, 162, 200, 310, 309, 29, 1, 0, 0, 3, 100, '2019-10-09 19:53:52'),
	(1955, 162, 285.714, 309, 310, 12, 1, 1, 0, 4, 95.238, '2019-10-09 19:54:39'),
	(1956, 162, 300, 310, 309, 77, 1, 0, 0, 0, 100, '2019-10-09 19:54:39'),
	(1957, 162, 380.952, 309, 310, 12, 1, 0, 0, 4, 95.238, '2019-10-09 19:54:52'),
	(1958, 162, 400, 310, 309, 77, 1, 1, 0, 0, 100, '2019-10-09 19:54:52'),
	(1959, 162, 476.19, 309, 310, 10, 1, 0, 0, 7, 95.238, '2019-10-09 19:55:10'),
	(1960, 162, 500, 310, 309, 77, 1, 0, 0, 0, 100, '2019-10-09 19:55:10'),
	(1961, 162, 571.428, 309, 310, 80, 1, 1, 0, 0, 95.238, '2019-10-09 19:55:39'),
	(1962, 162, 600, 310, 309, 77, 1, 0, 1, 0, 100, '2019-10-09 19:55:39'),
	(1963, 162, 666.666, 309, 310, 80, 1, 0, 0, 0, 95.238, '2019-10-09 19:55:43'),
	(1964, 162, 700, 310, 309, 79, 1, 0, 0, 0, 100, '2019-10-09 19:55:43'),
	(1965, 162, 761.904, 309, 310, 77, 1, 0, 0, 0, 95.238, '2019-10-09 19:55:45'),
	(1966, 163, 95.238, 311, 312, 46, 1, 0, 0, 7, 95.238, '2019-10-09 19:56:36'),
	(1967, 163, 100, 312, 311, 77, 1, 0, 1, 0, 102.04, '2019-10-09 19:56:36'),
	(1968, 163, 190.476, 311, 312, 52, 1, 0, 0, 7, 95.238, '2019-10-09 19:57:19'),
	(1969, 163, 202.04, 312, 311, 77, 1, 1, 1, 0, 100, '2019-10-09 19:57:19'),
	(1970, 163, 285.714, 311, 312, 15, 0, 1, 0, 6, 95.238, '2019-10-09 19:57:46'),
	(1971, 163, 302.04, 312, 311, 77, 1, 0, 0, 0, 100, '2019-10-09 19:57:46'),
	(1972, 163, 380.952, 311, 312, 6, 1, 0, 0, 4, 95.238, '2019-10-09 19:57:59'),
	(1973, 163, 402.04, 312, 311, 79, 1, 0, 0, 0, 100, '2019-10-09 19:57:59'),
	(1974, 163, 476.19, 311, 312, 15, 1, 0, 0, 6, 95.238, '2019-10-09 19:58:08'),
	(1975, 163, 502.04, 312, 311, 79, 1, 0, 0, 0, 100, '2019-10-09 19:58:08'),
	(1976, 163, 571.428, 311, 312, 80, 1, 0, 0, 0, 95.238, '2019-10-09 19:58:11'),
	(1977, 163, 602.04, 312, 311, 79, 1, 0, 0, 0, 100, '2019-10-09 19:58:11'),
	(1978, 163, 666.666, 311, 312, 77, 0, 0, 0, 0, 95.238, '2019-10-09 19:58:13'),
	(1979, 163, 702.04, 312, 311, 77, 0, 0, 0, 0, 100, '2019-10-09 19:58:13'),
	(1980, 163, 761.904, 311, 312, 77, 0, 0, 0, 0, 95.238, '2019-10-09 19:58:15'),
	(1981, 163, 802.04, 312, 311, 79, 1, 0, 0, 0, 100, '2019-10-09 19:58:15'),
	(1982, 163, 857.142, 311, 312, 77, 1, 0, 0, 0, 95.238, '2019-10-09 19:58:17'),
	(1983, 163, 902.04, 312, 311, 77, 1, 0, 0, 0, 100, '2019-10-09 19:58:17'),
	(1984, 163, 952.38, 311, 312, 77, 1, 1, 0, 0, 95.238, '2019-10-09 19:58:25'),
	(1985, 163, 1002.04, 312, 311, 77, 1, 0, 0, 0, 100, '2019-10-09 19:58:25'),
	(1986, 163, 1047.62, 311, 312, 77, 1, 0, 0, 0, 95.238, '2019-10-09 19:58:32'),
	(1987, 164, 95.238, 313, 314, 77, 1, 0, 0, 0, 95.238, '2019-10-13 18:59:30'),
	(1988, 164, 100, 314, 313, 77, 1, 0, 0, 0, 100, '2019-10-13 18:59:30'),
	(1989, 164, 190.476, 313, 314, 80, 0, 1, 0, 0, 95.238, '2019-10-13 18:59:43'),
	(1990, 164, 200, 314, 313, 79, 1, 0, 0, 0, 100, '2019-10-13 18:59:43'),
	(1991, 164, 285.714, 313, 314, 15, 1, 0, 0, 6, 95.238, '2019-10-13 18:59:57'),
	(1992, 164, 300, 314, 313, 79, 1, 0, 1, 0, 100, '2019-10-13 18:59:58'),
	(1993, 164, 380.952, 313, 314, 80, 1, 0, 1, 0, 95.238, '2019-10-13 19:00:04'),
	(1994, 164, 400, 314, 313, 29, 1, 0, 0, 3, 100, '2019-10-13 19:00:04'),
	(1995, 164, 476.19, 313, 314, 77, 1, 0, 1, 0, 95.238, '2019-10-13 19:00:05'),
	(1996, 165, 95.238, 315, 316, 62, 1, 0, 0, 6, 95.238, '2019-10-13 19:51:11'),
	(1997, 165, 100, 316, 315, 79, 1, 0, 1, 0, 102.04, '2019-10-13 19:51:11'),
	(1998, 165, 190.476, 315, 316, 62, 1, 0, 0, 6, 95.238, '2019-10-13 19:54:12'),
	(1999, 165, 202.04, 316, 315, 29, 1, 0, 0, 3, 106.382, '2019-10-13 19:54:12'),
	(2000, 165, 285.714, 315, 316, 34, 1, 0, 0, 7, 95.238, '2019-10-13 19:55:35'),
	(2001, 165, 308.422, 316, 315, 79, 1, 0, 0, 0, 108.695, '2019-10-13 19:55:35'),
	(2002, 165, 380.952, 315, 316, 77, 1, 1, 0, 0, 95.238, '2019-10-13 19:57:13'),
	(2003, 165, 417.117, 316, 315, 77, 1, 1, 0, 0, 108.695, '2019-10-13 19:57:13'),
	(2004, 165, 476.19, 315, 316, 77, 1, 0, 0, 0, 95.238, '2019-10-13 19:57:51'),
	(2005, 165, 525.812, 316, 315, 77, 1, 1, 1, 0, 108.695, '2019-10-13 19:57:51'),
	(2006, 165, 571.428, 315, 316, 34, 1, 0, 0, 7, 95.238, '2019-10-13 19:58:03'),
	(2007, 165, 634.507, 316, 315, 79, 1, 0, 0, 0, 108.695, '2019-10-13 19:58:03'),
	(2008, 165, 666.666, 315, 316, 28, 1, 0, 0, 7, 95.238, '2019-10-13 19:58:20'),
	(2009, 165, 743.202, 316, 315, 79, 1, 0, 0, 0, 108.695, '2019-10-13 19:58:20'),
	(2010, 165, 761.904, 315, 316, 34, 1, 0, 0, 7, 95.238, '2019-10-13 19:58:33'),
	(2011, 165, 851.897, 316, 315, 79, 1, 1, 1, 0, 108.695, '2019-10-13 19:58:33'),
	(2012, 165, 857.142, 315, 316, 34, 1, 0, 0, 7, 95.238, '2019-10-13 19:58:35'),
	(2013, 165, 952.38, 315, 316, 80, 1, 0, 0, 0, 95.238, '2019-10-13 19:58:39'),
	(2014, 165, 960.592, 316, 315, 77, 1, 0, 0, 0, 108.695, '2019-10-13 19:58:39'),
	(2015, 165, 1047.62, 315, 316, 80, 1, 1, 0, 0, 95.238, '2019-10-13 19:58:45'),
	(2016, 166, 95.238, 317, 318, 28, 1, 0, 0, 7, 95.238, '2019-10-13 20:05:25'),
	(2017, 166, 100, 318, 317, 77, 0, 0, 0, 0, 100, '2019-10-13 20:05:25'),
	(2018, 166, 190.476, 317, 318, 34, 1, 0, 0, 7, 95.238, '2019-10-13 20:05:28'),
	(2019, 166, 200, 318, 317, 79, 1, 0, 0, 0, 100, '2019-10-13 20:05:28'),
	(2020, 166, 285.714, 317, 318, 80, 1, 1, 0, 0, 95.238, '2019-10-13 20:05:40'),
	(2021, 166, 300, 318, 317, 79, 1, 0, 0, 0, 100, '2019-10-13 20:05:40'),
	(2022, 166, 380.952, 317, 318, 80, 1, 0, 0, 0, 95.238, '2019-10-13 20:05:52'),
	(2023, 166, 400, 318, 317, 79, 1, 0, 0, 0, 100, '2019-10-13 20:05:52'),
	(2024, 166, 476.19, 317, 318, 80, 1, 0, 0, 0, 95.238, '2019-10-13 20:05:59'),
	(2025, 166, 500, 318, 317, 77, 1, 0, 0, 0, 100, '2019-10-13 20:05:59'),
	(2026, 166, 571.428, 317, 318, 77, 1, 0, 0, 0, 95.238, '2019-10-13 20:06:13'),
	(2027, 167, 95.238, 319, 320, 34, 1, 0, 0, 7, 95.238, '2019-10-14 18:41:29'),
	(2028, 167, 100, 320, 319, 79, 0, 0, 1, 0, 100, '2019-10-14 18:41:29'),
	(2029, 167, 190.476, 319, 320, 34, 1, 1, 0, 7, 95.238, '2019-10-14 18:44:31'),
	(2030, 167, 200, 320, 319, 79, 1, 0, 0, 0, 100, '2019-10-14 18:44:31'),
	(2031, 167, 285.714, 319, 320, 34, 1, 1, 0, 7, 95.238, '2019-10-14 18:44:41'),
	(2032, 167, 300, 320, 319, 77, 1, 0, 0, 0, 100, '2019-10-14 18:44:41'),
	(2033, 167, 380.952, 319, 320, 34, 1, 0, 0, 7, 95.238, '2019-10-14 18:44:48'),
	(2034, 167, 400, 320, 319, 77, 1, 0, 1, 0, 100, '2019-10-14 18:44:48'),
	(2035, 167, 476.19, 319, 320, 80, 1, 0, 0, 0, 95.238, '2019-10-14 18:45:04'),
	(2036, 167, 500, 320, 319, 29, 1, 0, 0, 3, 100, '2019-10-14 18:45:04'),
	(2037, 167, 571.428, 319, 320, 80, 1, 0, 0, 0, 95.238, '2019-10-14 18:45:16'),
	(2038, 167, 600, 320, 319, 77, 1, 0, 0, 0, 100, '2019-10-14 18:45:16'),
	(2039, 167, 666.666, 319, 320, 80, 1, 0, 0, 0, 95.238, '2019-10-14 18:45:19'),
	(2040, 167, 700, 320, 319, 77, 1, 0, 1, 0, 100, '2019-10-14 18:45:19'),
	(2041, 167, 761.904, 319, 320, 80, 1, 0, 0, 0, 95.238, '2019-10-14 18:45:20'),
	(2042, 168, 95.238, 321, 322, 34, 1, 0, 0, 7, 95.238, '2019-10-14 18:47:05'),
	(2043, 168, 100, 322, 321, 77, 1, 0, 0, 0, 100, '2019-10-14 18:47:05'),
	(2044, 168, 190.476, 321, 322, 34, 1, 0, 0, 7, 95.238, '2019-10-14 18:47:11'),
	(2045, 168, 200, 322, 321, 77, 1, 0, 1, 0, 100, '2019-10-14 18:47:11'),
	(2046, 168, 285.714, 321, 322, 34, 1, 0, 0, 7, 95.238, '2019-10-14 18:47:31'),
	(2047, 168, 300, 322, 321, 77, 1, 0, 0, 0, 100, '2019-10-14 18:47:31'),
	(2048, 168, 380.952, 321, 322, 34, 1, 0, 0, 7, 95.238, '2019-10-14 18:47:35'),
	(2049, 168, 400, 322, 321, 77, 1, 0, 1, 0, 100, '2019-10-14 18:47:35'),
	(2050, 168, 476.19, 321, 322, 80, 1, 1, 1, 0, 95.238, '2019-10-14 18:47:40'),
	(2051, 168, 500, 322, 321, 79, 1, 0, 0, 0, 100, '2019-10-14 18:47:40'),
	(2052, 168, 571.428, 321, 322, 77, 1, 0, 1, 0, 95.238, '2019-10-14 18:47:41'),
	(2053, 168, 600, 322, 321, 77, 1, 0, 0, 0, 100, '2019-10-14 18:47:41'),
	(2054, 168, 666.666, 321, 322, 77, 1, 0, 1, 0, 95.238, '2019-10-14 18:47:43'),
	(2055, 168, 700, 322, 321, 29, 1, 0, 0, 3, 100, '2019-10-14 18:47:43'),
	(2056, 168, 761.904, 321, 322, 77, 1, 1, 1, 0, 95.238, '2019-10-14 18:47:45'),
	(2057, 168, 800, 322, 321, 77, 1, 0, 1, 0, 100, '2019-10-14 18:47:45'),
	(2058, 168, 857.142, 321, 322, 80, 1, 0, 1, 0, 95.238, '2019-10-14 18:48:09'),
	(2059, 168, 900, 322, 321, 79, 1, 0, 0, 0, 100, '2019-10-14 18:48:09'),
	(2060, 168, 952.38, 321, 322, 77, 1, 0, 1, 0, 95.238, '2019-10-14 18:48:11'),
	(2061, 168, 1000, 322, 321, 77, 0, 0, 1, 0, 100, '2019-10-14 18:48:11'),
	(2062, 168, 1047.62, 321, 322, 80, 1, 1, 1, 0, 95.238, '2019-10-14 18:48:12'),
	(2063, 168, 1100, 322, 321, 79, 1, 0, 0, 0, 100, '2019-10-14 18:48:12'),
	(2064, 168, 1142.86, 321, 322, 77, 1, 1, 1, 0, 95.238, '2019-10-14 18:48:14'),
	(2065, 168, 1200, 322, 321, 79, 1, 0, 0, 0, 100, '2019-10-14 18:48:14'),
	(2066, 169, 95.238, 323, 324, 34, 1, 0, 0, 7, 95.238, '2019-10-14 18:49:23'),
	(2067, 169, 100, 324, 323, 79, 1, 0, 1, 0, 100, '2019-10-14 18:49:23'),
	(2068, 169, 190.476, 323, 324, 34, 1, 1, 0, 7, 95.238, '2019-10-14 18:51:10'),
	(2069, 169, 200, 324, 323, 77, 1, 0, 0, 0, 100, '2019-10-14 18:51:10'),
	(2070, 169, 285.714, 323, 324, 34, 1, 0, 0, 7, 95.238, '2019-10-14 18:51:15'),
	(2071, 169, 300, 324, 323, 29, 1, 0, 0, 3, 100, '2019-10-14 18:51:15'),
	(2072, 169, 380.952, 323, 324, 34, 1, 0, 0, 7, 95.238, '2019-10-14 18:51:17'),
	(2073, 169, 400, 324, 323, 79, 1, 0, 0, 0, 100, '2019-10-14 18:51:17'),
	(2074, 169, 476.19, 323, 324, 80, 1, 0, 0, 0, 95.238, '2019-10-14 18:51:19'),
	(2075, 169, 500, 324, 323, 77, 1, 0, 1, 0, 100, '2019-10-14 18:51:19'),
	(2076, 169, 571.428, 323, 324, 80, 1, 1, 0, 0, 95.238, '2019-10-14 18:51:20'),
	(2077, 169, 600, 324, 323, 79, 1, 0, 1, 0, 100, '2019-10-14 18:51:20'),
	(2078, 169, 666.666, 323, 324, 80, 1, 0, 0, 0, 95.238, '2019-10-14 18:51:22'),
	(2079, 169, 700, 324, 323, 79, 1, 1, 1, 0, 100, '2019-10-14 18:51:22'),
	(2080, 169, 761.904, 323, 324, 80, 1, 0, 0, 0, 95.238, '2019-10-14 18:51:23'),
	(2081, 169, 800, 324, 323, 79, 1, 0, 1, 0, 100, '2019-10-14 18:51:23'),
	(2082, 169, 857.142, 323, 324, 80, 1, 1, 0, 0, 95.238, '2019-10-14 18:51:26'),
	(2083, 170, 95.238, 325, 326, 34, 1, 0, 0, 7, 95.238, '2019-10-14 18:51:48'),
	(2084, 170, 100, 326, 325, 77, 1, 0, 0, 0, 100, '2019-10-14 18:51:48'),
	(2085, 170, 190.476, 325, 326, 34, 1, 0, 0, 7, 95.238, '2019-10-14 18:52:00'),
	(2086, 170, 200, 326, 325, 79, 1, 0, 0, 0, 100, '2019-10-14 18:52:00'),
	(2087, 170, 285.714, 325, 326, 34, 1, 0, 0, 7, 95.238, '2019-10-14 18:52:12'),
	(2088, 170, 300, 326, 325, 77, 1, 0, 0, 0, 100, '2019-10-14 18:52:12'),
	(2089, 170, 380.952, 325, 326, 34, 1, 0, 0, 7, 95.238, '2019-10-14 18:52:15'),
	(2090, 170, 400, 326, 325, 29, 1, 0, 0, 3, 100, '2019-10-14 18:52:15'),
	(2091, 170, 476.19, 325, 326, 80, 1, 0, 0, 0, 95.238, '2019-10-14 18:52:18'),
	(2092, 170, 500, 326, 325, 79, 1, 0, 0, 0, 100, '2019-10-14 18:52:18'),
	(2093, 170, 571.428, 325, 326, 80, 1, 0, 0, 0, 95.238, '2019-10-14 18:52:19'),
	(2094, 170, 600, 326, 325, 77, 1, 0, 0, 0, 100, '2019-10-14 18:52:19'),
	(2095, 170, 666.666, 325, 326, 80, 1, 0, 0, 0, 95.238, '2019-10-14 18:52:21'),
	(2096, 171, 95.238, 327, 328, 34, 1, 0, 0, 7, 95.238, '2019-10-14 18:52:45'),
	(2097, 171, 100, 328, 327, 79, 1, 0, 0, 0, 100, '2019-10-14 18:52:45'),
	(2098, 171, 190.476, 327, 328, 34, 1, 0, 0, 7, 95.238, '2019-10-14 18:52:48'),
	(2099, 171, 200, 328, 327, 77, 1, 0, 0, 0, 100, '2019-10-14 18:52:48'),
	(2100, 171, 285.714, 327, 328, 34, 0, 0, 0, 7, 95.238, '2019-10-14 18:52:54'),
	(2101, 171, 300, 328, 327, 79, 1, 0, 0, 0, 100, '2019-10-14 18:52:54'),
	(2102, 171, 380.952, 327, 328, 34, 1, 0, 0, 7, 95.238, '2019-10-14 18:53:01'),
	(2103, 171, 400, 328, 327, 79, 1, 1, 0, 0, 100, '2019-10-14 18:53:01'),
	(2104, 171, 476.19, 327, 328, 80, 1, 0, 0, 0, 95.238, '2019-10-14 18:53:08'),
	(2105, 171, 500, 328, 327, 77, 1, 0, 0, 0, 100, '2019-10-14 18:53:08'),
	(2106, 171, 571.428, 327, 328, 80, 1, 0, 0, 0, 95.238, '2019-10-14 18:53:10'),
	(2107, 171, 600, 328, 327, 77, 1, 0, 1, 0, 100, '2019-10-14 18:53:10'),
	(2108, 171, 666.666, 327, 328, 77, 1, 0, 0, 0, 95.238, '2019-10-14 18:53:12'),
	(2109, 172, 95.238, 329, 330, 34, 1, 0, 0, 7, 95.238, '2019-10-14 18:53:34'),
	(2110, 172, 100, 330, 329, 77, 1, 0, 0, 0, 100, '2019-10-14 18:53:34'),
	(2111, 172, 190.476, 329, 330, 34, 1, 0, 0, 7, 95.238, '2019-10-14 18:53:36'),
	(2112, 172, 200, 330, 329, 79, 1, 1, 1, 0, 100, '2019-10-14 18:53:36'),
	(2113, 172, 285.714, 329, 330, 34, 1, 0, 0, 7, 95.238, '2019-10-14 18:53:41'),
	(2114, 172, 300, 330, 329, 77, 1, 0, 0, 0, 100, '2019-10-14 18:53:41'),
	(2115, 172, 380.952, 329, 330, 34, 1, 0, 0, 7, 95.238, '2019-10-14 18:53:43'),
	(2116, 172, 400, 330, 329, 29, 1, 0, 0, 3, 100, '2019-10-14 18:53:43'),
	(2117, 172, 476.19, 329, 330, 80, 0, 0, 0, 0, 95.238, '2019-10-14 18:53:46'),
	(2118, 172, 500, 330, 329, 79, 1, 0, 1, 0, 100, '2019-10-14 18:53:46'),
	(2119, 172, 571.428, 329, 330, 80, 1, 1, 0, 0, 95.238, '2019-10-14 18:53:54'),
	(2120, 172, 600, 330, 329, 77, 1, 0, 0, 0, 100, '2019-10-14 18:53:54'),
	(2121, 172, 666.666, 329, 330, 80, 1, 0, 0, 0, 95.238, '2019-10-14 18:54:00'),
	(2122, 172, 700, 330, 329, 77, 1, 0, 0, 0, 100, '2019-10-14 18:54:00'),
	(2123, 172, 761.904, 329, 330, 80, 0, 0, 0, 0, 95.238, '2019-10-14 18:54:02'),
	(2124, 172, 800, 330, 329, 79, 1, 0, 0, 0, 100, '2019-10-14 18:54:02'),
	(2125, 172, 857.142, 329, 330, 77, 1, 0, 0, 0, 95.238, '2019-10-14 18:54:04'),
	(2126, 172, 900, 330, 329, 77, 1, 0, 0, 0, 100, '2019-10-14 18:54:04'),
	(2127, 172, 952.38, 329, 330, 77, 1, 0, 0, 0, 95.238, '2019-10-14 18:54:06'),
	(2128, 173, 95.238, 331, 332, 52, 1, 0, 0, 7, 95.238, '2019-10-14 18:54:26'),
	(2129, 173, 100, 332, 331, 77, 0, 1, 0, 0, 100, '2019-10-14 18:54:26'),
	(2130, 173, 190.476, 331, 332, 52, 1, 0, 0, 7, 95.238, '2019-10-14 18:54:54'),
	(2131, 173, 200, 332, 331, 79, 1, 0, 0, 0, 100, '2019-10-14 18:54:54'),
	(2132, 173, 285.714, 331, 332, 34, 1, 0, 0, 7, 95.238, '2019-10-14 18:54:59'),
	(2133, 173, 300, 332, 331, 77, 1, 0, 1, 0, 100, '2019-10-14 18:54:59'),
	(2134, 173, 380.952, 331, 332, 77, 1, 0, 0, 0, 95.238, '2019-10-14 18:55:03'),
	(2135, 173, 400, 332, 331, 79, 1, 0, 0, 0, 100, '2019-10-14 18:55:03'),
	(2136, 173, 476.19, 331, 332, 34, 0, 1, 0, 7, 95.238, '2019-10-14 18:55:21'),
	(2137, 173, 500, 332, 331, 77, 1, 0, 1, 0, 100, '2019-10-14 18:55:21'),
	(2138, 173, 571.428, 331, 332, 77, 1, 0, 0, 0, 95.238, '2019-10-14 18:55:30'),
	(2139, 173, 600, 332, 331, 77, 1, 0, 0, 0, 100, '2019-10-14 18:55:30'),
	(2140, 173, 666.666, 331, 332, 77, 1, 0, 0, 0, 95.238, '2019-10-14 18:55:36'),
	(2141, 174, 95.238, 333, 334, 80, 1, 0, 0, 0, 95.238, '2019-10-14 18:56:06'),
	(2142, 174, 100, 334, 333, 77, 1, 0, 1, 0, 100, '2019-10-14 18:56:06'),
	(2143, 174, 190.476, 333, 334, 80, 1, 1, 0, 0, 95.238, '2019-10-14 18:56:34'),
	(2144, 174, 200, 334, 333, 29, 1, 0, 0, 3, 100, '2019-10-14 18:56:34'),
	(2145, 174, 285.714, 333, 334, 77, 1, 0, 0, 0, 95.238, '2019-10-14 18:56:36'),
	(2146, 174, 300, 334, 333, 77, 1, 1, 0, 0, 100, '2019-10-14 18:56:36'),
	(2147, 174, 380.952, 333, 334, 77, 1, 1, 0, 0, 95.238, '2019-10-14 18:56:37'),
	(2148, 174, 400, 334, 333, 77, 1, 0, 0, 0, 100, '2019-10-14 18:56:37'),
	(2149, 174, 476.19, 333, 334, 77, 1, 0, 0, 0, 95.238, '2019-10-14 18:56:38'),
	(2150, 174, 500, 334, 333, 77, 1, 0, 1, 0, 100, '2019-10-14 18:56:38'),
	(2151, 174, 571.428, 333, 334, 77, 1, 1, 0, 0, 95.238, '2019-10-14 18:56:39'),
	(2152, 174, 600, 334, 333, 77, 1, 0, 0, 0, 100, '2019-10-14 18:56:39'),
	(2153, 174, 666.666, 333, 334, 77, 1, 0, 0, 0, 95.238, '2019-10-14 18:56:41'),
	(2154, 174, 700, 334, 333, 79, 1, 1, 0, 0, 100, '2019-10-14 18:56:41'),
	(2155, 174, 761.904, 333, 334, 80, 1, 1, 0, 0, 95.238, '2019-10-14 18:56:42'),
	(2156, 174, 800, 334, 333, 77, 1, 0, 0, 0, 100, '2019-10-14 18:56:42'),
	(2157, 174, 857.142, 333, 334, 77, 1, 0, 0, 0, 95.238, '2019-10-14 18:56:44'),
	(2158, 175, 95.238, 335, 336, 80, 1, 0, 0, 0, 95.238, '2019-10-14 18:57:11'),
	(2159, 175, 100, 336, 335, 29, 1, 0, 0, 3, 100, '2019-10-14 18:57:11'),
	(2160, 175, 190.476, 335, 336, 80, 0, 0, 0, 0, 95.238, '2019-10-14 18:57:17'),
	(2161, 175, 200, 336, 335, 77, 1, 0, 0, 0, 100, '2019-10-14 18:57:17'),
	(2162, 175, 285.714, 335, 336, 80, 1, 1, 0, 0, 95.238, '2019-10-14 18:57:36'),
	(2163, 175, 300, 336, 335, 79, 1, 0, 1, 0, 100, '2019-10-14 18:57:36'),
	(2164, 175, 380.952, 335, 336, 80, 1, 0, 0, 0, 95.238, '2019-10-14 18:58:02'),
	(2165, 175, 400, 336, 335, 79, 1, 1, 0, 0, 100, '2019-10-14 18:58:02'),
	(2166, 175, 476.19, 335, 336, 77, 1, 0, 0, 0, 95.238, '2019-10-14 18:58:04'),
	(2167, 175, 500, 336, 335, 77, 1, 0, 0, 0, 100, '2019-10-14 18:58:04'),
	(2168, 175, 571.428, 335, 336, 77, 1, 0, 0, 0, 95.238, '2019-10-14 18:58:06'),
	(2169, 176, 95.238, 337, 338, 34, 1, 1, 0, 7, 95.238, '2019-10-14 19:00:24'),
	(2170, 176, 100, 338, 337, 77, 1, 0, 0, 0, 100, '2019-10-14 19:00:24'),
	(2171, 176, 190.476, 337, 338, 34, 1, 1, 0, 7, 95.238, '2019-10-14 19:00:29'),
	(2172, 176, 200, 338, 337, 77, 1, 0, 0, 0, 100, '2019-10-14 19:00:29'),
	(2173, 176, 285.714, 337, 338, 34, 1, 0, 0, 7, 95.238, '2019-10-14 19:00:34'),
	(2174, 176, 300, 338, 337, 77, 1, 0, 1, 0, 100, '2019-10-14 19:00:34'),
	(2175, 176, 380.952, 337, 338, 77, 0, 0, 0, 0, 95.238, '2019-10-14 19:01:13'),
	(2176, 176, 400, 338, 337, 79, 1, 0, 0, 0, 100, '2019-10-14 19:01:13'),
	(2177, 176, 476.19, 337, 338, 77, 1, 0, 0, 0, 95.238, '2019-10-14 19:01:19'),
	(2178, 176, 500, 338, 337, 77, 1, 0, 1, 0, 100, '2019-10-14 19:01:19'),
	(2179, 176, 571.428, 337, 338, 77, 1, 1, 0, 0, 95.238, '2019-10-14 19:01:31'),
	(2180, 176, 600, 338, 337, 79, 1, 0, 0, 0, 100, '2019-10-14 19:01:31'),
	(2181, 176, 666.666, 337, 338, 80, 1, 1, 0, 0, 95.238, '2019-10-14 19:01:36'),
	(2182, 176, 700, 338, 337, 29, 1, 0, 0, 3, 100, '2019-10-14 19:01:36'),
	(2183, 176, 761.904, 337, 338, 28, 1, 0, 0, 7, 95.238, '2019-10-14 19:01:50'),
	(2184, 176, 800, 338, 337, 79, 1, 0, 0, 0, 100, '2019-10-14 19:01:50'),
	(2185, 176, 857.142, 337, 338, 80, 1, 1, 0, 0, 95.238, '2019-10-14 19:01:59'),
	(2186, 176, 900, 338, 337, 77, 1, 0, 0, 0, 100, '2019-10-14 19:01:59'),
	(2187, 176, 952.38, 337, 338, 77, 1, 0, 0, 0, 95.238, '2019-10-14 19:02:08'),
	(2188, 176, 1000, 338, 337, 77, 1, 0, 1, 0, 100, '2019-10-14 19:02:08'),
	(2189, 176, 1047.62, 337, 338, 80, 1, 0, 0, 0, 95.238, '2019-10-14 19:02:16'),
	(2190, 176, 1100, 338, 337, 79, 1, 0, 0, 0, 100, '2019-10-14 19:02:16'),
	(2191, 176, 1142.86, 337, 338, 77, 1, 0, 0, 0, 95.238, '2019-10-14 19:02:19'),
	(2192, 182, 95.238, 345, 346, 34, 1, 0, 0, 7, 95.238, '2019-10-19 17:40:08'),
	(2193, 182, 100, 346, 345, 29, 1, 0, 0, 3, 100, '2019-10-19 17:40:08'),
	(2194, 182, 190.476, 345, 346, 34, 1, 0, 0, 7, 95.238, '2019-10-19 17:40:10'),
	(2195, 182, 200, 346, 345, 77, 1, 0, 0, 0, 100, '2019-10-19 17:40:10'),
	(2196, 182, 285.714, 345, 346, 34, 1, 0, 0, 7, 95.238, '2019-10-19 17:40:12'),
	(2197, 182, 300, 346, 345, 77, 1, 0, 0, 0, 100, '2019-10-19 17:40:12'),
	(2198, 182, 380.952, 345, 346, 28, 1, 0, 0, 7, 95.238, '2019-10-19 17:40:14'),
	(2199, 182, 400, 346, 345, 77, 1, 0, 0, 0, 100, '2019-10-19 17:40:14'),
	(2200, 182, 476.19, 345, 346, 80, 1, 1, 0, 0, 95.238, '2019-10-19 17:40:16'),
	(2201, 182, 500, 346, 345, 79, 1, 0, 0, 0, 100, '2019-10-19 17:40:16'),
	(2202, 182, 571.428, 345, 346, 80, 1, 0, 0, 0, 95.238, '2019-10-19 17:40:18'),
	(2203, 182, 600, 346, 345, 79, 1, 0, 0, 0, 100, '2019-10-19 17:40:18'),
	(2204, 182, 666.666, 345, 346, 80, 1, 0, 0, 0, 95.238, '2019-10-19 17:40:18'),
	(2205, 182, 700, 346, 345, 77, 1, 0, 1, 0, 100, '2019-10-19 17:40:18'),
	(2206, 182, 761.904, 345, 346, 80, 1, 0, 0, 0, 95.238, '2019-10-19 17:40:20'),
	(2207, 183, 95.238, 347, 348, 52, 1, 0, 0, 7, 95.238, '2019-10-19 18:51:57'),
	(2208, 183, 100, 348, 347, 79, 1, 0, 0, 0, 100, '2019-10-19 18:51:57'),
	(2209, 183, 190.476, 347, 348, 28, 1, 0, 0, 7, 95.238, '2019-10-19 18:52:06'),
	(2210, 183, 200, 348, 347, 29, 1, 0, 0, 3, 100, '2019-10-19 18:52:06'),
	(2211, 183, 285.714, 347, 348, 28, 1, 0, 0, 7, 95.238, '2019-10-19 18:52:07'),
	(2212, 183, 300, 348, 347, 77, 1, 0, 1, 0, 100, '2019-10-19 18:52:07'),
	(2213, 183, 380.952, 347, 348, 28, 1, 0, 0, 7, 95.238, '2019-10-19 18:52:11'),
	(2214, 183, 400, 348, 347, 77, 1, 0, 0, 0, 100, '2019-10-19 18:52:11'),
	(2215, 183, 476.19, 347, 348, 80, 1, 0, 0, 0, 95.238, '2019-10-19 18:52:14'),
	(2216, 183, 500, 348, 347, 79, 1, 0, 0, 0, 100, '2019-10-19 18:52:14'),
	(2217, 183, 571.428, 347, 348, 77, 1, 0, 0, 0, 95.238, '2019-10-19 18:52:16'),
	(2218, 184, 95.238, 349, 351, 28, 1, 0, 0, 7, 95.238, '2019-10-19 18:53:07'),
	(2219, 184, 90.909, 351, 349, 77, 1, 0, 1, 0, 90.909, '2019-10-19 18:53:07'),
	(2220, 184, 100, 350, 349, 77, 1, 0, 1, 0, 100, '2019-10-19 18:53:08'),
	(2221, 184, 181.818, 351, 349, 77, 1, 1, 0, 0, 90.909, '2019-10-19 18:53:08'),
	(2222, 184, 190.476, 349, 351, 80, 1, 0, 0, 0, 95.238, '2019-10-19 18:53:10'),
	(2223, 184, 200, 350, 349, 79, 1, 0, 1, 0, 100, '2019-10-19 18:53:10'),
	(2224, 184, 272.727, 351, 349, 77, 1, 0, 1, 0, 90.909, '2019-10-19 18:53:10'),
	(2225, 184, 285.714, 349, 350, 28, 1, 1, 0, 7, 95.238, '2019-10-19 18:53:14'),
	(2226, 184, 300, 350, 349, 77, 1, 0, 0, 0, 100, '2019-10-19 18:53:14'),
	(2227, 184, 380.952, 349, 350, 28, 1, 0, 0, 7, 95.238, '2019-10-19 18:53:16'),
	(2228, 184, 400, 350, 349, 79, 1, 0, 0, 0, 100, '2019-10-19 18:53:16'),
	(2229, 184, 476.19, 349, 350, 28, 1, 0, 0, 7, 95.238, '2019-10-19 18:53:19'),
	(2230, 184, 500, 350, 349, 79, 1, 1, 1, 0, 100, '2019-10-19 18:53:19'),
	(2231, 184, 571.428, 349, 350, 80, 1, 0, 0, 0, 95.238, '2019-10-19 18:53:22'),
	(2232, 184, 600, 350, 349, 79, 0, 0, 1, 0, 100, '2019-10-19 18:53:22'),
	(2233, 184, 666.666, 349, 350, 80, 1, 0, 0, 0, 95.238, '2019-10-19 18:53:23'),
	(2234, 184, 700, 350, 349, 77, 1, 0, 0, 0, 100, '2019-10-19 18:53:23'),
	(2235, 184, 761.904, 349, 350, 77, 1, 0, 0, 0, 95.238, '2019-10-19 18:53:24'),
	(2236, 185, 95.238, 352, 353, 28, 1, 0, 0, 7, 95.238, '2019-10-20 15:50:21'),
	(2237, 185, 100, 353, 352, 29, 0, 0, 0, 3, 100, '2019-10-20 15:50:21'),
	(2238, 185, 190.476, 352, 353, 34, 1, 0, 0, 7, 95.238, '2019-10-20 15:50:22'),
	(2239, 185, 200, 353, 352, 77, 1, 1, 0, 0, 100, '2019-10-20 15:50:22'),
	(2240, 185, 285.714, 352, 353, 80, 1, 0, 0, 0, 95.238, '2019-10-20 15:50:33'),
	(2241, 185, 300, 353, 352, 79, 1, 0, 0, 0, 100, '2019-10-20 15:50:33'),
	(2242, 185, 380.952, 352, 353, 77, 1, 0, 0, 0, 95.238, '2019-10-20 15:50:35'),
	(2243, 185, 400, 353, 352, 79, 1, 0, 1, 0, 100, '2019-10-20 15:50:35'),
	(2244, 185, 476.19, 352, 353, 77, 1, 0, 0, 0, 95.238, '2019-10-20 15:50:44'),
	(2245, 186, 95.238, 354, 355, 28, 1, 1, 0, 7, 95.238, '2019-10-20 15:51:47'),
	(2246, 186, 100, 355, 354, 77, 1, 0, 0, 0, 100, '2019-10-20 15:51:47'),
	(2247, 186, 190.476, 354, 355, 28, 1, 1, 0, 7, 95.238, '2019-10-20 15:51:48'),
	(2248, 186, 200, 355, 354, 77, 1, 0, 1, 0, 100, '2019-10-20 15:51:48'),
	(2249, 186, 285.714, 354, 355, 34, 1, 0, 0, 7, 95.238, '2019-10-20 15:51:52'),
	(2250, 186, 300, 355, 354, 29, 0, 0, 0, 3, 100, '2019-10-20 15:51:52'),
	(2251, 186, 380.952, 354, 355, 28, 1, 0, 0, 7, 95.238, '2019-10-20 15:51:54'),
	(2252, 186, 400, 355, 354, 77, 1, 0, 0, 0, 100, '2019-10-20 15:51:55'),
	(2253, 186, 476.19, 354, 355, 80, 1, 1, 0, 0, 95.238, '2019-10-20 15:52:01'),
	(2254, 186, 500, 355, 354, 77, 1, 0, 0, 0, 100, '2019-10-20 15:52:01'),
	(2255, 186, 571.428, 354, 355, 80, 1, 1, 1, 0, 95.238, '2019-10-20 15:52:03'),
	(2256, 186, 600, 355, 354, 77, 1, 0, 0, 0, 100, '2019-10-20 15:52:03'),
	(2257, 186, 666.666, 354, 355, 80, 1, 0, 0, 0, 95.238, '2019-10-20 15:52:04'),
	(2258, 186, 700, 355, 354, 77, 1, 0, 0, 0, 100, '2019-10-20 15:52:04'),
	(2259, 186, 761.904, 354, 355, 77, 1, 0, 0, 0, 95.238, '2019-10-20 15:52:08'),
	(2260, 186, 800, 355, 354, 79, 1, 0, 0, 0, 100, '2019-10-20 15:52:08'),
	(2261, 186, 857.142, 354, 355, 77, 1, 1, 0, 0, 95.238, '2019-10-20 15:52:11'),
	(2262, 186, 900, 355, 354, 77, 1, 1, 1, 0, 100, '2019-10-20 15:52:11'),
	(2263, 186, 952.38, 354, 355, 77, 1, 0, 0, 0, 95.238, '2019-10-20 15:52:14'),
	(2264, 187, 95.238, 356, 357, 28, 1, 0, 0, 7, 95.238, '2019-10-20 15:53:05'),
	(2265, 187, 100, 357, 356, 77, 1, 0, 1, 0, 100, '2019-10-20 15:53:05'),
	(2266, 187, 190.476, 356, 357, 34, 1, 0, 0, 7, 95.238, '2019-10-20 15:53:07'),
	(2267, 187, 200, 357, 356, 77, 1, 0, 0, 0, 100, '2019-10-20 15:53:07'),
	(2268, 187, 285.714, 356, 357, 28, 1, 1, 0, 7, 95.238, '2019-10-20 15:53:09'),
	(2269, 187, 300, 357, 356, 77, 1, 0, 1, 0, 100, '2019-10-20 15:53:09'),
	(2270, 187, 380.952, 356, 357, 28, 1, 0, 0, 7, 95.238, '2019-10-20 15:53:12'),
	(2271, 187, 400, 357, 356, 77, 1, 0, 1, 0, 100, '2019-10-20 15:53:12'),
	(2272, 187, 476.19, 356, 357, 77, 1, 1, 0, 0, 95.238, '2019-10-20 15:53:16'),
	(2273, 187, 500, 357, 356, 79, 1, 0, 0, 0, 100, '2019-10-20 15:53:16'),
	(2274, 187, 571.428, 356, 357, 80, 1, 0, 0, 0, 95.238, '2019-10-20 15:53:17'),
	(2275, 187, 600, 357, 356, 77, 1, 0, 1, 0, 100, '2019-10-20 15:53:17'),
	(2276, 187, 666.666, 356, 357, 77, 1, 0, 0, 0, 95.238, '2019-10-20 15:53:22'),
	(2277, 188, 95.238, 358, 359, 34, 1, 0, 0, 7, 95.238, '2019-10-20 15:54:23'),
	(2278, 188, 100, 359, 358, 79, 1, 0, 0, 0, 100, '2019-10-20 15:54:23'),
	(2279, 188, 190.476, 358, 359, 34, 1, 0, 0, 7, 95.238, '2019-10-20 15:54:25'),
	(2280, 188, 200, 359, 358, 77, 1, 0, 0, 0, 100, '2019-10-20 15:54:25'),
	(2281, 188, 285.714, 358, 359, 80, 1, 1, 0, 0, 95.238, '2019-10-20 15:54:28'),
	(2282, 188, 300, 359, 358, 79, 1, 0, 0, 0, 100, '2019-10-20 15:54:28'),
	(2283, 188, 380.952, 358, 359, 80, 1, 0, 0, 0, 95.238, '2019-10-20 15:54:30'),
	(2284, 188, 400, 359, 358, 77, 1, 0, 0, 0, 100, '2019-10-20 15:54:30'),
	(2285, 188, 476.19, 358, 359, 80, 1, 0, 0, 0, 95.238, '2019-10-20 15:54:31'),
	(2286, 188, 500, 359, 358, 77, 1, 0, 1, 0, 100, '2019-10-20 15:54:31'),
	(2287, 188, 571.428, 358, 359, 77, 1, 1, 0, 0, 95.238, '2019-10-20 15:54:33'),
	(2288, 188, 600, 359, 358, 29, 1, 0, 0, 3, 100, '2019-10-20 15:54:33'),
	(2289, 188, 666.666, 358, 359, 77, 1, 0, 0, 0, 95.238, '2019-10-20 15:54:39'),
	(2290, 188, 700, 359, 358, 77, 1, 0, 0, 0, 100, '2019-10-20 15:54:39'),
	(2291, 188, 761.904, 358, 359, 77, 1, 0, 0, 0, 95.238, '2019-10-20 15:54:48'),
	(2292, 189, 95.238, 360, 361, 34, 1, 0, 0, 7, 95.238, '2019-10-20 16:17:29'),
	(2293, 189, 100, 361, 360, 79, 1, 0, 0, 0, 100, '2019-10-20 16:17:29'),
	(2294, 189, 190.476, 360, 361, 34, 1, 0, 0, 7, 95.238, '2019-10-20 16:17:31'),
	(2295, 189, 200, 361, 360, 77, 1, 0, 0, 0, 100, '2019-10-20 16:17:31'),
	(2296, 189, 285.714, 360, 361, 34, 1, 1, 0, 7, 95.238, '2019-10-20 16:17:32'),
	(2297, 189, 300, 361, 360, 77, 1, 1, 0, 0, 100, '2019-10-20 16:17:32'),
	(2298, 189, 380.952, 360, 361, 34, 1, 0, 0, 7, 95.238, '2019-10-20 16:17:34'),
	(2299, 189, 400, 361, 360, 77, 1, 0, 0, 0, 100, '2019-10-20 16:17:34'),
	(2300, 189, 476.19, 360, 361, 80, 1, 0, 0, 0, 95.238, '2019-10-20 16:17:36'),
	(2301, 189, 500, 361, 360, 77, 1, 0, 0, 0, 100, '2019-10-20 16:17:36'),
	(2302, 189, 571.428, 360, 361, 80, 1, 1, 0, 0, 95.238, '2019-10-20 16:17:38'),
	(2303, 189, 600, 361, 360, 79, 1, 0, 0, 0, 100, '2019-10-20 16:17:38'),
	(2304, 189, 666.666, 360, 361, 80, 1, 1, 0, 0, 95.238, '2019-10-20 16:17:39'),
	(2305, 189, 700, 361, 360, 77, 1, 0, 0, 0, 100, '2019-10-20 16:17:39'),
	(2306, 189, 761.904, 360, 361, 80, 1, 1, 0, 0, 95.238, '2019-10-20 16:17:41'),
	(2307, 189, 800, 361, 360, 77, 1, 0, 1, 0, 100, '2019-10-20 16:17:41'),
	(2308, 189, 857.142, 360, 361, 80, 1, 0, 0, 0, 95.238, '2019-10-20 16:17:43'),
	(2309, 189, 900, 361, 360, 77, 1, 0, 0, 0, 100, '2019-10-20 16:17:43'),
	(2310, 189, 952.38, 360, 361, 80, 1, 0, 0, 0, 95.238, '2019-10-20 16:17:45'),
	(2311, 189, 1000, 361, 360, 77, 1, 0, 0, 0, 100, '2019-10-20 16:17:45'),
	(2312, 189, 1047.62, 360, 361, 77, 1, 1, 0, 0, 95.238, '2019-10-20 16:17:46'),
	(2313, 190, 95.238, 362, 363, 34, 1, 0, 0, 7, 95.238, '2019-10-20 16:38:13'),
	(2314, 190, 100, 363, 362, 79, 1, 0, 0, 0, 100, '2019-10-20 16:38:13'),
	(2315, 190, 190.476, 362, 363, 34, 1, 0, 0, 7, 95.238, '2019-10-20 16:38:15'),
	(2316, 190, 200, 363, 362, 77, 1, 0, 1, 0, 100, '2019-10-20 16:38:15'),
	(2317, 190, 285.714, 362, 363, 34, 1, 0, 0, 7, 95.238, '2019-10-20 16:38:17'),
	(2318, 190, 300, 363, 362, 29, 1, 0, 0, 3, 100, '2019-10-20 16:38:17'),
	(2319, 190, 380.952, 362, 363, 28, 1, 0, 0, 7, 95.238, '2019-10-20 16:38:20'),
	(2320, 190, 400, 363, 362, 79, 1, 0, 0, 0, 100, '2019-10-20 16:38:20'),
	(2321, 190, 476.19, 362, 363, 80, 1, 1, 0, 0, 95.238, '2019-10-20 16:38:21'),
	(2322, 190, 500, 363, 362, 79, 0, 0, 0, 0, 100, '2019-10-20 16:38:21'),
	(2323, 190, 571.428, 362, 363, 80, 1, 0, 0, 0, 95.238, '2019-10-20 16:38:23'),
	(2324, 190, 600, 363, 362, 79, 1, 0, 0, 0, 100, '2019-10-20 16:38:23'),
	(2325, 190, 666.666, 362, 363, 80, 1, 0, 0, 0, 95.238, '2019-10-20 16:38:24'),
	(2326, 190, 700, 363, 362, 77, 0, 0, 1, 0, 100, '2019-10-20 16:38:24'),
	(2327, 190, 761.904, 362, 363, 80, 1, 0, 0, 0, 95.238, '2019-10-20 16:38:25'),
	(2328, 191, 95.238, 364, 365, 34, 1, 0, 0, 7, 95.238, '2019-10-20 16:40:28'),
	(2329, 191, 100, 365, 364, 79, 1, 0, 0, 0, 100, '2019-10-20 16:40:28'),
	(2330, 191, 190.476, 364, 365, 34, 1, 0, 0, 7, 95.238, '2019-10-20 16:40:29'),
	(2331, 191, 200, 365, 364, 29, 1, 0, 0, 3, 100, '2019-10-20 16:40:29'),
	(2332, 191, 285.714, 364, 365, 80, 1, 0, 0, 0, 95.238, '2019-10-20 16:40:32'),
	(2333, 191, 300, 365, 364, 79, 1, 1, 0, 0, 100, '2019-10-20 16:40:32'),
	(2334, 191, 380.952, 364, 365, 80, 1, 0, 0, 0, 95.238, '2019-10-20 16:40:34'),
	(2335, 191, 400, 365, 364, 77, 1, 0, 1, 0, 100, '2019-10-20 16:40:34'),
	(2336, 191, 476.19, 364, 365, 80, 1, 0, 1, 0, 95.238, '2019-10-20 16:40:35'),
	(2337, 191, 500, 365, 364, 77, 1, 0, 0, 0, 100, '2019-10-20 16:40:35'),
	(2338, 191, 571.428, 364, 365, 77, 1, 0, 0, 0, 95.238, '2019-10-20 16:40:36'),
	(2339, 192, 95.238, 366, 367, 77, 1, 0, 0, 0, 95.238, '2019-10-20 17:06:27'),
	(2340, 192, 95.238, 366, 367, 77, 1, 0, 0, 0, 95.238, '2019-10-20 17:07:56'),
	(2341, 192, 190.476, 366, 367, 77, 1, 0, 0, 0, 95.238, '2019-10-20 17:08:01'),
	(2342, 192, 285.714, 366, 367, 77, 1, 0, 0, 0, 95.238, '2019-10-20 17:08:06'),
	(2343, 193, 95.238, 368, 369, 80, 1, 1, 0, 0, 95.238, '2019-10-20 18:17:09'),
	(2344, 193, 95.238, 369, 368, 77, 1, 0, 0, 0, 95.238, '2019-10-20 18:17:09'),
	(2345, 193, 190.476, 368, 369, 80, 1, 1, 0, 0, 95.238, '2019-10-20 18:17:18'),
	(2346, 193, 190.476, 369, 368, 77, 1, 1, 0, 0, 95.238, '2019-10-20 18:17:18'),
	(2347, 193, 285.714, 368, 369, 80, 1, 0, 0, 0, 95.238, '2019-10-20 18:17:30'),
	(2348, 193, 285.714, 369, 368, 77, 1, 0, 1, 0, 95.238, '2019-10-20 18:17:30'),
	(2349, 193, 380.952, 368, 369, 80, 1, 0, 0, 0, 95.238, '2019-10-20 18:17:38'),
	(2350, 193, 380.952, 369, 368, 77, 1, 0, 0, 0, 95.238, '2019-10-20 18:17:38'),
	(2351, 193, 476.19, 368, 369, 77, 1, 0, 0, 0, 95.238, '2019-10-20 18:17:41'),
	(2352, 194, 95.238, 370, 371, 80, 1, 1, 1, 0, 95.238, '2019-10-20 18:20:01'),
	(2353, 194, 20, 371, 370, 79, 1, 0, 0, 0, 20, '2019-10-20 18:20:01'),
	(2354, 194, 40, 371, 370, 79, 1, 0, 0, 0, 20, '2019-10-20 18:20:01'),
	(2355, 194, 60, 371, 370, 79, 1, 0, 0, 0, 20, '2019-10-20 18:20:01'),
	(2356, 194, 80, 371, 370, 79, 1, 0, 0, 0, 20, '2019-10-20 18:20:01'),
	(2357, 194, 100, 371, 370, 79, 1, 0, 0, 0, 20, '2019-10-20 18:20:01'),
	(2358, 194, 120, 371, 370, 79, 0, 0, 1, 0, 20, '2019-10-20 18:20:01'),
	(2359, 194, 140, 371, 370, 79, 1, 1, 0, 0, 20, '2019-10-20 18:20:01'),
	(2360, 194, 160, 371, 370, 79, 1, 0, 1, 0, 20, '2019-10-20 18:20:01'),
	(2361, 194, 180, 371, 370, 79, 1, 0, 0, 0, 20, '2019-10-20 18:20:01'),
	(2362, 194, 190.476, 370, 371, 80, 1, 1, 1, 0, 95.238, '2019-10-20 18:20:30'),
	(2363, 194, 200, 371, 370, 79, 1, 0, 0, 0, 20, '2019-10-20 18:20:30'),
	(2364, 194, 220, 371, 370, 79, 1, 0, 1, 0, 20, '2019-10-20 18:20:30'),
	(2365, 194, 240, 371, 370, 79, 1, 0, 1, 0, 20, '2019-10-20 18:20:30'),
	(2366, 194, 260, 371, 370, 79, 1, 0, 1, 0, 20, '2019-10-20 18:20:30'),
	(2367, 194, 280, 371, 370, 79, 1, 0, 1, 0, 20, '2019-10-20 18:20:30'),
	(2368, 194, 285.714, 370, 371, 80, 1, 1, 1, 0, 95.238, '2019-10-20 18:20:43'),
	(2369, 194, 300, 371, 370, 79, 1, 0, 1, 0, 20, '2019-10-20 18:20:43'),
	(2370, 194, 320, 371, 370, 79, 1, 0, 0, 0, 20, '2019-10-20 18:20:43'),
	(2371, 194, 340, 371, 370, 79, 1, 0, 1, 0, 20, '2019-10-20 18:20:43'),
	(2372, 194, 360, 371, 370, 79, 1, 0, 0, 0, 20, '2019-10-20 18:20:43'),
	(2373, 194, 380, 371, 370, 79, 1, 0, 0, 0, 20, '2019-10-20 18:20:43'),
	(2374, 194, 380.952, 370, 371, 34, 1, 1, 1, 7, 95.238, '2019-10-20 18:20:50'),
	(2375, 194, 400, 371, 370, 79, 0, 0, 0, 0, 20, '2019-10-20 18:20:50'),
	(2376, 194, 420, 371, 370, 79, 0, 0, 0, 0, 20, '2019-10-20 18:20:50'),
	(2377, 194, 440, 371, 370, 79, 1, 0, 0, 0, 20, '2019-10-20 18:20:50'),
	(2378, 194, 460, 371, 370, 79, 1, 0, 0, 0, 20, '2019-10-20 18:20:50'),
	(2379, 194, 476.19, 370, 371, 34, 1, 1, 1, 7, 95.238, '2019-10-20 18:21:13'),
	(2380, 194, 480, 371, 370, 79, 1, 0, 0, 0, 20, '2019-10-20 18:21:13'),
	(2381, 194, 500, 371, 370, 79, 1, 0, 0, 0, 20, '2019-10-20 18:21:13'),
	(2382, 194, 520, 371, 370, 79, 1, 0, 1, 0, 20, '2019-10-20 18:21:13'),
	(2383, 194, 540, 371, 370, 79, 1, 0, 0, 0, 20, '2019-10-20 18:21:13'),
	(2384, 194, 560, 371, 370, 79, 1, 0, 0, 0, 20, '2019-10-20 18:21:13'),
	(2385, 196, 95.238, 374, 375, 34, 1, 0, 0, 7, 95.238, '2019-10-20 18:24:07'),
	(2386, 196, 100, 375, 375, 30, 1, 0, 0, 4, 100, '2019-10-20 18:24:07'),
	(2387, 196, 190.476, 374, 375, 28, 1, 0, 0, 7, 95.238, '2019-10-20 18:24:46'),
	(2388, 196, 200, 375, 374, 79, 1, 0, 0, 0, 100, '2019-10-20 18:24:46'),
	(2389, 196, 285.714, 374, 375, 80, 1, 0, 1, 0, 95.238, '2019-10-20 18:25:00'),
	(2390, 196, 300, 375, 374, 77, 1, 0, 0, 0, 100, '2019-10-20 18:25:00'),
	(2391, 196, 380.952, 374, 375, 77, 1, 0, 0, 0, 95.238, '2019-10-20 18:25:13'),
	(2392, 196, 400, 375, 374, 77, 1, 0, 0, 0, 100, '2019-10-20 18:25:13'),
	(2393, 197, 95.238, 376, 377, 28, 1, 0, 0, 7, 95.238, '2019-10-20 18:25:44'),
	(2394, 197, 76.923, 377, 376, 77, 1, 0, 0, 0, 76.923, '2019-10-20 18:25:44'),
	(2395, 197, 153.846, 377, 376, 77, 1, 0, 1, 0, 76.923, '2019-10-20 18:25:44'),
	(2396, 197, 190.476, 376, 377, 80, 1, 0, 0, 0, 95.238, '2019-10-20 18:26:16'),
	(2397, 197, 230.769, 377, 376, 77, 1, 1, 1, 0, 76.923, '2019-10-20 18:26:16'),
	(2398, 197, 285.714, 376, 377, 77, 1, 0, 0, 0, 95.238, '2019-10-20 18:26:23'),
	(2399, 198, 95.238, 378, 379, 34, 1, 0, 0, 7, 95.238, '2019-10-20 18:26:58'),
	(2400, 198, 83.333, 379, 378, 77, 1, 1, 1, 0, 83.333, '2019-10-20 18:26:58'),
	(2401, 198, 166.666, 379, 378, 77, 1, 0, 0, 0, 83.333, '2019-10-20 18:26:58'),
	(2402, 198, 190.476, 378, 379, 80, 1, 0, 0, 0, 95.238, '2019-10-20 18:27:11'),
	(2403, 198, 249.999, 379, 378, 79, 1, 1, 0, 0, 83.333, '2019-10-20 18:27:11'),
	(2404, 198, 285.714, 378, 379, 77, 0, 0, 0, 0, 95.238, '2019-10-20 18:27:17'),
	(2405, 199, 95.238, 380, 381, 77, 1, 1, 0, 0, 95.238, '2019-10-20 18:28:16'),
	(2406, 199, 100, 381, 380, 80, 1, 0, 0, 0, 100, '2019-10-20 18:28:16'),
	(2407, 199, 190.476, 380, 381, 77, 1, 0, 0, 0, 95.238, '2019-10-20 18:28:23'),
	(2408, 199, 200, 381, 380, 9, 1, 0, 0, 6, 100, '2019-10-20 18:28:23'),
	(2409, 199, 285.714, 380, 381, 80, 1, 0, 0, 0, 95.238, '2019-10-20 18:28:51'),
	(2410, 199, 300, 381, 380, 80, 1, 0, 0, 0, 100, '2019-10-20 18:28:51'),
	(2411, 199, 380.952, 380, 381, 77, 1, 0, 0, 0, 95.238, '2019-10-20 18:28:54'),
	(2412, 200, 95.238, 382, 383, 52, 1, 0, 0, 7, 95.238, '2019-10-20 18:31:10'),
	(2413, 200, 100, 383, 382, 12, 1, 0, 0, 4, 100, '2019-10-20 18:31:10'),
	(2414, 200, 190.476, 382, 383, 77, 1, 1, 0, 0, 95.238, '2019-10-20 18:31:34'),
	(2415, 200, 200, 383, 382, 12, 1, 0, 0, 4, 100, '2019-10-20 18:31:34'),
	(2416, 200, 285.714, 382, 383, 28, 1, 0, 0, 7, 95.238, '2019-10-20 18:32:01'),
	(2417, 200, 300, 383, 382, 8, 1, 0, 0, 5, 100, '2019-10-20 18:32:01');
/*!40000 ALTER TABLE `kampf_aktion` ENABLE KEYS */;

-- Exportiere Struktur von Tabelle db_dvg.kampf_effekt
DROP TABLE IF EXISTS `kampf_effekt`;
CREATE TABLE IF NOT EXISTS `kampf_effekt` (
  `id` int(10) NOT NULL AUTO_INCREMENT,
  `kampf_aktion_id` int(10) NOT NULL,
  `kampf_teilnehmer_id` int(10) NOT NULL,
  `art` enum('angriff','verteidigung') COLLATE utf8_unicode_ci NOT NULL DEFAULT 'angriff',
  `attribut` enum('gesundheit','zauberpunkte','staerke','intelligenz','magie','element_feuer','element_wasser','element_erde','element_luft','timer','initiative','abwehr','ausweichen') COLLATE utf8_unicode_ci NOT NULL DEFAULT 'gesundheit',
  `wert` float NOT NULL DEFAULT '0',
  `runden` int(10) NOT NULL DEFAULT '0',
  `runden_max` int(10) NOT NULL DEFAULT '1',
  `jede_runde` tinyint(1) NOT NULL DEFAULT '1',
  `ausgefuehrt` tinyint(1) NOT NULL DEFAULT '0',
  `beendet` tinyint(1) NOT NULL DEFAULT '0',
  PRIMARY KEY (`id`),
  KEY `kampf_teilnehmer_id` (`kampf_teilnehmer_id`),
  KEY `kampf_aktion_id` (`kampf_aktion_id`),
  CONSTRAINT `FK_kampf_effekt_kampf_aktion` FOREIGN KEY (`kampf_aktion_id`) REFERENCES `kampf_aktion` (`id`),
  CONSTRAINT `FK_kampf_effekt_kampf_teilnehmer` FOREIGN KEY (`kampf_teilnehmer_id`) REFERENCES `kampf_teilnehmer` (`id`)
) ENGINE=InnoDB AUTO_INCREMENT=2034 DEFAULT CHARSET=utf8 COLLATE=utf8_unicode_ci COMMENT='Effekte die von Zaubern und anderen Aktionen in einem Kampf erzeugt werden und auf die Kampfteilnehmer angewendet werden, wenn diese an der Reihe sind';

-- Exportiere Daten aus Tabelle db_dvg.kampf_effekt: ~1.788 rows (ungefähr)
DELETE FROM `kampf_effekt`;
/*!40000 ALTER TABLE `kampf_effekt` DISABLE KEYS */;
INSERT INTO `kampf_effekt` (`id`, `kampf_aktion_id`, `kampf_teilnehmer_id`, `art`, `attribut`, `wert`, `runden`, `runden_max`, `jede_runde`, `ausgefuehrt`, `beendet`) VALUES
	(246, 329, 144, 'angriff', 'gesundheit', -5, 1, 1, 1, 0, 1),
	(247, 333, 144, 'angriff', 'gesundheit', -5, 1, 1, 1, 0, 1),
	(248, 334, 143, 'angriff', 'gesundheit', -5, 1, 1, 1, 0, 1),
	(249, 335, 144, 'angriff', 'gesundheit', -5, 1, 1, 1, 0, 1),
	(250, 336, 143, 'angriff', 'gesundheit', -5, 1, 1, 1, 0, 1),
	(251, 337, 144, 'angriff', 'gesundheit', -5, 1, 1, 1, 0, 1),
	(252, 338, 143, 'angriff', 'gesundheit', -5, 1, 1, 1, 0, 1),
	(253, 339, 144, 'angriff', 'gesundheit', -5, 1, 1, 1, 0, 1),
	(254, 341, 144, 'angriff', 'gesundheit', -5, 1, 1, 1, 0, 1),
	(255, 342, 143, 'angriff', 'gesundheit', -5, 1, 1, 1, 0, 1),
	(256, 344, 143, 'angriff', 'gesundheit', -5, 1, 1, 1, 0, 1),
	(257, 345, 144, 'angriff', 'gesundheit', -5, 1, 1, 1, 0, 1),
	(258, 346, 143, 'angriff', 'gesundheit', -5, 1, 1, 1, 0, 1),
	(259, 349, 144, 'angriff', 'gesundheit', -5, 1, 1, 1, 0, 1),
	(260, 351, 146, 'angriff', 'gesundheit', -5, 1, 1, 1, 0, 1),
	(261, 354, 145, 'angriff', 'gesundheit', -5, 1, 1, 1, 0, 1),
	(262, 355, 146, 'angriff', 'gesundheit', -5, 1, 1, 1, 0, 1),
	(263, 357, 146, 'angriff', 'gesundheit', -5, 1, 1, 1, 0, 1),
	(264, 361, 146, 'angriff', 'gesundheit', -5, 1, 1, 1, 0, 1),
	(265, 363, 146, 'angriff', 'gesundheit', -5, 1, 1, 1, 0, 1),
	(266, 365, 146, 'angriff', 'gesundheit', -5, 1, 1, 1, 0, 1),
	(267, 367, 146, 'angriff', 'gesundheit', -5, 1, 1, 1, 0, 1),
	(268, 368, 145, 'angriff', 'gesundheit', -5, 1, 1, 1, 0, 1),
	(269, 369, 148, 'angriff', 'gesundheit', -5, 1, 1, 1, 0, 1),
	(270, 369, 148, 'angriff', 'initiative', -5, 2, 2, 0, 0, 1),
	(271, 369, 148, 'angriff', 'element_feuer', -10, 3, 3, 0, 0, 1),
	(272, 370, 147, 'angriff', 'gesundheit', -5, 1, 1, 1, 0, 1),
	(273, 371, 147, 'verteidigung', 'gesundheit', 7, 2, 2, 1, 0, 1),
	(274, 371, 147, 'verteidigung', 'initiative', 5, 2, 2, 1, 0, 1),
	(275, 375, 148, 'angriff', 'gesundheit', -9, 2, 2, 1, 0, 1),
	(276, 378, 147, 'angriff', 'gesundheit', -5, 1, 1, 1, 0, 1),
	(277, 380, 147, 'angriff', 'gesundheit', -5, 1, 1, 1, 0, 1),
	(278, 381, 148, 'angriff', 'gesundheit', -5, 1, 1, 1, 0, 1),
	(279, 383, 148, 'angriff', 'gesundheit', -5, 1, 1, 1, 0, 1),
	(280, 384, 147, 'angriff', 'gesundheit', -5, 1, 1, 1, 0, 1),
	(281, 385, 148, 'angriff', 'gesundheit', -5, 1, 1, 1, 0, 1),
	(282, 386, 147, 'angriff', 'gesundheit', -5, 1, 1, 1, 0, 1),
	(283, 387, 148, 'angriff', 'gesundheit', -5, 0, 1, 1, 0, 0),
	(284, 388, 150, 'angriff', 'gesundheit', -5, 1, 1, 1, 0, 1),
	(285, 388, 150, 'angriff', 'initiative', -5, 2, 2, 0, 0, 1),
	(286, 388, 150, 'angriff', 'element_feuer', -10, 3, 3, 0, 0, 1),
	(287, 389, 149, 'angriff', 'gesundheit', -5, 1, 1, 1, 0, 1),
	(288, 391, 149, 'angriff', 'gesundheit', -5, 1, 1, 1, 0, 1),
	(289, 393, 149, 'angriff', 'gesundheit', -5, 1, 1, 1, 0, 1),
	(290, 394, 150, 'angriff', 'gesundheit', -5, 1, 1, 1, 0, 1),
	(291, 395, 149, 'angriff', 'gesundheit', -5, 1, 1, 1, 0, 1),
	(292, 396, 149, 'verteidigung', 'gesundheit', 7, 2, 2, 1, 0, 1),
	(293, 396, 149, 'verteidigung', 'initiative', 5, 2, 2, 1, 0, 1),
	(294, 400, 150, 'angriff', 'gesundheit', -5, 1, 1, 1, 0, 1),
	(295, 401, 149, 'angriff', 'gesundheit', -5, 1, 1, 1, 0, 1),
	(296, 405, 149, 'angriff', 'gesundheit', -5, 1, 1, 1, 0, 1),
	(297, 406, 150, 'angriff', 'gesundheit', -5, 1, 1, 1, 0, 1),
	(298, 407, 149, 'angriff', 'gesundheit', -5, 1, 1, 1, 0, 1),
	(299, 408, 150, 'angriff', 'gesundheit', -5, 1, 1, 1, 0, 1),
	(300, 412, 150, 'angriff', 'gesundheit', -5, 1, 1, 1, 0, 1),
	(301, 414, 150, 'angriff', 'gesundheit', -5, 1, 1, 1, 0, 1),
	(302, 417, 151, 'angriff', 'gesundheit', -5, 1, 1, 1, 0, 1),
	(303, 418, 151, 'angriff', 'gesundheit', -5, 1, 1, 1, 0, 1),
	(304, 419, 152, 'angriff', 'gesundheit', -9, 2, 2, 1, 0, 1),
	(305, 420, 152, 'angriff', 'gesundheit', -9, 2, 2, 1, 0, 1),
	(306, 422, 152, 'angriff', 'gesundheit', -9, 2, 2, 1, 0, 1),
	(307, 424, 152, 'angriff', 'gesundheit', -9, 1, 2, 1, 0, 0),
	(308, 425, 151, 'angriff', 'gesundheit', -5, 1, 1, 1, 0, 1),
	(309, 426, 154, 'angriff', 'gesundheit', -9, 2, 2, 1, 0, 1),
	(310, 430, 154, 'angriff', 'gesundheit', -9, 2, 2, 1, 0, 1),
	(311, 431, 153, 'angriff', 'gesundheit', -5, 1, 1, 1, 0, 1),
	(312, 432, 154, 'angriff', 'gesundheit', -9, 1, 2, 1, 0, 0),
	(313, 435, 155, 'angriff', 'gesundheit', -5, 1, 1, 1, 0, 1),
	(314, 437, 155, 'angriff', 'gesundheit', -5, 1, 1, 1, 0, 1),
	(315, 438, 156, 'angriff', 'gesundheit', -9, 2, 2, 1, 0, 1),
	(316, 440, 156, 'angriff', 'gesundheit', -9, 2, 2, 1, 0, 1),
	(317, 443, 155, 'angriff', 'gesundheit', -5, 1, 1, 1, 0, 1),
	(318, 444, 158, 'angriff', 'gesundheit', -5, 1, 1, 1, 0, 1),
	(319, 444, 158, 'angriff', 'initiative', -5, 1, 2, 0, 0, 0),
	(320, 444, 158, 'angriff', 'element_feuer', -10, 1, 3, 0, 0, 0),
	(321, 446, 158, 'angriff', 'gesundheit', -5, 0, 1, 1, 0, 0),
	(322, 446, 158, 'angriff', 'initiative', -5, 0, 2, 0, 0, 0),
	(323, 446, 158, 'angriff', 'element_feuer', -10, 0, 3, 0, 0, 0),
	(324, 447, 158, 'angriff', 'gesundheit', -5, 0, 1, 1, 0, 0),
	(325, 447, 158, 'angriff', 'initiative', -5, 0, 2, 0, 0, 0),
	(326, 447, 158, 'angriff', 'element_feuer', -10, 0, 3, 0, 0, 0),
	(327, 448, 158, 'angriff', 'gesundheit', -5, 0, 1, 1, 0, 0),
	(328, 449, 158, 'angriff', 'gesundheit', -5, 0, 1, 1, 0, 0),
	(329, 450, 158, 'angriff', 'gesundheit', -5, 0, 1, 1, 0, 0),
	(330, 451, 158, 'angriff', 'gesundheit', -5, 0, 1, 1, 0, 0),
	(331, 452, 160, 'angriff', 'gesundheit', -5, 1, 1, 1, 0, 1),
	(332, 452, 160, 'angriff', 'initiative', -5, 1, 2, 0, 0, 0),
	(333, 452, 160, 'angriff', 'element_feuer', -10, 1, 3, 0, 0, 0),
	(334, 454, 160, 'angriff', 'gesundheit', -5, 0, 1, 1, 0, 0),
	(335, 454, 160, 'angriff', 'initiative', -5, 0, 2, 0, 0, 0),
	(336, 454, 160, 'angriff', 'element_feuer', -10, 0, 3, 0, 0, 0),
	(337, 460, 161, 'angriff', 'gesundheit', -5, 1, 1, 1, 0, 1),
	(338, 461, 162, 'angriff', 'gesundheit', -5, 1, 1, 1, 0, 1),
	(339, 462, 161, 'angriff', 'gesundheit', -5, 1, 1, 1, 0, 1),
	(340, 465, 162, 'angriff', 'gesundheit', -5, 1, 1, 1, 0, 1),
	(341, 466, 161, 'angriff', 'gesundheit', -5, 1, 1, 1, 0, 1),
	(342, 467, 162, 'angriff', 'gesundheit', -5, 1, 1, 1, 0, 1),
	(343, 468, 161, 'angriff', 'gesundheit', -5, 1, 1, 1, 0, 1),
	(344, 469, 162, 'angriff', 'gesundheit', -5, 1, 1, 1, 0, 1),
	(345, 471, 162, 'angriff', 'gesundheit', -5, 1, 1, 1, 0, 1),
	(346, 478, 161, 'angriff', 'gesundheit', -5, 1, 1, 1, 0, 1),
	(347, 479, 162, 'angriff', 'gesundheit', -5, 1, 1, 1, 0, 1),
	(348, 483, 162, 'angriff', 'gesundheit', -5, 1, 1, 1, 0, 1),
	(349, 486, 163, 'angriff', 'gesundheit', -5, 1, 1, 1, 0, 1),
	(350, 488, 163, 'angriff', 'gesundheit', -5, 1, 1, 1, 0, 1),
	(351, 491, 164, 'angriff', 'gesundheit', -5, 1, 1, 1, 0, 1),
	(352, 492, 163, 'angriff', 'gesundheit', -5, 1, 1, 1, 0, 1),
	(353, 493, 164, 'angriff', 'gesundheit', -5, 1, 1, 1, 0, 1),
	(354, 499, 164, 'angriff', 'gesundheit', -5, 1, 1, 1, 0, 1),
	(355, 500, 163, 'angriff', 'gesundheit', -5, 1, 1, 1, 0, 1),
	(356, 501, 164, 'angriff', 'gesundheit', -5, 1, 1, 1, 0, 1),
	(357, 504, 163, 'angriff', 'gesundheit', -5, 1, 1, 1, 0, 1),
	(358, 505, 164, 'angriff', 'gesundheit', -5, 1, 1, 1, 0, 1),
	(359, 508, 163, 'angriff', 'gesundheit', -5, 1, 1, 1, 0, 1),
	(360, 511, 164, 'angriff', 'gesundheit', -5, 1, 1, 1, 0, 1),
	(361, 512, 163, 'angriff', 'gesundheit', -5, 1, 1, 1, 0, 1),
	(362, 513, 164, 'angriff', 'gesundheit', -5, 1, 1, 1, 0, 1),
	(363, 514, 163, 'angriff', 'gesundheit', -5, 1, 1, 1, 0, 1),
	(364, 515, 166, 'angriff', 'gesundheit', -5, 1, 1, 1, 0, 1),
	(365, 515, 166, 'angriff', 'initiative', -5, 2, 2, 0, 0, 1),
	(366, 515, 166, 'angriff', 'element_feuer', -10, 3, 3, 0, 0, 1),
	(367, 516, 165, 'angriff', 'gesundheit', -5, 1, 1, 1, 0, 1),
	(368, 517, 166, 'angriff', 'gesundheit', -5, 1, 1, 1, 0, 1),
	(369, 517, 166, 'angriff', 'initiative', -5, 2, 2, 0, 0, 1),
	(370, 517, 166, 'angriff', 'element_feuer', -10, 3, 3, 0, 0, 1),
	(371, 518, 165, 'angriff', 'gesundheit', -5, 1, 1, 1, 0, 1),
	(372, 520, 165, 'angriff', 'gesundheit', -5, 1, 1, 1, 0, 1),
	(373, 521, 165, 'verteidigung', 'gesundheit', 7, 2, 2, 1, 0, 1),
	(374, 521, 165, 'verteidigung', 'initiative', 5, 2, 2, 1, 0, 1),
	(375, 522, 165, 'angriff', 'gesundheit', -5, 1, 1, 1, 0, 1),
	(376, 523, 165, 'verteidigung', 'gesundheit', 7, 2, 2, 1, 0, 1),
	(377, 523, 165, 'verteidigung', 'initiative', 5, 2, 2, 1, 0, 1),
	(378, 525, 166, 'angriff', 'gesundheit', -9, 2, 2, 1, 0, 1),
	(379, 528, 165, 'angriff', 'gesundheit', -5, 1, 1, 1, 0, 1),
	(380, 529, 166, 'angriff', 'gesundheit', -5, 1, 1, 1, 0, 1),
	(381, 531, 166, 'angriff', 'gesundheit', -5, 1, 1, 1, 0, 1),
	(382, 532, 165, 'angriff', 'gesundheit', -5, 1, 1, 1, 0, 1),
	(383, 533, 168, 'verteidigung', 'ausweichen', 20, 3, 3, 0, 0, 1),
	(384, 533, 168, 'verteidigung', 'gesundheit', -1, 3, 3, 1, 0, 1),
	(385, 536, 167, 'angriff', 'gesundheit', -5, 1, 1, 1, 0, 1),
	(386, 540, 167, 'angriff', 'gesundheit', -5, 1, 1, 1, 0, 1),
	(387, 542, 167, 'angriff', 'gesundheit', -5, 1, 1, 1, 0, 1),
	(388, 544, 167, 'angriff', 'gesundheit', -5, 1, 1, 1, 0, 1),
	(389, 546, 167, 'angriff', 'gesundheit', -5, 1, 1, 1, 0, 1),
	(390, 550, 167, 'angriff', 'gesundheit', -5, 1, 1, 1, 0, 1),
	(391, 552, 167, 'angriff', 'gesundheit', -5, 1, 1, 1, 0, 1),
	(392, 554, 167, 'angriff', 'gesundheit', -5, 1, 1, 1, 0, 1),
	(393, 556, 167, 'angriff', 'gesundheit', -5, 1, 1, 1, 0, 1),
	(394, 558, 167, 'angriff', 'gesundheit', -5, 1, 1, 1, 0, 1),
	(395, 562, 167, 'angriff', 'gesundheit', -5, 1, 1, 1, 0, 1),
	(396, 570, 167, 'angriff', 'gesundheit', -5, 1, 1, 1, 0, 1),
	(397, 571, 170, 'verteidigung', 'ausweichen', 20, 3, 3, 0, 0, 1),
	(398, 571, 170, 'verteidigung', 'gesundheit', -1, 3, 3, 1, 0, 1),
	(399, 574, 169, 'angriff', 'gesundheit', -5, 1, 1, 1, 0, 1),
	(400, 575, 170, 'angriff', 'gesundheit', -5, 1, 1, 1, 0, 1),
	(401, 575, 170, 'angriff', 'initiative', -5, 2, 2, 0, 0, 1),
	(402, 575, 170, 'angriff', 'element_feuer', -10, 3, 3, 0, 0, 1),
	(403, 576, 169, 'angriff', 'gesundheit', -5, 1, 1, 1, 0, 1),
	(404, 577, 170, 'angriff', 'gesundheit', -5, 1, 1, 1, 0, 1),
	(405, 577, 170, 'angriff', 'initiative', -5, 2, 2, 0, 0, 1),
	(406, 577, 170, 'angriff', 'element_feuer', -10, 3, 3, 0, 0, 1),
	(407, 578, 169, 'angriff', 'gesundheit', -5, 1, 1, 1, 0, 1),
	(408, 580, 169, 'angriff', 'gesundheit', -5, 1, 1, 1, 0, 1),
	(409, 581, 169, 'verteidigung', 'gesundheit', 7, 2, 2, 1, 0, 1),
	(410, 581, 169, 'verteidigung', 'initiative', 5, 2, 2, 1, 0, 1),
	(411, 582, 169, 'angriff', 'gesundheit', -5, 1, 1, 1, 0, 1),
	(412, 583, 170, 'angriff', 'gesundheit', -5, 1, 1, 1, 0, 1),
	(413, 585, 170, 'angriff', 'gesundheit', -5, 1, 1, 1, 0, 1),
	(414, 587, 170, 'angriff', 'gesundheit', -5, 1, 1, 1, 0, 1),
	(415, 589, 170, 'angriff', 'gesundheit', -5, 1, 1, 1, 0, 1),
	(416, 590, 169, 'angriff', 'gesundheit', -5, 1, 1, 1, 0, 1),
	(417, 591, 170, 'angriff', 'gesundheit', -5, 1, 1, 1, 0, 1),
	(418, 592, 169, 'angriff', 'gesundheit', -5, 1, 1, 1, 0, 1),
	(419, 593, 172, 'angriff', 'gesundheit', -5, 1, 1, 1, 0, 1),
	(420, 594, 171, 'angriff', 'gesundheit', -5, 1, 1, 1, 0, 1),
	(421, 595, 172, 'angriff', 'gesundheit', -5, 1, 1, 1, 0, 1),
	(422, 596, 171, 'angriff', 'gesundheit', -5, 1, 1, 1, 0, 1),
	(423, 597, 172, 'angriff', 'gesundheit', -5, 1, 1, 1, 0, 1),
	(424, 599, 172, 'angriff', 'gesundheit', -5, 1, 1, 1, 0, 1),
	(425, 601, 171, 'verteidigung', 'gesundheit', 7, 2, 2, 1, 0, 1),
	(426, 601, 171, 'verteidigung', 'initiative', 5, 2, 2, 1, 0, 1),
	(427, 602, 171, 'angriff', 'gesundheit', -5, 1, 1, 1, 0, 1),
	(428, 603, 171, 'verteidigung', 'gesundheit', 7, 2, 2, 1, 0, 1),
	(429, 603, 171, 'verteidigung', 'initiative', 5, 2, 2, 1, 0, 1),
	(430, 605, 171, 'verteidigung', 'gesundheit', 7, 2, 2, 1, 0, 1),
	(431, 605, 171, 'verteidigung', 'initiative', 5, 2, 2, 1, 0, 1),
	(432, 606, 171, 'angriff', 'gesundheit', -5, 1, 1, 1, 0, 1),
	(433, 607, 171, 'verteidigung', 'gesundheit', 7, 2, 2, 1, 0, 1),
	(434, 607, 171, 'verteidigung', 'initiative', 5, 2, 2, 1, 0, 1),
	(435, 608, 171, 'angriff', 'gesundheit', -5, 1, 1, 1, 0, 1),
	(436, 609, 172, 'angriff', 'gesundheit', -5, 1, 1, 1, 0, 1),
	(437, 610, 172, 'angriff', 'gesundheit', -5, 1, 1, 1, 0, 1),
	(438, 611, 171, 'angriff', 'gesundheit', -5, 1, 1, 1, 0, 1),
	(439, 612, 173, 'verteidigung', 'gesundheit', 7, 2, 2, 1, 0, 1),
	(440, 612, 173, 'verteidigung', 'initiative', 5, 2, 2, 1, 0, 1),
	(441, 614, 173, 'verteidigung', 'gesundheit', 7, 2, 2, 1, 0, 1),
	(442, 614, 173, 'verteidigung', 'initiative', 5, 2, 2, 1, 0, 1),
	(443, 617, 173, 'angriff', 'gesundheit', -5, 1, 1, 1, 0, 1),
	(444, 618, 173, 'verteidigung', 'gesundheit', 7, 2, 2, 1, 0, 1),
	(445, 618, 173, 'verteidigung', 'initiative', 5, 2, 2, 1, 0, 1),
	(446, 619, 173, 'angriff', 'gesundheit', -5, 1, 1, 1, 0, 1),
	(447, 620, 173, 'verteidigung', 'gesundheit', 7, 2, 2, 1, 0, 1),
	(448, 620, 173, 'verteidigung', 'initiative', 5, 2, 2, 1, 0, 1),
	(449, 622, 173, 'verteidigung', 'gesundheit', 7, 2, 2, 1, 0, 1),
	(450, 622, 173, 'verteidigung', 'initiative', 5, 2, 2, 1, 0, 1),
	(451, 624, 173, 'verteidigung', 'gesundheit', 7, 2, 2, 1, 0, 1),
	(452, 624, 173, 'verteidigung', 'initiative', 5, 2, 2, 1, 0, 1),
	(453, 626, 174, 'verteidigung', 'ausweichen', 20, 3, 3, 0, 0, 1),
	(454, 626, 174, 'verteidigung', 'gesundheit', -1, 3, 3, 1, 0, 1),
	(455, 627, 174, 'verteidigung', 'ausweichen', 20, 3, 3, 0, 0, 1),
	(456, 627, 174, 'verteidigung', 'gesundheit', -1, 3, 3, 1, 0, 1),
	(457, 628, 173, 'angriff', 'gesundheit', -5, 1, 1, 1, 0, 1),
	(458, 629, 174, 'angriff', 'gesundheit', -5, 1, 1, 1, 0, 1),
	(459, 632, 174, 'angriff', 'gesundheit', -5, 1, 1, 1, 0, 1),
	(460, 633, 174, 'angriff', 'gesundheit', -5, 1, 1, 1, 0, 1),
	(461, 636, 173, 'angriff', 'gesundheit', -5, 1, 1, 1, 0, 1),
	(462, 638, 173, 'angriff', 'gesundheit', -5, 1, 1, 1, 0, 1),
	(463, 639, 174, 'angriff', 'gesundheit', -5, 1, 1, 1, 0, 1),
	(464, 644, 173, 'angriff', 'gesundheit', -5, 1, 1, 1, 0, 1),
	(465, 645, 174, 'angriff', 'gesundheit', -5, 1, 1, 1, 0, 1),
	(466, 647, 174, 'angriff', 'gesundheit', -5, 1, 1, 1, 0, 1),
	(467, 648, 174, 'angriff', 'gesundheit', -5, 1, 1, 1, 0, 1),
	(468, 649, 173, 'angriff', 'gesundheit', -5, 1, 1, 1, 0, 1),
	(469, 650, 176, 'verteidigung', 'ausweichen', 20, 3, 3, 0, 0, 1),
	(470, 650, 176, 'verteidigung', 'gesundheit', -1, 3, 3, 1, 0, 1),
	(471, 651, 176, 'verteidigung', 'ausweichen', 20, 3, 3, 0, 0, 1),
	(472, 651, 176, 'verteidigung', 'gesundheit', -1, 3, 3, 1, 0, 1),
	(473, 652, 176, 'verteidigung', 'ausweichen', 20, 3, 3, 0, 0, 1),
	(474, 652, 176, 'verteidigung', 'gesundheit', -1, 3, 3, 1, 0, 1),
	(475, 653, 175, 'verteidigung', 'gesundheit', 7, 2, 2, 1, 0, 1),
	(476, 653, 175, 'verteidigung', 'initiative', 5, 2, 2, 1, 0, 1),
	(477, 654, 175, 'verteidigung', 'gesundheit', 7, 2, 2, 1, 0, 1),
	(478, 654, 175, 'verteidigung', 'initiative', 5, 2, 2, 1, 0, 1),
	(479, 655, 175, 'verteidigung', 'gesundheit', 7, 2, 2, 1, 0, 1),
	(480, 655, 175, 'verteidigung', 'initiative', 5, 2, 2, 1, 0, 1),
	(481, 656, 175, 'verteidigung', 'gesundheit', 7, 2, 2, 1, 0, 1),
	(482, 656, 175, 'verteidigung', 'initiative', 5, 2, 2, 1, 0, 1),
	(483, 658, 175, 'verteidigung', 'gesundheit', 7, 2, 2, 1, 0, 1),
	(484, 658, 175, 'verteidigung', 'initiative', 5, 2, 2, 1, 0, 1),
	(485, 659, 175, 'angriff', 'gesundheit', -5, 1, 1, 1, 0, 1),
	(486, 660, 175, 'verteidigung', 'gesundheit', 7, 2, 2, 1, 0, 1),
	(487, 660, 175, 'verteidigung', 'initiative', 5, 2, 2, 1, 0, 1),
	(488, 661, 175, 'angriff', 'gesundheit', -5, 1, 1, 1, 0, 1),
	(489, 665, 176, 'angriff', 'gesundheit', -5, 1, 1, 1, 0, 1),
	(490, 666, 176, 'angriff', 'gesundheit', -5, 1, 1, 1, 0, 1),
	(491, 667, 176, 'angriff', 'gesundheit', -5, 1, 1, 1, 0, 1),
	(492, 668, 176, 'angriff', 'gesundheit', -5, 1, 1, 1, 0, 1),
	(493, 669, 175, 'angriff', 'gesundheit', -5, 1, 1, 1, 0, 1),
	(494, 672, 175, 'angriff', 'gesundheit', -5, 1, 1, 1, 0, 1),
	(495, 673, 176, 'angriff', 'gesundheit', -5, 1, 1, 1, 0, 1),
	(496, 674, 175, 'angriff', 'gesundheit', -5, 1, 1, 1, 0, 1),
	(497, 675, 176, 'angriff', 'gesundheit', -5, 1, 1, 1, 0, 1),
	(498, 676, 176, 'angriff', 'gesundheit', -5, 1, 1, 1, 0, 1),
	(499, 677, 175, 'angriff', 'gesundheit', -5, 1, 1, 1, 0, 1),
	(500, 678, 178, 'verteidigung', 'ausweichen', 20, 3, 3, 0, 0, 1),
	(501, 678, 178, 'verteidigung', 'gesundheit', -1, 3, 3, 1, 0, 1),
	(502, 679, 178, 'verteidigung', 'ausweichen', 20, 3, 3, 0, 0, 1),
	(503, 679, 178, 'verteidigung', 'gesundheit', -1, 3, 3, 1, 0, 1),
	(504, 680, 178, 'verteidigung', 'ausweichen', 20, 3, 3, 0, 0, 1),
	(505, 680, 178, 'verteidigung', 'gesundheit', -1, 3, 3, 1, 0, 1),
	(506, 685, 177, 'angriff', 'gesundheit', -5, 1, 1, 1, 0, 1),
	(507, 686, 178, 'angriff', 'gesundheit', -5, 1, 1, 1, 0, 1),
	(508, 687, 177, 'angriff', 'gesundheit', -5, 1, 1, 1, 0, 1),
	(509, 689, 177, 'angriff', 'gesundheit', -5, 1, 1, 1, 0, 1),
	(510, 690, 177, 'verteidigung', 'gesundheit', 7, 2, 2, 1, 0, 1),
	(511, 690, 177, 'verteidigung', 'initiative', 5, 2, 2, 1, 0, 1),
	(512, 692, 177, 'verteidigung', 'gesundheit', 7, 2, 2, 1, 0, 1),
	(513, 692, 177, 'verteidigung', 'initiative', 5, 2, 2, 1, 0, 1),
	(514, 693, 177, 'angriff', 'gesundheit', -5, 1, 1, 1, 0, 1),
	(515, 694, 177, 'verteidigung', 'gesundheit', 7, 2, 2, 1, 0, 1),
	(516, 694, 177, 'verteidigung', 'initiative', 5, 2, 2, 1, 0, 1),
	(517, 696, 177, 'verteidigung', 'gesundheit', 7, 2, 2, 1, 0, 1),
	(518, 696, 177, 'verteidigung', 'initiative', 5, 2, 2, 1, 0, 1),
	(519, 698, 177, 'verteidigung', 'gesundheit', 7, 2, 2, 1, 0, 1),
	(520, 698, 177, 'verteidigung', 'initiative', 5, 2, 2, 1, 0, 1),
	(521, 700, 178, 'angriff', 'gesundheit', -5, 1, 1, 1, 0, 1),
	(522, 700, 178, 'angriff', 'initiative', -5, 2, 2, 0, 0, 1),
	(523, 700, 178, 'angriff', 'element_feuer', -10, 3, 3, 0, 0, 0),
	(524, 702, 178, 'angriff', 'gesundheit', -9, 2, 2, 1, 0, 1),
	(525, 704, 177, 'angriff', 'gesundheit', -5, 1, 1, 1, 0, 1),
	(526, 705, 178, 'angriff', 'gesundheit', -5, 1, 1, 1, 0, 1),
	(527, 706, 177, 'angriff', 'gesundheit', -5, 1, 1, 1, 0, 1),
	(528, 710, 179, 'verteidigung', 'gesundheit', 7, 2, 2, 1, 0, 1),
	(529, 710, 179, 'verteidigung', 'initiative', 5, 2, 2, 1, 0, 1),
	(530, 711, 179, 'angriff', 'gesundheit', -5, 1, 1, 1, 0, 1),
	(531, 712, 179, 'verteidigung', 'gesundheit', 7, 2, 2, 1, 0, 1),
	(532, 712, 179, 'verteidigung', 'initiative', 5, 2, 2, 1, 0, 1),
	(533, 713, 179, 'angriff', 'gesundheit', -5, 1, 1, 1, 0, 1),
	(534, 714, 179, 'verteidigung', 'gesundheit', 7, 2, 2, 1, 0, 1),
	(535, 714, 179, 'verteidigung', 'initiative', 5, 2, 2, 1, 0, 1),
	(536, 716, 180, 'angriff', 'gesundheit', -9, 2, 2, 1, 0, 1),
	(537, 718, 179, 'verteidigung', 'gesundheit', 7, 2, 2, 1, 0, 1),
	(538, 718, 179, 'verteidigung', 'initiative', 5, 2, 2, 1, 0, 1),
	(539, 720, 179, 'verteidigung', 'gesundheit', 7, 2, 2, 1, 0, 1),
	(540, 720, 179, 'verteidigung', 'initiative', 5, 2, 2, 1, 0, 1),
	(541, 721, 179, 'angriff', 'gesundheit', -5, 1, 1, 1, 0, 1),
	(542, 724, 179, 'angriff', 'gesundheit', -5, 1, 1, 1, 0, 1),
	(543, 725, 180, 'angriff', 'gesundheit', -5, 1, 1, 1, 0, 1),
	(544, 726, 179, 'angriff', 'gesundheit', -5, 1, 1, 1, 0, 1),
	(545, 730, 180, 'angriff', 'gesundheit', -5, 1, 1, 1, 0, 1),
	(546, 732, 180, 'angriff', 'gesundheit', -5, 1, 1, 1, 0, 1),
	(547, 733, 180, 'angriff', 'gesundheit', -5, 1, 1, 1, 0, 1),
	(548, 734, 179, 'angriff', 'gesundheit', -5, 1, 1, 1, 0, 1),
	(549, 735, 182, 'verteidigung', 'ausweichen', 20, 3, 3, 0, 0, 1),
	(550, 735, 182, 'verteidigung', 'gesundheit', -1, 3, 3, 1, 0, 1),
	(551, 736, 182, 'verteidigung', 'ausweichen', 20, 3, 3, 0, 0, 1),
	(552, 736, 182, 'verteidigung', 'gesundheit', -1, 3, 3, 1, 0, 1),
	(553, 737, 182, 'verteidigung', 'ausweichen', 20, 3, 3, 0, 0, 1),
	(554, 737, 182, 'verteidigung', 'gesundheit', -1, 3, 3, 1, 0, 1),
	(555, 739, 182, 'angriff', 'gesundheit', -9, 2, 2, 1, 0, 1),
	(556, 740, 181, 'verteidigung', 'gesundheit', 7, 2, 2, 1, 0, 1),
	(557, 740, 181, 'verteidigung', 'initiative', 5, 2, 2, 1, 0, 1),
	(558, 741, 181, 'verteidigung', 'gesundheit', 7, 2, 2, 1, 0, 1),
	(559, 741, 181, 'verteidigung', 'initiative', 5, 2, 2, 1, 0, 1),
	(560, 742, 181, 'angriff', 'gesundheit', -5, 1, 1, 1, 0, 1),
	(561, 743, 181, 'verteidigung', 'gesundheit', 7, 2, 2, 1, 0, 1),
	(562, 743, 181, 'verteidigung', 'initiative', 5, 2, 2, 1, 0, 1),
	(563, 744, 181, 'angriff', 'gesundheit', -5, 1, 1, 1, 0, 1),
	(564, 745, 181, 'verteidigung', 'gesundheit', 7, 2, 2, 1, 0, 1),
	(565, 745, 181, 'verteidigung', 'initiative', 5, 2, 2, 1, 0, 1),
	(566, 746, 181, 'angriff', 'gesundheit', -5, 1, 1, 1, 0, 1),
	(567, 750, 181, 'angriff', 'gesundheit', -5, 1, 1, 1, 0, 1),
	(568, 754, 182, 'angriff', 'gesundheit', -5, 1, 1, 1, 0, 1),
	(569, 757, 181, 'angriff', 'gesundheit', -5, 1, 1, 1, 0, 1),
	(570, 758, 182, 'angriff', 'gesundheit', -5, 1, 1, 1, 0, 1),
	(571, 759, 182, 'angriff', 'gesundheit', -5, 1, 1, 1, 0, 1),
	(572, 760, 181, 'angriff', 'gesundheit', -5, 1, 1, 1, 0, 1),
	(573, 761, 184, 'angriff', 'gesundheit', -5, 1, 1, 1, 0, 1),
	(574, 766, 183, 'angriff', 'gesundheit', -5, 1, 1, 1, 0, 1),
	(575, 767, 184, 'angriff', 'gesundheit', -5, 1, 1, 1, 0, 1),
	(576, 769, 184, 'angriff', 'gesundheit', -9, 2, 2, 1, 0, 1),
	(577, 770, 183, 'angriff', 'gesundheit', -5, 1, 1, 1, 0, 1),
	(578, 771, 184, 'angriff', 'gesundheit', -9, 1, 2, 1, 0, 0),
	(579, 777, 186, 'angriff', 'gesundheit', -5, 1, 1, 1, 0, 1),
	(580, 778, 185, 'angriff', 'gesundheit', -5, 1, 1, 1, 0, 1),
	(581, 779, 186, 'angriff', 'gesundheit', -5, 1, 1, 1, 0, 1),
	(582, 781, 185, 'verteidigung', 'gesundheit', 7, 2, 2, 1, 0, 1),
	(583, 781, 185, 'verteidigung', 'initiative', 5, 2, 2, 1, 0, 1),
	(584, 783, 186, 'angriff', 'gesundheit', -5, 1, 1, 1, 0, 1),
	(585, 785, 186, 'angriff', 'gesundheit', -9, 2, 2, 1, 0, 1),
	(586, 786, 185, 'angriff', 'gesundheit', -5, 1, 1, 1, 0, 1),
	(587, 787, 186, 'angriff', 'gesundheit', -9, 1, 2, 1, 0, 0),
	(588, 788, 185, 'angriff', 'gesundheit', -5, 1, 1, 1, 0, 1),
	(589, 791, 187, 'verteidigung', 'gesundheit', 7, 2, 2, 1, 0, 1),
	(590, 791, 187, 'verteidigung', 'initiative', 5, 2, 2, 1, 0, 1),
	(591, 792, 187, 'angriff', 'gesundheit', -5, 1, 1, 1, 0, 1),
	(592, 793, 187, 'verteidigung', 'gesundheit', 7, 2, 2, 1, 0, 1),
	(593, 793, 187, 'verteidigung', 'initiative', 5, 2, 2, 1, 0, 1),
	(594, 794, 187, 'angriff', 'gesundheit', -5, 1, 1, 1, 0, 1),
	(595, 795, 187, 'verteidigung', 'gesundheit', 7, 2, 2, 1, 0, 1),
	(596, 795, 187, 'verteidigung', 'initiative', 5, 2, 2, 1, 0, 1),
	(597, 797, 187, 'verteidigung', 'gesundheit', 7, 2, 2, 1, 0, 1),
	(598, 797, 187, 'verteidigung', 'initiative', 5, 2, 2, 1, 0, 1),
	(599, 799, 187, 'verteidigung', 'gesundheit', 7, 2, 2, 1, 0, 1),
	(600, 799, 187, 'verteidigung', 'initiative', 5, 2, 2, 1, 0, 1),
	(601, 801, 187, 'verteidigung', 'gesundheit', 7, 2, 2, 1, 0, 1),
	(602, 801, 187, 'verteidigung', 'initiative', 5, 2, 2, 1, 0, 1),
	(603, 803, 187, 'verteidigung', 'gesundheit', 7, 2, 2, 1, 0, 1),
	(604, 803, 187, 'verteidigung', 'initiative', 5, 2, 2, 1, 0, 1),
	(605, 805, 187, 'angriff', 'gesundheit', -5, 1, 1, 1, 0, 1),
	(606, 806, 188, 'angriff', 'gesundheit', -5, 1, 1, 1, 1, 1),
	(607, 807, 188, 'angriff', 'gesundheit', -5, 1, 1, 1, 1, 1),
	(608, 809, 188, 'angriff', 'gesundheit', -5, 1, 1, 1, 1, 1),
	(609, 810, 187, 'angriff', 'gesundheit', -5, 1, 1, 1, 0, 1),
	(610, 811, 188, 'angriff', 'gesundheit', -5, 1, 1, 1, 1, 1),
	(611, 812, 188, 'angriff', 'gesundheit', -5, 1, 1, 1, 1, 1),
	(612, 813, 187, 'angriff', 'gesundheit', -5, 1, 1, 1, 0, 1),
	(613, 817, 188, 'angriff', 'gesundheit', -5, 1, 1, 1, 1, 1),
	(614, 818, 187, 'angriff', 'gesundheit', -5, 1, 1, 1, 0, 1),
	(615, 819, 188, 'angriff', 'gesundheit', -5, 1, 1, 1, 1, 1),
	(616, 820, 190, 'angriff', 'gesundheit', -9, 2, 2, 1, 1, 1),
	(617, 822, 190, 'angriff', 'gesundheit', -5, 1, 1, 1, 1, 1),
	(618, 824, 190, 'angriff', 'gesundheit', -5, 1, 1, 1, 1, 1),
	(619, 825, 189, 'angriff', 'gesundheit', -5, 1, 1, 1, 0, 1),
	(620, 827, 190, 'angriff', 'gesundheit', -5, 1, 1, 1, 1, 1),
	(621, 828, 190, 'angriff', 'gesundheit', -9, 2, 2, 1, 1, 1),
	(622, 829, 189, 'verteidigung', 'gesundheit', 7, 2, 2, 1, 0, 1),
	(623, 829, 189, 'verteidigung', 'initiative', 5, 2, 2, 1, 0, 1),
	(624, 830, 189, 'verteidigung', 'gesundheit', 7, 2, 2, 1, 0, 1),
	(625, 830, 189, 'verteidigung', 'initiative', 5, 2, 2, 1, 0, 1),
	(626, 831, 189, 'angriff', 'gesundheit', -5, 1, 1, 1, 0, 1),
	(627, 832, 189, 'verteidigung', 'gesundheit', 7, 1, 2, 1, 0, 0),
	(628, 832, 189, 'verteidigung', 'initiative', 5, 1, 2, 1, 0, 0),
	(629, 833, 192, 'angriff', 'gesundheit', -5, 1, 1, 1, 1, 1),
	(630, 833, 192, 'angriff', 'initiative', -5, 2, 2, 0, 1, 1),
	(631, 833, 192, 'angriff', 'element_feuer', -10, 3, 3, 0, 1, 1),
	(632, 834, 192, 'angriff', 'gesundheit', -5, 1, 1, 1, 1, 1),
	(633, 835, 191, 'angriff', 'gesundheit', -5, 1, 1, 1, 0, 1),
	(634, 836, 192, 'angriff', 'gesundheit', -5, 1, 1, 1, 1, 1),
	(635, 838, 191, 'angriff', 'gesundheit', -5, 1, 1, 1, 0, 1),
	(636, 839, 192, 'angriff', 'gesundheit', -5, 1, 1, 1, 1, 1),
	(637, 840, 192, 'angriff', 'gesundheit', -5, 1, 1, 1, 1, 1),
	(638, 841, 191, 'angriff', 'gesundheit', -5, 1, 1, 1, 0, 1),
	(639, 843, 192, 'angriff', 'gesundheit', -5, 1, 1, 1, 1, 1),
	(640, 845, 191, 'verteidigung', 'gesundheit', 7, 2, 2, 1, 0, 1),
	(641, 845, 191, 'verteidigung', 'initiative', 5, 2, 2, 1, 0, 1),
	(642, 846, 191, 'verteidigung', 'gesundheit', 7, 2, 2, 1, 0, 1),
	(643, 846, 191, 'verteidigung', 'initiative', 5, 2, 2, 1, 0, 1),
	(644, 847, 191, 'verteidigung', 'gesundheit', 7, 2, 2, 1, 0, 1),
	(645, 847, 191, 'verteidigung', 'initiative', 5, 2, 2, 1, 0, 1),
	(646, 848, 191, 'angriff', 'gesundheit', -5, 1, 1, 1, 0, 1),
	(647, 849, 192, 'angriff', 'gesundheit', -5, 1, 1, 1, 1, 1),
	(648, 850, 193, 'verteidigung', 'gesundheit', 7, 2, 2, 1, 0, 1),
	(649, 850, 193, 'verteidigung', 'initiative', 5, 2, 2, 1, 0, 1),
	(650, 852, 193, 'angriff', 'gesundheit', 0, 1, 1, 1, 0, 1),
	(651, 854, 194, 'angriff', 'gesundheit', 0, 1, 1, 1, 1, 1),
	(652, 856, 194, 'angriff', 'gesundheit', 0, 1, 1, 1, 1, 1),
	(653, 858, 193, 'angriff', 'gesundheit', 0, 1, 1, 1, 0, 1),
	(654, 859, 194, 'angriff', 'gesundheit', -5, 1, 1, 1, 1, 1),
	(655, 859, 194, 'angriff', 'initiative', -5, 2, 2, 0, 1, 1),
	(656, 859, 194, 'angriff', 'element_feuer', -10, 3, 3, 0, 1, 1),
	(657, 860, 194, 'angriff', 'gesundheit', -9, 2, 2, 1, 1, 1),
	(658, 862, 194, 'angriff', 'gesundheit', 0, 1, 1, 1, 1, 1),
	(659, 863, 194, 'angriff', 'gesundheit', 0, 1, 1, 1, 1, 1),
	(660, 864, 194, 'angriff', 'gesundheit', 0, 1, 1, 1, 1, 1),
	(661, 866, 194, 'angriff', 'gesundheit', 0, 1, 1, 1, 1, 1),
	(662, 868, 194, 'angriff', 'gesundheit', 0, 1, 1, 1, 1, 1),
	(663, 869, 193, 'angriff', 'gesundheit', 0, 1, 1, 1, 0, 1),
	(664, 871, 194, 'angriff', 'gesundheit', 0, 1, 1, 1, 1, 1),
	(665, 872, 193, 'angriff', 'gesundheit', 0, 1, 1, 1, 0, 1),
	(666, 873, 193, 'verteidigung', 'gesundheit', 7, 2, 2, 1, 0, 1),
	(667, 873, 193, 'verteidigung', 'initiative', 5, 2, 2, 1, 0, 1),
	(668, 874, 194, 'angriff', 'gesundheit', 0, 1, 1, 1, 1, 1),
	(669, 878, 194, 'angriff', 'gesundheit', 0, 1, 1, 1, 1, 1),
	(670, 880, 194, 'angriff', 'gesundheit', -5, 1, 1, 1, 1, 1),
	(671, 880, 194, 'angriff', 'initiative', -5, 2, 2, 0, 1, 1),
	(672, 880, 194, 'angriff', 'element_feuer', -10, 3, 3, 0, 1, 1),
	(673, 882, 193, 'angriff', 'gesundheit', 0, 1, 1, 1, 0, 1),
	(674, 883, 194, 'angriff', 'gesundheit', 0, 1, 1, 1, 1, 1),
	(675, 884, 194, 'angriff', 'gesundheit', 0, 1, 1, 1, 1, 1),
	(676, 887, 194, 'angriff', 'gesundheit', 0, 1, 1, 1, 1, 1),
	(677, 888, 194, 'angriff', 'gesundheit', 0, 1, 1, 1, 1, 1),
	(678, 890, 194, 'angriff', 'gesundheit', 0, 1, 1, 1, 1, 1),
	(679, 891, 194, 'angriff', 'gesundheit', -5, 1, 1, 1, 1, 1),
	(680, 891, 194, 'angriff', 'initiative', -5, 2, 2, 0, 1, 1),
	(681, 891, 194, 'angriff', 'element_feuer', -10, 3, 3, 0, 1, 1),
	(682, 892, 194, 'angriff', 'gesundheit', 0, 1, 1, 1, 1, 1),
	(683, 894, 194, 'angriff', 'gesundheit', 0, 1, 1, 1, 1, 1),
	(684, 895, 194, 'angriff', 'gesundheit', 0, 1, 1, 1, 1, 1),
	(685, 896, 194, 'angriff', 'gesundheit', 0, 1, 1, 1, 1, 1),
	(686, 897, 193, 'angriff', 'gesundheit', 0, 1, 1, 1, 0, 1),
	(687, 899, 194, 'angriff', 'gesundheit', 0, 1, 1, 1, 1, 1),
	(688, 900, 193, 'angriff', 'gesundheit', 0, 1, 1, 1, 0, 1),
	(689, 901, 194, 'angriff', 'gesundheit', 0, 1, 1, 1, 1, 1),
	(690, 902, 194, 'angriff', 'gesundheit', 0, 1, 1, 1, 1, 1),
	(691, 903, 194, 'angriff', 'gesundheit', 0, 1, 1, 1, 1, 1),
	(692, 907, 193, 'angriff', 'gesundheit', -5, 1, 1, 1, 0, 1),
	(693, 909, 194, 'angriff', 'gesundheit', -5, 1, 1, 1, 1, 1),
	(694, 910, 195, 'verteidigung', 'gesundheit', 7, 2, 2, 1, 0, 1),
	(695, 910, 195, 'verteidigung', 'initiative', 5, 2, 2, 1, 0, 1),
	(696, 911, 195, 'verteidigung', 'gesundheit', 7, 2, 2, 1, 0, 1),
	(697, 911, 195, 'verteidigung', 'initiative', 5, 2, 2, 1, 0, 1),
	(698, 912, 195, 'angriff', 'gesundheit', -5, 1, 1, 1, 0, 1),
	(699, 913, 195, 'verteidigung', 'gesundheit', 7, 2, 2, 1, 0, 1),
	(700, 913, 195, 'verteidigung', 'initiative', 5, 2, 2, 1, 0, 1),
	(701, 914, 195, 'verteidigung', 'gesundheit', 7, 2, 2, 1, 0, 1),
	(702, 914, 195, 'verteidigung', 'initiative', 5, 2, 2, 1, 0, 1),
	(703, 915, 195, 'angriff', 'gesundheit', -5, 1, 1, 1, 0, 1),
	(704, 916, 195, 'verteidigung', 'gesundheit', 7, 2, 2, 1, 0, 1),
	(705, 916, 195, 'verteidigung', 'initiative', 5, 2, 2, 1, 0, 1),
	(706, 917, 195, 'verteidigung', 'gesundheit', 7, 2, 2, 1, 0, 1),
	(707, 917, 195, 'verteidigung', 'initiative', 5, 2, 2, 1, 0, 1),
	(708, 918, 195, 'verteidigung', 'gesundheit', 7, 2, 2, 1, 0, 1),
	(709, 918, 195, 'verteidigung', 'initiative', 5, 2, 2, 1, 0, 1),
	(710, 919, 195, 'angriff', 'gesundheit', -5, 1, 1, 1, 0, 1),
	(711, 921, 196, 'angriff', 'gesundheit', -5, 1, 1, 1, 1, 1),
	(712, 924, 196, 'angriff', 'gesundheit', -5, 1, 1, 1, 1, 1),
	(713, 925, 196, 'angriff', 'gesundheit', -5, 1, 1, 1, 1, 1),
	(714, 926, 196, 'angriff', 'gesundheit', -5, 1, 1, 1, 1, 1),
	(715, 928, 195, 'angriff', 'gesundheit', -5, 1, 1, 1, 0, 1),
	(716, 934, 196, 'angriff', 'gesundheit', -5, 1, 1, 1, 1, 1),
	(717, 935, 196, 'angriff', 'gesundheit', -5, 1, 1, 1, 1, 1),
	(718, 936, 196, 'angriff', 'gesundheit', -5, 1, 1, 1, 1, 1),
	(719, 940, 199, 'angriff', 'gesundheit', -9, 2, 2, 1, 1, 1),
	(720, 941, 197, 'angriff', 'gesundheit', -5, 1, 1, 1, 0, 1),
	(721, 943, 198, 'angriff', 'gesundheit', -9, 2, 2, 1, 1, 1),
	(722, 944, 198, 'angriff', 'gesundheit', -9, 2, 2, 1, 1, 1),
	(723, 947, 198, 'angriff', 'gesundheit', -5, 1, 1, 1, 1, 1),
	(724, 950, 205, 'angriff', 'gesundheit', -9, 2, 2, 1, 0, 1),
	(725, 951, 203, 'angriff', 'gesundheit', -5, 1, 1, 1, 0, 1),
	(726, 952, 203, 'angriff', 'gesundheit', -5, 1, 1, 1, 0, 1),
	(727, 955, 206, 'angriff', 'gesundheit', -9, 2, 2, 1, 1, 1),
	(728, 956, 203, 'angriff', 'gesundheit', -5, 1, 1, 1, 0, 1),
	(729, 958, 203, 'verteidigung', 'gesundheit', 7, 2, 2, 1, 0, 1),
	(730, 958, 203, 'verteidigung', 'initiative', 5, 2, 2, 1, 0, 1),
	(731, 959, 204, 'angriff', 'gesundheit', -5, 1, 1, 1, 1, 1),
	(732, 959, 204, 'angriff', 'initiative', -5, 2, 2, 0, 1, 1),
	(733, 959, 204, 'angriff', 'element_feuer', -10, 3, 3, 0, 1, 1),
	(734, 960, 203, 'angriff', 'gesundheit', -5, 1, 1, 1, 0, 1),
	(735, 961, 204, 'angriff', 'gesundheit', -9, 2, 2, 1, 1, 1),
	(736, 962, 204, 'angriff', 'gesundheit', -9, 2, 2, 1, 1, 1),
	(737, 965, 203, 'verteidigung', 'gesundheit', 7, 1, 2, 1, 0, 0),
	(738, 965, 203, 'verteidigung', 'initiative', 5, 1, 2, 1, 0, 0),
	(739, 967, 208, 'angriff', 'ausweichen', -10, 3, 3, 0, 1, 1),
	(740, 972, 208, 'angriff', 'gesundheit', -5, 1, 1, 1, 1, 1),
	(741, 973, 208, 'angriff', 'gesundheit', -5, 1, 1, 1, 1, 1),
	(742, 974, 207, 'angriff', 'gesundheit', -5, 1, 1, 1, 0, 1),
	(743, 975, 208, 'angriff', 'gesundheit', -5, 1, 1, 1, 1, 1),
	(744, 982, 208, 'angriff', 'gesundheit', -5, 1, 1, 1, 1, 1),
	(745, 983, 207, 'angriff', 'gesundheit', -5, 1, 1, 1, 0, 1),
	(746, 984, 207, 'verteidigung', 'gesundheit', 7, 2, 2, 1, 0, 1),
	(747, 984, 207, 'verteidigung', 'initiative', 5, 2, 2, 1, 0, 1),
	(748, 988, 208, 'angriff', 'ausweichen', -10, 3, 3, 0, 1, 1),
	(749, 989, 208, 'angriff', 'ausweichen', -10, 3, 3, 0, 1, 1),
	(750, 990, 207, 'angriff', 'gesundheit', -5, 1, 1, 1, 0, 1),
	(751, 993, 207, 'angriff', 'gesundheit', -5, 1, 1, 1, 0, 1),
	(752, 994, 208, 'angriff', 'ausweichen', -10, 3, 3, 0, 1, 1),
	(753, 995, 208, 'angriff', 'ausweichen', -10, 3, 3, 0, 1, 1),
	(754, 996, 207, 'angriff', 'gesundheit', -5, 1, 1, 1, 0, 1),
	(755, 997, 208, 'angriff', 'ausweichen', -10, 3, 3, 0, 1, 1),
	(756, 998, 208, 'angriff', 'ausweichen', -10, 3, 3, 0, 1, 1),
	(757, 999, 207, 'angriff', 'gesundheit', -5, 1, 1, 1, 0, 1),
	(758, 1001, 207, 'verteidigung', 'gesundheit', 7, 2, 2, 1, 0, 1),
	(759, 1001, 207, 'verteidigung', 'initiative', 5, 2, 2, 1, 0, 1),
	(760, 1002, 208, 'angriff', 'gesundheit', -5, 1, 1, 1, 1, 1),
	(761, 1002, 208, 'angriff', 'initiative', -5, 2, 2, 0, 1, 1),
	(762, 1002, 208, 'angriff', 'element_feuer', -10, 3, 3, 0, 1, 0),
	(763, 1004, 208, 'angriff', 'gesundheit', -9, 2, 2, 1, 1, 1),
	(764, 1006, 207, 'angriff', 'gesundheit', -5, 1, 1, 1, 0, 1),
	(765, 1007, 208, 'angriff', 'gesundheit', -5, 1, 1, 1, 1, 1),
	(766, 1010, 209, 'angriff', 'gesundheit', -5, 1, 1, 1, 0, 1),
	(767, 1012, 210, 'angriff', 'ausweichen', -10, 3, 3, 0, 1, 1),
	(768, 1015, 210, 'angriff', 'gesundheit', -9, 2, 2, 1, 1, 1),
	(769, 1016, 209, 'angriff', 'gesundheit', -5, 1, 1, 1, 0, 1),
	(770, 1018, 210, 'angriff', 'gesundheit', -9, 2, 2, 1, 1, 1),
	(771, 1020, 209, 'verteidigung', 'gesundheit', 7, 1, 2, 1, 0, 0),
	(772, 1020, 209, 'verteidigung', 'initiative', 5, 1, 2, 1, 0, 0),
	(773, 1021, 211, 'verteidigung', 'gesundheit', 7, 2, 2, 1, 0, 1),
	(774, 1021, 211, 'verteidigung', 'initiative', 5, 2, 2, 1, 0, 1),
	(775, 1022, 212, 'angriff', 'gesundheit', -5, 1, 1, 1, 1, 1),
	(776, 1025, 212, 'angriff', 'gesundheit', -5, 1, 1, 1, 1, 1),
	(777, 1026, 211, 'angriff', 'gesundheit', -5, 1, 1, 1, 0, 1),
	(778, 1027, 212, 'angriff', 'gesundheit', -9, 2, 2, 1, 1, 1),
	(779, 1028, 212, 'angriff', 'gesundheit', -5, 1, 1, 1, 1, 1),
	(780, 1028, 212, 'angriff', 'initiative', -5, 2, 2, 0, 1, 1),
	(781, 1028, 212, 'angriff', 'element_feuer', -10, 2, 3, 0, 1, 0),
	(782, 1030, 211, 'verteidigung', 'gesundheit', 7, 2, 2, 1, 0, 1),
	(783, 1030, 211, 'verteidigung', 'initiative', 5, 2, 2, 1, 0, 1),
	(784, 1031, 212, 'angriff', 'gesundheit', -5, 1, 1, 1, 1, 1),
	(785, 1032, 214, 'angriff', 'gesundheit', -5, 1, 1, 1, 1, 1),
	(786, 1034, 213, 'angriff', 'gesundheit', -5, 1, 1, 1, 0, 1),
	(787, 1035, 214, 'angriff', 'ausweichen', -10, 3, 3, 0, 1, 1),
	(788, 1036, 213, 'verteidigung', 'gesundheit', 7, 2, 2, 1, 0, 1),
	(789, 1036, 213, 'verteidigung', 'initiative', 5, 2, 2, 1, 0, 1),
	(790, 1037, 213, 'angriff', 'gesundheit', -5, 1, 1, 1, 0, 1),
	(791, 1038, 214, 'verteidigung', 'ausweichen', 20, 3, 3, 0, 0, 0),
	(792, 1038, 214, 'verteidigung', 'gesundheit', -1, 3, 3, 1, 0, 1),
	(793, 1039, 214, 'angriff', 'gesundheit', -5, 1, 1, 1, 1, 1),
	(794, 1040, 214, 'angriff', 'gesundheit', -5, 1, 1, 1, 1, 1),
	(795, 1042, 214, 'angriff', 'gesundheit', -5, 1, 1, 1, 1, 1),
	(796, 1043, 213, 'angriff', 'gesundheit', -5, 1, 1, 1, 0, 1),
	(797, 1044, 214, 'angriff', 'gesundheit', -5, 1, 1, 1, 1, 1),
	(798, 1045, 214, 'angriff', 'gesundheit', -5, 1, 1, 1, 1, 1),
	(799, 1046, 213, 'angriff', 'gesundheit', -5, 1, 1, 1, 0, 1),
	(800, 1048, 214, 'angriff', 'gesundheit', -5, 1, 1, 1, 1, 1),
	(801, 1049, 216, 'angriff', 'gesundheit', -5, 1, 1, 1, 1, 1),
	(802, 1050, 216, 'angriff', 'gesundheit', -5, 1, 1, 1, 1, 1),
	(803, 1052, 216, 'angriff', 'gesundheit', -5, 1, 1, 1, 1, 1),
	(804, 1053, 216, 'angriff', 'gesundheit', -5, 1, 1, 1, 1, 1),
	(805, 1054, 215, 'angriff', 'gesundheit', -5, 1, 1, 1, 0, 1),
	(806, 1055, 216, 'angriff', 'gesundheit', -5, 1, 1, 1, 1, 1),
	(807, 1056, 216, 'angriff', 'gesundheit', -5, 1, 1, 1, 1, 1),
	(808, 1059, 216, 'verteidigung', 'ausweichen', 20, 3, 3, 0, 0, 0),
	(809, 1059, 216, 'verteidigung', 'gesundheit', -1, 3, 3, 1, 0, 1),
	(810, 1061, 216, 'angriff', 'gesundheit', -5, 1, 1, 1, 1, 1),
	(811, 1062, 216, 'verteidigung', 'ausweichen', 20, 2, 3, 0, 0, 0),
	(812, 1062, 216, 'verteidigung', 'gesundheit', -1, 2, 3, 1, 0, 0),
	(813, 1065, 216, 'verteidigung', 'ausweichen', 20, 1, 3, 0, 0, 0),
	(814, 1065, 216, 'verteidigung', 'gesundheit', -1, 1, 3, 1, 0, 0),
	(815, 1068, 216, 'angriff', 'gesundheit', -5, 1, 1, 1, 1, 1),
	(816, 1072, 218, 'angriff', 'gesundheit', -5, 1, 1, 1, 1, 1),
	(817, 1075, 218, 'verteidigung', 'ausweichen', 20, 3, 3, 0, 0, 1),
	(818, 1075, 218, 'verteidigung', 'gesundheit', -1, 3, 3, 1, 0, 1),
	(819, 1077, 218, 'verteidigung', 'ausweichen', 20, 3, 3, 0, 0, 1),
	(820, 1077, 218, 'verteidigung', 'gesundheit', -1, 3, 3, 1, 0, 1),
	(821, 1079, 218, 'verteidigung', 'ausweichen', 20, 3, 3, 0, 0, 1),
	(822, 1079, 218, 'verteidigung', 'gesundheit', -1, 3, 3, 1, 0, 1),
	(823, 1081, 217, 'angriff', 'gesundheit', -5, 1, 1, 1, 0, 1),
	(824, 1083, 217, 'angriff', 'gesundheit', -5, 1, 1, 1, 0, 1),
	(825, 1084, 218, 'angriff', 'gesundheit', -5, 1, 1, 1, 1, 1),
	(826, 1085, 217, 'angriff', 'gesundheit', -5, 1, 1, 1, 0, 1),
	(827, 1086, 218, 'angriff', 'gesundheit', -5, 1, 1, 1, 1, 1),
	(828, 1088, 218, 'angriff', 'gesundheit', -5, 1, 1, 1, 1, 1),
	(829, 1090, 218, 'angriff', 'gesundheit', -5, 1, 1, 1, 1, 1),
	(830, 1091, 217, 'angriff', 'gesundheit', -5, 1, 1, 1, 0, 1),
	(831, 1092, 218, 'angriff', 'gesundheit', -5, 1, 1, 1, 1, 1),
	(832, 1093, 218, 'angriff', 'gesundheit', -5, 1, 1, 1, 1, 1),
	(833, 1094, 218, 'angriff', 'gesundheit', -5, 1, 1, 1, 1, 1),
	(834, 1096, 218, 'angriff', 'gesundheit', -5, 1, 1, 1, 1, 1),
	(835, 1098, 219, 'angriff', 'gesundheit', -2, 5, 5, 1, 0, 1),
	(836, 1099, 219, 'angriff', 'gesundheit', -5, 1, 1, 1, 0, 1),
	(837, 1100, 219, 'angriff', 'gesundheit', -5, 1, 1, 1, 0, 1),
	(838, 1101, 219, 'verteidigung', 'gesundheit', 7, 2, 2, 1, 0, 1),
	(839, 1101, 219, 'verteidigung', 'initiative', 5, 2, 2, 1, 0, 1),
	(840, 1103, 219, 'angriff', 'gesundheit', -2, 5, 5, 1, 0, 1),
	(841, 1104, 221, 'angriff', 'gesundheit', -9, 2, 2, 1, 1, 1),
	(842, 1106, 219, 'angriff', 'gesundheit', -5, 1, 1, 1, 0, 1),
	(843, 1107, 220, 'angriff', 'gesundheit', -9, 2, 2, 1, 1, 1),
	(844, 1109, 219, 'verteidigung', 'gesundheit', 7, 2, 2, 1, 0, 1),
	(845, 1109, 219, 'verteidigung', 'initiative', 5, 2, 2, 1, 0, 1),
	(846, 1110, 219, 'angriff', 'gesundheit', 4, 1, 1, 1, 0, 1),
	(847, 1111, 220, 'angriff', 'gesundheit', -5, 1, 1, 1, 1, 1),
	(848, 1112, 219, 'angriff', 'gesundheit', -5, 1, 1, 1, 0, 1),
	(849, 1114, 219, 'angriff', 'gesundheit', 4, 1, 1, 1, 0, 1),
	(850, 1115, 219, 'verteidigung', 'gesundheit', 7, 2, 2, 1, 0, 1),
	(851, 1115, 219, 'verteidigung', 'initiative', 5, 2, 2, 1, 0, 1),
	(852, 1116, 220, 'angriff', 'gesundheit', -5, 1, 1, 1, 1, 1),
	(853, 1118, 220, 'angriff', 'gesundheit', -5, 1, 1, 1, 1, 1),
	(854, 1119, 219, 'angriff', 'gesundheit', 4, 1, 1, 1, 0, 1),
	(855, 1122, 220, 'angriff', 'gesundheit', -5, 1, 1, 1, 1, 1),
	(856, 1123, 224, 'angriff', 'gesundheit', -9, 2, 2, 1, 0, 1),
	(857, 1124, 222, 'angriff', 'gesundheit', -5, 1, 1, 1, 0, 1),
	(858, 1125, 222, 'angriff', 'gesundheit', -5, 1, 1, 1, 0, 1),
	(859, 1126, 223, 'angriff', 'gesundheit', -9, 2, 2, 1, 1, 1),
	(860, 1127, 223, 'verteidigung', 'ausweichen', 20, 2, 3, 0, 0, 0),
	(861, 1127, 223, 'verteidigung', 'gesundheit', -1, 2, 3, 1, 0, 0),
	(862, 1128, 223, 'angriff', 'gesundheit', -9, 2, 2, 1, 1, 1),
	(863, 1129, 222, 'angriff', 'gesundheit', -5, 1, 1, 1, 0, 1),
	(864, 1130, 223, 'angriff', 'gesundheit', -5, 1, 1, 1, 1, 1),
	(865, 1132, 225, 'angriff', 'gesundheit', -5, 1, 1, 1, 0, 1),
	(866, 1133, 226, 'verteidigung', 'ausweichen', 20, 3, 3, 0, 0, 1),
	(867, 1133, 226, 'verteidigung', 'gesundheit', -1, 3, 3, 1, 0, 1),
	(868, 1134, 225, 'angriff', 'gesundheit', -5, 1, 1, 1, 0, 1),
	(869, 1136, 225, 'angriff', 'gesundheit', -5, 1, 1, 1, 0, 1),
	(870, 1137, 225, 'angriff', 'gesundheit', -5, 1, 1, 1, 0, 1),
	(871, 1138, 227, 'angriff', 'gesundheit', -9, 2, 2, 1, 1, 1),
	(872, 1140, 225, 'angriff', 'gesundheit', -5, 1, 1, 1, 0, 1),
	(873, 1141, 225, 'verteidigung', 'gesundheit', 7, 2, 2, 1, 0, 1),
	(874, 1141, 225, 'verteidigung', 'initiative', 5, 2, 2, 1, 0, 1),
	(875, 1142, 226, 'verteidigung', 'ausweichen', 20, 3, 3, 0, 0, 1),
	(876, 1142, 226, 'verteidigung', 'gesundheit', -1, 3, 3, 1, 0, 1),
	(877, 1144, 225, 'angriff', 'gesundheit', 4, 1, 1, 1, 0, 1),
	(878, 1147, 226, 'angriff', 'gesundheit', -9, 2, 2, 1, 1, 1),
	(879, 1148, 226, 'verteidigung', 'ausweichen', 20, 3, 3, 0, 0, 1),
	(880, 1148, 226, 'verteidigung', 'gesundheit', -1, 3, 3, 1, 0, 1),
	(881, 1150, 225, 'angriff', 'gesundheit', 4, 1, 1, 1, 0, 1),
	(882, 1152, 225, 'angriff', 'gesundheit', -5, 1, 1, 1, 0, 1),
	(883, 1155, 226, 'angriff', 'gesundheit', -5, 1, 1, 1, 1, 1),
	(884, 1157, 225, 'angriff', 'gesundheit', -5, 1, 1, 1, 0, 1),
	(885, 1159, 225, 'angriff', 'gesundheit', -5, 1, 1, 1, 0, 1),
	(886, 1161, 225, 'angriff', 'gesundheit', -5, 1, 1, 1, 0, 1),
	(887, 1162, 226, 'angriff', 'gesundheit', -5, 1, 1, 1, 1, 1),
	(888, 1163, 229, 'angriff', 'gesundheit', -9, 2, 2, 1, 1, 1),
	(889, 1164, 228, 'angriff', 'gesundheit', -5, 1, 1, 1, 0, 1),
	(890, 1167, 229, 'angriff', 'gesundheit', -5, 1, 1, 1, 1, 1),
	(891, 1167, 229, 'angriff', 'initiative', -5, 2, 2, 0, 0, 1),
	(892, 1167, 229, 'angriff', 'element_feuer', -10, 3, 3, 0, 0, 1),
	(893, 1168, 228, 'angriff', 'gesundheit', -5, 1, 1, 1, 0, 1),
	(894, 1170, 228, 'verteidigung', 'gesundheit', 7, 2, 2, 1, 0, 1),
	(895, 1170, 228, 'verteidigung', 'initiative', 5, 2, 2, 1, 0, 1),
	(896, 1172, 228, 'angriff', 'gesundheit', -5, 1, 1, 1, 0, 1),
	(897, 1173, 229, 'angriff', 'gesundheit', -9, 2, 2, 1, 1, 1),
	(898, 1174, 228, 'angriff', 'gesundheit', 4, 1, 1, 1, 0, 1),
	(899, 1178, 230, 'angriff', 'ausweichen', -10, 3, 3, 0, 0, 1),
	(900, 1179, 228, 'angriff', 'gesundheit', -2, 5, 5, 1, 0, 1),
	(901, 1180, 230, 'angriff', 'gesundheit', -5, 1, 1, 1, 1, 1),
	(902, 1183, 228, 'angriff', 'gesundheit', -5, 1, 1, 1, 0, 1),
	(903, 1184, 229, 'angriff', 'gesundheit', -5, 1, 1, 1, 1, 1),
	(904, 1188, 228, 'angriff', 'gesundheit', -5, 1, 1, 1, 0, 1),
	(905, 1189, 230, 'angriff', 'ausweichen', -10, 3, 3, 0, 0, 1),
	(906, 1190, 228, 'angriff', 'gesundheit', -5, 1, 1, 1, 0, 1),
	(907, 1193, 230, 'angriff', 'gesundheit', -5, 1, 1, 1, 1, 1),
	(908, 1196, 228, 'angriff', 'gesundheit', -5, 1, 1, 1, 0, 1),
	(909, 1197, 230, 'angriff', 'gesundheit', -5, 1, 1, 1, 1, 1),
	(910, 1198, 233, 'angriff', 'gesundheit', -5, 1, 1, 1, 1, 1),
	(911, 1199, 231, 'angriff', 'gesundheit', -5, 1, 1, 1, 0, 1),
	(912, 1204, 231, 'angriff', 'gesundheit', -5, 1, 1, 1, 0, 1),
	(913, 1206, 231, 'angriff', 'gesundheit', 4, 1, 1, 1, 0, 1),
	(914, 1207, 231, 'angriff', 'gesundheit', -5, 1, 1, 1, 0, 1),
	(915, 1209, 232, 'verteidigung', 'ausweichen', 20, 3, 3, 0, 0, 1),
	(916, 1209, 232, 'verteidigung', 'gesundheit', -1, 3, 3, 1, 0, 1),
	(917, 1211, 233, 'angriff', 'gesundheit', -5, 1, 1, 1, 1, 1),
	(918, 1212, 231, 'angriff', 'gesundheit', -5, 1, 1, 1, 0, 1),
	(919, 1213, 231, 'angriff', 'gesundheit', -5, 1, 1, 1, 0, 1),
	(920, 1214, 233, 'angriff', 'gesundheit', -5, 1, 1, 1, 1, 1),
	(921, 1215, 231, 'angriff', 'gesundheit', 4, 1, 1, 1, 0, 1),
	(922, 1218, 233, 'angriff', 'gesundheit', -5, 1, 1, 1, 1, 1),
	(923, 1220, 233, 'angriff', 'gesundheit', -5, 1, 1, 1, 1, 1),
	(924, 1221, 231, 'angriff', 'gesundheit', -5, 1, 1, 1, 0, 1),
	(925, 1223, 231, 'angriff', 'gesundheit', -5, 1, 1, 1, 0, 1),
	(926, 1224, 233, 'angriff', 'gesundheit', -5, 1, 1, 1, 1, 1),
	(927, 1225, 232, 'verteidigung', 'ausweichen', 20, 3, 3, 0, 0, 1),
	(928, 1225, 232, 'verteidigung', 'gesundheit', -1, 3, 3, 1, 0, 1),
	(929, 1226, 233, 'angriff', 'gesundheit', -5, 1, 1, 1, 1, 1),
	(930, 1227, 231, 'angriff', 'gesundheit', -5, 1, 1, 1, 0, 1),
	(931, 1229, 231, 'angriff', 'gesundheit', -5, 1, 1, 1, 0, 1),
	(932, 1230, 233, 'angriff', 'gesundheit', -5, 1, 1, 1, 1, 1),
	(933, 1231, 231, 'angriff', 'gesundheit', -5, 1, 1, 1, 0, 1),
	(934, 1232, 233, 'angriff', 'gesundheit', -5, 1, 1, 1, 1, 1),
	(935, 1233, 231, 'angriff', 'gesundheit', 4, 1, 1, 1, 0, 1),
	(936, 1235, 231, 'angriff', 'gesundheit', -5, 1, 1, 1, 0, 1),
	(937, 1237, 231, 'angriff', 'gesundheit', -5, 1, 1, 1, 0, 1),
	(938, 1238, 232, 'angriff', 'gesundheit', -5, 1, 1, 1, 1, 1),
	(939, 1239, 232, 'verteidigung', 'ausweichen', 20, 1, 3, 0, 0, 0),
	(940, 1239, 232, 'verteidigung', 'gesundheit', -1, 1, 3, 1, 0, 0),
	(941, 1241, 234, 'angriff', 'gesundheit', -5, 1, 1, 1, 0, 1),
	(942, 1244, 235, 'angriff', 'ausweichen', -10, 3, 3, 0, 0, 1),
	(943, 1247, 235, 'angriff', 'ausweichen', -10, 3, 3, 0, 0, 1),
	(944, 1250, 235, 'angriff', 'ausweichen', -10, 3, 3, 0, 0, 1),
	(945, 1251, 234, 'angriff', 'gesundheit', -5, 1, 1, 1, 0, 1),
	(946, 1252, 234, 'angriff', 'gesundheit', -5, 1, 1, 1, 0, 1),
	(947, 1253, 235, 'angriff', 'ausweichen', -10, 3, 3, 0, 0, 1),
	(948, 1254, 234, 'angriff', 'gesundheit', 4, 1, 1, 1, 0, 1),
	(949, 1256, 235, 'angriff', 'ausweichen', -10, 3, 3, 0, 0, 1),
	(950, 1257, 234, 'angriff', 'gesundheit', -5, 1, 1, 1, 0, 1),
	(951, 1259, 235, 'angriff', 'ausweichen', -10, 3, 3, 0, 0, 1),
	(952, 1260, 236, 'verteidigung', 'ausweichen', 20, 3, 3, 0, 0, 1),
	(953, 1260, 236, 'verteidigung', 'gesundheit', -1, 3, 3, 1, 0, 1),
	(954, 1261, 234, 'angriff', 'gesundheit', -5, 1, 1, 1, 0, 1),
	(955, 1266, 234, 'angriff', 'gesundheit', -5, 1, 1, 1, 0, 1),
	(956, 1268, 235, 'angriff', 'ausweichen', -10, 3, 3, 0, 0, 1),
	(957, 1269, 234, 'angriff', 'gesundheit', -5, 1, 1, 1, 0, 1),
	(958, 1270, 235, 'verteidigung', 'ausweichen', 20, 3, 3, 0, 0, 1),
	(959, 1270, 235, 'verteidigung', 'gesundheit', -1, 3, 3, 1, 0, 1),
	(960, 1271, 235, 'angriff', 'ausweichen', -10, 3, 3, 0, 0, 1),
	(961, 1272, 234, 'angriff', 'gesundheit', -5, 1, 1, 1, 0, 1),
	(962, 1273, 235, 'verteidigung', 'ausweichen', 20, 3, 3, 0, 0, 1),
	(963, 1273, 235, 'verteidigung', 'gesundheit', -1, 3, 3, 1, 0, 1),
	(964, 1275, 234, 'angriff', 'gesundheit', -5, 1, 1, 1, 0, 1),
	(965, 1278, 234, 'angriff', 'gesundheit', -5, 1, 1, 1, 0, 1),
	(966, 1281, 234, 'angriff', 'gesundheit', -5, 1, 1, 1, 0, 1),
	(967, 1283, 234, 'verteidigung', 'gesundheit', 7, 2, 2, 1, 0, 1),
	(968, 1283, 234, 'verteidigung', 'initiative', 5, 2, 2, 1, 0, 1),
	(969, 1284, 234, 'angriff', 'gesundheit', -5, 1, 1, 1, 0, 1),
	(970, 1286, 234, 'verteidigung', 'gesundheit', 7, 2, 2, 1, 0, 1),
	(971, 1286, 234, 'verteidigung', 'initiative', 5, 2, 2, 1, 0, 1),
	(972, 1287, 234, 'angriff', 'gesundheit', -5, 1, 1, 1, 0, 1),
	(973, 1288, 234, 'angriff', 'gesundheit', 4, 1, 1, 1, 0, 1),
	(974, 1289, 234, 'verteidigung', 'gesundheit', 7, 2, 2, 1, 0, 1),
	(975, 1289, 234, 'verteidigung', 'initiative', 5, 2, 2, 1, 0, 1),
	(976, 1291, 236, 'angriff', 'gesundheit', -5, 1, 1, 1, 1, 1),
	(977, 1292, 234, 'angriff', 'gesundheit', -5, 1, 1, 1, 0, 1),
	(978, 1293, 234, 'angriff', 'gesundheit', -5, 1, 1, 1, 0, 1),
	(979, 1294, 236, 'angriff', 'gesundheit', -5, 1, 1, 1, 1, 1),
	(980, 1296, 234, 'angriff', 'gesundheit', -5, 1, 1, 1, 0, 1),
	(981, 1298, 234, 'angriff', 'gesundheit', -5, 1, 1, 1, 0, 1),
	(982, 1299, 234, 'angriff', 'gesundheit', -5, 1, 1, 1, 0, 1),
	(983, 1301, 236, 'angriff', 'gesundheit', -5, 1, 1, 1, 1, 1),
	(984, 1303, 235, 'angriff', 'gesundheit', -9, 2, 2, 1, 1, 1),
	(985, 1305, 235, 'angriff', 'ausweichen', -10, 3, 3, 0, 0, 1),
	(986, 1306, 234, 'angriff', 'gesundheit', 4, 1, 1, 1, 0, 1),
	(987, 1307, 235, 'angriff', 'gesundheit', -5, 1, 1, 1, 1, 1),
	(988, 1309, 234, 'angriff', 'gesundheit', -4, 1, 1, 1, 0, 1),
	(989, 1312, 235, 'angriff', 'gesundheit', -5, 1, 1, 1, 1, 1),
	(990, 1314, 235, 'angriff', 'gesundheit', -5, 1, 1, 1, 1, 1),
	(991, 1315, 239, 'angriff', 'gesundheit', -9, 2, 2, 1, 0, 1),
	(992, 1316, 237, 'angriff', 'gesundheit', -5, 1, 1, 1, 0, 1),
	(993, 1317, 237, 'angriff', 'gesundheit', -4, 1, 1, 1, 0, 1),
	(994, 1319, 237, 'angriff', 'gesundheit', -5, 1, 1, 1, 0, 1),
	(995, 1321, 237, 'angriff', 'gesundheit', -5, 1, 1, 1, 0, 1),
	(996, 1323, 237, 'angriff', 'gesundheit', -5, 1, 1, 1, 0, 1),
	(997, 1326, 238, 'angriff', 'gesundheit', -9, 2, 2, 1, 1, 1),
	(998, 1327, 237, 'angriff', 'gesundheit', -4, 1, 1, 1, 0, 1),
	(999, 1329, 237, 'angriff', 'gesundheit', -5, 1, 1, 1, 0, 1),
	(1000, 1330, 237, 'verteidigung', 'gesundheit', 7, 2, 2, 1, 0, 1),
	(1001, 1330, 237, 'verteidigung', 'initiative', 5, 2, 2, 1, 0, 1),
	(1002, 1331, 238, 'verteidigung', 'ausweichen', 20, 3, 3, 0, 0, 1),
	(1003, 1331, 238, 'verteidigung', 'gesundheit', -1, 3, 3, 1, 0, 1),
	(1004, 1332, 237, 'verteidigung', 'gesundheit', 7, 2, 2, 1, 0, 1),
	(1005, 1332, 237, 'verteidigung', 'initiative', 5, 2, 2, 1, 0, 1),
	(1006, 1333, 238, 'verteidigung', 'ausweichen', 20, 3, 3, 0, 0, 1),
	(1007, 1333, 238, 'verteidigung', 'gesundheit', -1, 3, 3, 1, 0, 1),
	(1008, 1334, 238, 'angriff', 'ausweichen', -10, 3, 3, 0, 1, 1),
	(1009, 1338, 238, 'angriff', 'gesundheit', -5, 1, 1, 1, 1, 1),
	(1010, 1341, 238, 'angriff', 'gesundheit', -5, 1, 1, 1, 1, 1),
	(1011, 1343, 238, 'angriff', 'gesundheit', -5, 1, 1, 1, 1, 1),
	(1012, 1344, 241, 'angriff', 'gesundheit', -5, 1, 1, 1, 1, 1),
	(1013, 1344, 241, 'angriff', 'initiative', -5, 2, 2, 0, 0, 1),
	(1014, 1344, 241, 'angriff', 'element_feuer', -10, 3, 3, 0, 0, 1),
	(1015, 1345, 240, 'angriff', 'gesundheit', -5, 1, 1, 1, 0, 1),
	(1016, 1346, 240, 'angriff', 'gesundheit', -4, 1, 1, 1, 0, 1),
	(1017, 1350, 240, 'angriff', 'gesundheit', -5, 1, 1, 1, 0, 1),
	(1018, 1351, 241, 'angriff', 'gesundheit', -9, 2, 2, 1, 1, 1),
	(1019, 1353, 240, 'angriff', 'gesundheit', -5, 1, 1, 1, 0, 1),
	(1020, 1354, 242, 'angriff', 'gesundheit', -9, 2, 2, 1, 1, 1),
	(1021, 1355, 240, 'angriff', 'gesundheit', -5, 1, 1, 1, 0, 1),
	(1022, 1356, 240, 'angriff', 'gesundheit', -5, 1, 1, 1, 0, 1),
	(1023, 1357, 240, 'verteidigung', 'gesundheit', 7, 2, 2, 1, 0, 1),
	(1024, 1357, 240, 'verteidigung', 'initiative', 5, 2, 2, 1, 0, 1),
	(1025, 1358, 241, 'verteidigung', 'ausweichen', 20, 3, 3, 0, 0, 1),
	(1026, 1358, 241, 'verteidigung', 'gesundheit', -1, 3, 3, 1, 0, 1),
	(1027, 1362, 241, 'verteidigung', 'ausweichen', 20, 3, 3, 0, 0, 1),
	(1028, 1362, 241, 'verteidigung', 'gesundheit', -1, 3, 3, 1, 0, 1),
	(1029, 1366, 241, 'verteidigung', 'ausweichen', 20, 3, 3, 0, 0, 0),
	(1030, 1366, 241, 'verteidigung', 'gesundheit', -1, 3, 3, 1, 0, 1),
	(1031, 1368, 240, 'angriff', 'gesundheit', -5, 1, 1, 1, 0, 1),
	(1032, 1369, 240, 'verteidigung', 'gesundheit', 7, 2, 2, 1, 0, 1),
	(1033, 1369, 240, 'verteidigung', 'initiative', 5, 2, 2, 1, 0, 1),
	(1034, 1371, 240, 'angriff', 'gesundheit', -5, 1, 1, 1, 0, 1),
	(1035, 1372, 241, 'angriff', 'gesundheit', -5, 1, 1, 1, 1, 1),
	(1036, 1373, 244, 'angriff', 'gesundheit', -5, 1, 1, 1, 1, 1),
	(1037, 1373, 244, 'angriff', 'initiative', -5, 2, 2, 0, 0, 1),
	(1038, 1373, 244, 'angriff', 'element_feuer', -10, 3, 3, 0, 0, 1),
	(1039, 1374, 243, 'angriff', 'gesundheit', -5, 1, 1, 1, 0, 1),
	(1040, 1378, 245, 'verteidigung', 'ausweichen', 20, 3, 3, 0, 0, 1),
	(1041, 1378, 245, 'verteidigung', 'gesundheit', -1, 3, 3, 1, 0, 1),
	(1042, 1383, 245, 'angriff', 'gesundheit', -5, 1, 1, 1, 1, 1),
	(1043, 1383, 245, 'angriff', 'initiative', -5, 2, 2, 0, 0, 1),
	(1044, 1383, 245, 'angriff', 'element_feuer', -10, 3, 3, 0, 0, 1),
	(1045, 1385, 243, 'angriff', 'gesundheit', -2, 5, 5, 1, 0, 1),
	(1046, 1386, 244, 'angriff', 'gesundheit', -9, 2, 2, 1, 1, 1),
	(1047, 1387, 243, 'angriff', 'gesundheit', -5, 1, 1, 1, 0, 1),
	(1048, 1388, 243, 'angriff', 'gesundheit', -5, 1, 1, 1, 0, 1),
	(1049, 1389, 243, 'verteidigung', 'gesundheit', 7, 2, 2, 1, 0, 1),
	(1050, 1389, 243, 'verteidigung', 'initiative', 5, 2, 2, 1, 0, 1),
	(1051, 1390, 243, 'angriff', 'gesundheit', -5, 1, 1, 1, 0, 1),
	(1052, 1393, 245, 'verteidigung', 'ausweichen', 20, 3, 3, 0, 0, 1),
	(1053, 1393, 245, 'verteidigung', 'gesundheit', -1, 3, 3, 1, 0, 1),
	(1054, 1394, 243, 'angriff', 'gesundheit', -5, 1, 1, 1, 0, 1),
	(1055, 1396, 244, 'verteidigung', 'ausweichen', 20, 3, 3, 0, 0, 1),
	(1056, 1396, 244, 'verteidigung', 'gesundheit', -1, 3, 3, 1, 0, 1),
	(1057, 1399, 243, 'angriff', 'gesundheit', -5, 1, 1, 1, 0, 1),
	(1058, 1400, 243, 'angriff', 'gesundheit', -5, 1, 1, 1, 0, 1),
	(1059, 1402, 243, 'angriff', 'gesundheit', -2, 4, 5, 1, 0, 1),
	(1060, 1403, 243, 'angriff', 'gesundheit', -4, 1, 1, 1, 0, 1),
	(1061, 1404, 245, 'angriff', 'gesundheit', -5, 1, 1, 1, 1, 1),
	(1062, 1405, 243, 'angriff', 'gesundheit', -4, 1, 1, 1, 0, 1),
	(1063, 1406, 244, 'angriff', 'gesundheit', -5, 1, 1, 1, 1, 1),
	(1064, 1407, 244, 'angriff', 'gesundheit', -5, 1, 1, 1, 1, 1),
	(1065, 1409, 246, 'angriff', 'gesundheit', -5, 1, 1, 1, 0, 1),
	(1066, 1411, 246, 'angriff', 'gesundheit', -5, 1, 1, 1, 0, 1),
	(1067, 1412, 248, 'angriff', 'gesundheit', -5, 1, 1, 1, 1, 1),
	(1068, 1412, 248, 'angriff', 'initiative', -5, 2, 2, 0, 0, 1),
	(1069, 1412, 248, 'angriff', 'element_feuer', -10, 3, 3, 0, 0, 1),
	(1070, 1413, 246, 'angriff', 'gesundheit', -4, 1, 1, 1, 0, 1),
	(1071, 1414, 246, 'angriff', 'gesundheit', -2, 5, 5, 1, 0, 1),
	(1072, 1415, 248, 'angriff', 'gesundheit', -5, 1, 1, 1, 1, 1),
	(1073, 1416, 247, 'verteidigung', 'ausweichen', 20, 3, 3, 0, 0, 1),
	(1074, 1416, 247, 'verteidigung', 'gesundheit', -1, 3, 3, 1, 0, 1),
	(1075, 1419, 246, 'angriff', 'gesundheit', -4, 1, 1, 1, 0, 1),
	(1076, 1422, 248, 'verteidigung', 'ausweichen', 20, 3, 3, 0, 0, 1),
	(1077, 1422, 248, 'verteidigung', 'gesundheit', -1, 3, 3, 1, 0, 1),
	(1078, 1423, 246, 'angriff', 'gesundheit', -5, 1, 1, 1, 0, 1),
	(1079, 1425, 246, 'angriff', 'gesundheit', -5, 1, 1, 1, 0, 1),
	(1080, 1426, 246, 'angriff', 'gesundheit', -5, 1, 1, 1, 0, 1),
	(1081, 1430, 246, 'verteidigung', 'gesundheit', 7, 2, 2, 1, 0, 1),
	(1082, 1430, 246, 'verteidigung', 'initiative', 5, 2, 2, 1, 0, 1),
	(1083, 1431, 248, 'verteidigung', 'ausweichen', 20, 2, 3, 0, 0, 0),
	(1084, 1431, 248, 'verteidigung', 'gesundheit', -1, 2, 3, 1, 0, 1),
	(1085, 1433, 246, 'verteidigung', 'gesundheit', 7, 2, 2, 1, 0, 1),
	(1086, 1433, 246, 'verteidigung', 'initiative', 5, 2, 2, 1, 0, 1),
	(1087, 1438, 247, 'angriff', 'gesundheit', -5, 1, 1, 1, 1, 1),
	(1088, 1441, 247, 'angriff', 'gesundheit', -5, 1, 1, 1, 1, 1),
	(1089, 1442, 246, 'angriff', 'gesundheit', -4, 1, 1, 1, 0, 1),
	(1090, 1443, 247, 'angriff', 'gesundheit', -5, 1, 1, 1, 1, 1),
	(1091, 1444, 246, 'angriff', 'gesundheit', -5, 1, 1, 1, 0, 1),
	(1092, 1445, 247, 'angriff', 'gesundheit', -5, 1, 1, 1, 1, 1),
	(1093, 1448, 246, 'angriff', 'gesundheit', -5, 1, 1, 1, 0, 1),
	(1094, 1449, 247, 'angriff', 'gesundheit', -5, 1, 1, 1, 1, 1),
	(1095, 1450, 247, 'angriff', 'gesundheit', -5, 1, 1, 1, 1, 1),
	(1096, 1451, 246, 'angriff', 'gesundheit', -5, 1, 1, 1, 0, 1),
	(1097, 1452, 247, 'angriff', 'gesundheit', -5, 1, 1, 1, 1, 1),
	(1098, 1455, 251, 'verteidigung', 'ausweichen', 20, 3, 3, 0, 0, 1),
	(1099, 1455, 251, 'verteidigung', 'gesundheit', -1, 3, 3, 1, 0, 1),
	(1100, 1456, 249, 'angriff', 'gesundheit', -5, 1, 1, 1, 0, 1),
	(1101, 1457, 250, 'angriff', 'gesundheit', -9, 2, 2, 1, 1, 1),
	(1102, 1458, 251, 'verteidigung', 'ausweichen', 20, 3, 3, 0, 0, 1),
	(1103, 1458, 251, 'verteidigung', 'gesundheit', -1, 3, 3, 1, 0, 1),
	(1104, 1460, 250, 'angriff', 'gesundheit', -5, 1, 1, 1, 1, 1),
	(1105, 1460, 250, 'angriff', 'initiative', -5, 2, 2, 0, 0, 1),
	(1106, 1460, 250, 'angriff', 'element_feuer', -10, 3, 3, 0, 0, 1),
	(1107, 1461, 249, 'angriff', 'gesundheit', -4, 1, 1, 1, 0, 1),
	(1108, 1464, 249, 'angriff', 'gesundheit', -5, 1, 1, 1, 0, 1),
	(1109, 1466, 251, 'angriff', 'gesundheit', -5, 1, 1, 1, 1, 1),
	(1110, 1466, 251, 'angriff', 'initiative', -5, 2, 2, 0, 0, 1),
	(1111, 1466, 251, 'angriff', 'element_feuer', -10, 3, 3, 0, 0, 1),
	(1112, 1467, 249, 'angriff', 'gesundheit', -4, 1, 1, 1, 0, 1),
	(1113, 1468, 249, 'angriff', 'gesundheit', -5, 1, 1, 1, 0, 1),
	(1114, 1469, 249, 'verteidigung', 'gesundheit', 7, 2, 2, 1, 0, 1),
	(1115, 1469, 249, 'verteidigung', 'initiative', 5, 2, 2, 1, 0, 1),
	(1116, 1470, 249, 'angriff', 'gesundheit', -5, 1, 1, 1, 0, 1),
	(1117, 1471, 249, 'angriff', 'gesundheit', -5, 1, 1, 1, 0, 1),
	(1118, 1473, 249, 'angriff', 'gesundheit', -5, 1, 1, 1, 0, 1),
	(1119, 1476, 249, 'angriff', 'gesundheit', -4, 1, 1, 1, 0, 1),
	(1120, 1477, 249, 'angriff', 'gesundheit', -2, 3, 5, 1, 0, 0),
	(1121, 1479, 249, 'angriff', 'gesundheit', -4, 1, 1, 1, 0, 1),
	(1122, 1482, 249, 'angriff', 'gesundheit', -5, 1, 1, 1, 0, 1),
	(1123, 1483, 249, 'angriff', 'gesundheit', -5, 1, 1, 1, 0, 1),
	(1124, 1487, 252, 'angriff', 'gesundheit', -2, 5, 5, 1, 0, 1),
	(1125, 1489, 252, 'angriff', 'gesundheit', -4, 1, 1, 1, 0, 1),
	(1126, 1492, 252, 'angriff', 'gesundheit', -5, 1, 1, 1, 0, 1),
	(1127, 1494, 254, 'angriff', 'gesundheit', -9, 2, 2, 1, 1, 1),
	(1128, 1495, 254, 'verteidigung', 'ausweichen', 20, 1, 3, 0, 0, 0),
	(1129, 1495, 254, 'verteidigung', 'gesundheit', -1, 1, 3, 1, 0, 0),
	(1130, 1496, 252, 'angriff', 'gesundheit', -5, 1, 1, 1, 0, 1),
	(1131, 1497, 253, 'angriff', 'gesundheit', -9, 2, 2, 1, 1, 1),
	(1132, 1498, 252, 'angriff', 'gesundheit', -5, 1, 1, 1, 0, 1),
	(1133, 1499, 253, 'angriff', 'gesundheit', -9, 2, 2, 1, 1, 1),
	(1134, 1500, 252, 'angriff', 'gesundheit', -5, 1, 1, 1, 0, 1),
	(1135, 1501, 252, 'verteidigung', 'gesundheit', 7, 1, 2, 1, 0, 0),
	(1136, 1501, 252, 'verteidigung', 'initiative', 5, 1, 2, 1, 0, 0),
	(1137, 1502, 257, 'angriff', 'gesundheit', -9, 2, 2, 1, 0, 1),
	(1138, 1504, 255, 'angriff', 'gesundheit', -5, 1, 1, 1, 0, 1),
	(1139, 1505, 256, 'angriff', 'gesundheit', -9, 2, 2, 1, 1, 1),
	(1140, 1507, 256, 'angriff', 'gesundheit', -5, 1, 1, 1, 1, 1),
	(1141, 1507, 256, 'angriff', 'initiative', -5, 2, 2, 0, 0, 1),
	(1142, 1507, 256, 'angriff', 'element_feuer', -10, 3, 3, 0, 0, 1),
	(1143, 1508, 256, 'verteidigung', 'ausweichen', 20, 3, 3, 0, 0, 1),
	(1144, 1508, 256, 'verteidigung', 'gesundheit', -1, 3, 3, 1, 0, 1),
	(1145, 1509, 255, 'verteidigung', 'gesundheit', 7, 2, 2, 1, 0, 1),
	(1146, 1509, 255, 'verteidigung', 'initiative', 5, 2, 2, 1, 0, 1),
	(1147, 1513, 256, 'angriff', 'gesundheit', -5, 1, 1, 1, 1, 1),
	(1148, 1514, 255, 'angriff', 'gesundheit', -5, 1, 1, 1, 0, 1),
	(1149, 1519, 256, 'angriff', 'gesundheit', -5, 1, 1, 1, 1, 1),
	(1150, 1520, 259, 'angriff', 'ausweichen', -10, 3, 3, 0, 0, 1),
	(1151, 1521, 258, 'angriff', 'gesundheit', -5, 1, 1, 1, 0, 1),
	(1152, 1523, 258, 'angriff', 'gesundheit', -2, 5, 5, 1, 0, 1),
	(1153, 1524, 259, 'angriff', 'ausweichen', -10, 3, 3, 0, 0, 1),
	(1154, 1525, 259, 'verteidigung', 'ausweichen', 20, 3, 3, 0, 0, 1),
	(1155, 1525, 259, 'verteidigung', 'gesundheit', -1, 3, 3, 1, 0, 1),
	(1156, 1526, 258, 'angriff', 'gesundheit', -5, 1, 1, 1, 0, 1),
	(1157, 1527, 259, 'angriff', 'ausweichen', -10, 3, 3, 0, 0, 1),
	(1158, 1530, 259, 'angriff', 'ausweichen', -10, 3, 3, 0, 0, 1),
	(1159, 1533, 259, 'angriff', 'ausweichen', -10, 3, 3, 0, 0, 1),
	(1160, 1534, 258, 'angriff', 'gesundheit', -4, 1, 1, 1, 0, 1),
	(1161, 1535, 258, 'angriff', 'gesundheit', -5, 1, 1, 1, 0, 1),
	(1162, 1536, 260, 'angriff', 'ausweichen', -10, 2, 3, 0, 0, 0),
	(1163, 1537, 258, 'angriff', 'gesundheit', -5, 1, 1, 1, 0, 1),
	(1164, 1538, 258, 'angriff', 'gesundheit', -5, 1, 1, 1, 0, 1),
	(1165, 1539, 260, 'angriff', 'ausweichen', -10, 1, 3, 0, 0, 0),
	(1166, 1540, 258, 'angriff', 'gesundheit', -5, 1, 1, 1, 0, 1),
	(1167, 1541, 258, 'angriff', 'gesundheit', -5, 1, 1, 1, 0, 1),
	(1168, 1542, 262, 'angriff', 'ausweichen', -10, 3, 3, 0, 0, 1),
	(1169, 1543, 261, 'angriff', 'gesundheit', -5, 1, 1, 1, 0, 1),
	(1170, 1544, 262, 'angriff', 'ausweichen', -10, 3, 3, 0, 0, 1),
	(1171, 1545, 261, 'angriff', 'gesundheit', -5, 1, 1, 1, 0, 1),
	(1172, 1546, 262, 'angriff', 'gesundheit', -9, 2, 2, 1, 1, 1),
	(1173, 1547, 261, 'angriff', 'gesundheit', -4, 1, 1, 1, 0, 1),
	(1174, 1549, 261, 'angriff', 'gesundheit', -4, 1, 1, 1, 0, 1),
	(1175, 1550, 261, 'verteidigung', 'gesundheit', 7, 2, 2, 1, 0, 1),
	(1176, 1550, 261, 'verteidigung', 'initiative', 5, 2, 2, 1, 0, 1),
	(1177, 1553, 262, 'verteidigung', 'ausweichen', 20, 3, 3, 0, 0, 1),
	(1178, 1553, 262, 'verteidigung', 'gesundheit', -1, 3, 3, 1, 0, 1),
	(1179, 1554, 262, 'angriff', 'gesundheit', -5, 1, 1, 1, 1, 1),
	(1180, 1556, 262, 'angriff', 'gesundheit', -5, 1, 1, 1, 1, 1),
	(1181, 1560, 262, 'angriff', 'gesundheit', -5, 1, 1, 1, 1, 1),
	(1182, 1561, 264, 'angriff', 'gesundheit', -9, 2, 2, 1, 1, 1),
	(1183, 1563, 264, 'angriff', 'gesundheit', -9, 2, 2, 1, 1, 1),
	(1184, 1564, 263, 'angriff', 'gesundheit', -4, 1, 1, 1, 0, 1),
	(1185, 1565, 264, 'angriff', 'ausweichen', -10, 0, 3, 0, 1, 1),
	(1186, 1566, 266, 'angriff', 'ausweichen', -10, 3, 3, 0, 0, 1),
	(1187, 1567, 265, 'angriff', 'gesundheit', -4, 1, 1, 1, 0, 1),
	(1188, 1568, 265, 'verteidigung', 'gesundheit', 7, 2, 2, 1, 0, 1),
	(1189, 1568, 265, 'verteidigung', 'initiative', 5, 2, 2, 1, 0, 1),
	(1190, 1569, 265, 'angriff', 'gesundheit', -5, 1, 1, 1, 0, 1),
	(1191, 1570, 266, 'angriff', 'gesundheit', -5, 1, 1, 1, 1, 1),
	(1192, 1572, 266, 'angriff', 'gesundheit', -9, 2, 2, 1, 1, 1),
	(1193, 1574, 266, 'angriff', 'gesundheit', -5, 1, 1, 1, 1, 1),
	(1194, 1575, 266, 'verteidigung', 'ausweichen', 20, 2, 3, 0, 0, 0),
	(1195, 1575, 266, 'verteidigung', 'gesundheit', -1, 2, 3, 1, 0, 1),
	(1196, 1576, 266, 'angriff', 'gesundheit', -5, 1, 1, 1, 1, 1),
	(1197, 1578, 268, 'angriff', 'gesundheit', -6, 3, 3, 1, 1, 1),
	(1198, 1578, 268, 'angriff', 'ausweichen', -2, 3, 3, 1, 1, 1),
	(1199, 1579, 267, 'angriff', 'gesundheit', -5, 1, 1, 1, 0, 1),
	(1200, 1581, 267, 'angriff', 'gesundheit', -4, 1, 1, 1, 0, 1),
	(1201, 1582, 268, 'angriff', 'gesundheit', -5, 1, 1, 1, 1, 1),
	(1202, 1583, 267, 'angriff', 'gesundheit', -4, 1, 1, 1, 0, 1),
	(1203, 1586, 268, 'angriff', 'intelligenz', -2, 2, 2, 0, 0, 1),
	(1204, 1586, 268, 'angriff', 'gesundheit', -1, 2, 2, 0, 0, 1),
	(1205, 1587, 267, 'angriff', 'gesundheit', -5, 1, 1, 1, 0, 1),
	(1206, 1588, 268, 'angriff', 'intelligenz', -2, 2, 2, 0, 0, 1),
	(1207, 1588, 268, 'angriff', 'gesundheit', -1, 2, 2, 0, 0, 1),
	(1208, 1590, 268, 'angriff', 'gesundheit', -5, 1, 1, 1, 1, 1),
	(1209, 1591, 267, 'angriff', 'gesundheit', -4, 1, 1, 1, 0, 1),
	(1210, 1592, 267, 'verteidigung', 'staerke', 3, 3, 3, 1, 0, 1),
	(1211, 1592, 267, 'verteidigung', 'gesundheit', 4, 3, 3, 1, 0, 1),
	(1212, 1594, 268, 'angriff', 'gesundheit', -5, 1, 1, 1, 1, 1),
	(1213, 1596, 268, 'angriff', 'gesundheit', -5, 1, 1, 1, 1, 1),
	(1214, 1597, 270, 'angriff', 'gesundheit', -3, 3, 3, 0, 0, 1),
	(1215, 1600, 269, 'angriff', 'gesundheit', -4, 1, 1, 1, 0, 1),
	(1216, 1601, 270, 'angriff', 'staerke', -3, 3, 3, 0, 0, 1),
	(1217, 1601, 270, 'angriff', 'intelligenz', -3, 3, 3, 0, 0, 1),
	(1218, 1601, 270, 'angriff', 'magie', -3, 3, 3, 0, 0, 1),
	(1219, 1601, 270, 'angriff', 'abwehr', -2, 3, 3, 0, 0, 1),
	(1220, 1602, 269, 'angriff', 'gesundheit', -5, 1, 1, 1, 0, 1),
	(1221, 1603, 270, 'angriff', 'staerke', -3, 3, 3, 0, 0, 1),
	(1222, 1603, 270, 'angriff', 'intelligenz', -3, 3, 3, 0, 0, 1),
	(1223, 1603, 270, 'angriff', 'magie', -3, 3, 3, 0, 0, 1),
	(1224, 1603, 270, 'angriff', 'abwehr', -2, 3, 3, 0, 0, 1),
	(1225, 1606, 269, 'angriff', 'gesundheit', -4, 1, 1, 1, 0, 1),
	(1226, 1607, 270, 'angriff', 'gesundheit', -5, 1, 1, 1, 1, 1),
	(1227, 1608, 269, 'angriff', 'gesundheit', -4, 1, 1, 1, 0, 1),
	(1228, 1609, 270, 'angriff', 'gesundheit', -5, 1, 1, 1, 1, 1),
	(1229, 1611, 270, 'angriff', 'gesundheit', -5, 1, 1, 1, 1, 1),
	(1230, 1612, 269, 'angriff', 'gesundheit', -4, 1, 1, 1, 0, 1),
	(1231, 1613, 270, 'angriff', 'gesundheit', -5, 1, 1, 1, 1, 1),
	(1232, 1615, 270, 'angriff', 'gesundheit', -5, 1, 1, 1, 1, 1),
	(1233, 1616, 269, 'angriff', 'gesundheit', -5, 1, 1, 1, 0, 1),
	(1234, 1617, 270, 'angriff', 'gesundheit', -5, 1, 1, 1, 1, 1),
	(1235, 1619, 270, 'angriff', 'gesundheit', -5, 1, 1, 1, 1, 1),
	(1236, 1620, 272, 'angriff', 'staerke', -5, 5, 5, 0, 1, 0),
	(1237, 1620, 272, 'angriff', 'gesundheit', -3, 5, 5, 1, 1, 1),
	(1238, 1622, 272, 'angriff', 'gesundheit', -5, 1, 1, 1, 1, 1),
	(1239, 1623, 271, 'angriff', 'gesundheit', -3, 3, 3, 1, 0, 1),
	(1240, 1624, 272, 'angriff', 'gesundheit', -5, 1, 1, 1, 1, 1),
	(1241, 1626, 272, 'angriff', 'gesundheit', -5, 1, 1, 1, 1, 1),
	(1242, 1628, 272, 'angriff', 'gesundheit', -5, 1, 1, 1, 1, 1),
	(1243, 1629, 274, 'angriff', 'gesundheit', -3, 3, 3, 1, 1, 1),
	(1244, 1630, 274, 'angriff', 'gesundheit', -3, 3, 3, 1, 0, 1),
	(1245, 1631, 273, 'angriff', 'gesundheit', -4, 1, 1, 1, 0, 1),
	(1246, 1635, 273, 'angriff', 'gesundheit', -4, 1, 1, 1, 0, 1),
	(1247, 1636, 274, 'angriff', 'staerke', -3, 3, 3, 0, 1, 1),
	(1248, 1636, 274, 'angriff', 'intelligenz', -3, 3, 3, 0, 0, 1),
	(1249, 1636, 274, 'angriff', 'magie', -3, 3, 3, 0, 1, 1),
	(1250, 1636, 274, 'angriff', 'abwehr', -2, 3, 3, 0, 1, 1),
	(1251, 1638, 274, 'angriff', 'staerke', -5, 3, 5, 0, 1, 0),
	(1252, 1638, 274, 'angriff', 'gesundheit', -3, 3, 5, 1, 1, 0),
	(1253, 1640, 273, 'angriff', 'gesundheit', -3, 3, 3, 1, 0, 1),
	(1254, 1641, 274, 'angriff', 'gesundheit', -5, 1, 1, 1, 1, 1),
	(1255, 1642, 274, 'angriff', 'gesundheit', -5, 1, 1, 1, 1, 1),
	(1256, 1644, 274, 'angriff', 'gesundheit', -5, 1, 1, 1, 1, 1),
	(1257, 1646, 275, 'angriff', 'gesundheit', -5, 1, 1, 1, 1, 1),
	(1258, 1647, 275, 'angriff', 'gesundheit', -4, 1, 1, 1, 1, 1),
	(1259, 1650, 276, 'angriff', 'staerke', -3, 3, 3, 0, 0, 1),
	(1260, 1650, 276, 'angriff', 'intelligenz', -3, 3, 3, 0, 0, 1),
	(1261, 1650, 276, 'angriff', 'magie', -3, 3, 3, 0, 0, 1),
	(1262, 1650, 276, 'angriff', 'abwehr', -2, 3, 3, 0, 0, 1),
	(1263, 1651, 276, 'angriff', 'staerke', -5, 5, 5, 0, 1, 0),
	(1264, 1651, 276, 'angriff', 'gesundheit', -3, 5, 5, 1, 1, 1),
	(1265, 1652, 275, 'angriff', 'gesundheit', -5, 1, 1, 1, 0, 1),
	(1266, 1653, 276, 'angriff', 'staerke', -5, 4, 5, 0, 1, 0),
	(1267, 1653, 276, 'angriff', 'gesundheit', -3, 4, 5, 1, 1, 1),
	(1268, 1654, 275, 'angriff', 'gesundheit', -4, 1, 1, 1, 0, 1),
	(1269, 1655, 276, 'angriff', 'gesundheit', -5, 1, 1, 1, 1, 1),
	(1270, 1656, 275, 'angriff', 'gesundheit', -5, 1, 1, 1, 0, 1),
	(1271, 1657, 276, 'angriff', 'gesundheit', -5, 1, 1, 1, 1, 1),
	(1272, 1658, 275, 'angriff', 'gesundheit', -5, 1, 1, 1, 0, 1),
	(1273, 1659, 276, 'angriff', 'gesundheit', -5, 0, 1, 1, 1, 1),
	(1274, 1661, 278, 'angriff', 'gesundheit', -5, 1, 1, 1, 1, 1),
	(1275, 1662, 278, 'angriff', 'staerke', -5, 5, 5, 0, 1, 0),
	(1276, 1662, 278, 'angriff', 'gesundheit', -3, 5, 5, 1, 1, 1),
	(1277, 1664, 278, 'angriff', 'staerke', -5, 4, 5, 0, 1, 0),
	(1278, 1664, 278, 'angriff', 'gesundheit', -3, 4, 5, 1, 1, 0),
	(1279, 1667, 277, 'angriff', 'gesundheit', -4, 1, 1, 1, 0, 1),
	(1280, 1670, 278, 'angriff', 'gesundheit', -5, 1, 1, 1, 1, 1),
	(1281, 1672, 280, 'angriff', 'staerke', -5, 5, 5, 0, 0, 1),
	(1282, 1672, 280, 'angriff', 'gesundheit', -3, 5, 5, 1, 1, 1),
	(1283, 1676, 279, 'angriff', 'gesundheit', -5, 1, 1, 1, 0, 1),
	(1284, 1677, 280, 'angriff', 'gesundheit', -3, 3, 3, 1, 1, 1),
	(1285, 1680, 279, 'angriff', 'gesundheit', -5, 1, 1, 1, 0, 1),
	(1286, 1682, 279, 'angriff', 'gesundheit', -4, 1, 1, 1, 0, 1),
	(1287, 1684, 279, 'angriff', 'gesundheit', -4, 1, 1, 1, 0, 1),
	(1288, 1687, 280, 'angriff', 'gesundheit', -5, 1, 1, 1, 1, 1),
	(1289, 1688, 279, 'angriff', 'gesundheit', -4, 1, 1, 1, 0, 1),
	(1290, 1689, 280, 'angriff', 'gesundheit', -5, 1, 1, 1, 1, 1),
	(1291, 1690, 279, 'angriff', 'gesundheit', -5, 1, 1, 1, 0, 1),
	(1292, 1693, 280, 'angriff', 'gesundheit', -5, 1, 1, 1, 1, 1),
	(1293, 1694, 282, 'angriff', 'magie', -5, 2, 2, 1, 1, 1),
	(1294, 1696, 281, 'angriff', 'gesundheit', -5, 1, 1, 1, 0, 1),
	(1295, 1697, 281, 'angriff', 'gesundheit', -5, 1, 1, 1, 0, 1),
	(1296, 1698, 282, 'angriff', 'initiative', -3, 4, 4, 1, 1, 1),
	(1297, 1698, 282, 'angriff', 'ausweichen', -4, 4, 4, 1, 1, 1),
	(1298, 1699, 281, 'angriff', 'gesundheit', -5, 1, 1, 1, 0, 1),
	(1299, 1701, 281, 'verteidigung', 'staerke', 3, 3, 3, 1, 0, 1),
	(1300, 1701, 281, 'verteidigung', 'gesundheit', 4, 3, 3, 1, 0, 1),
	(1301, 1702, 281, 'angriff', 'gesundheit', -3, 3, 3, 1, 0, 1),
	(1302, 1703, 281, 'angriff', 'gesundheit', -5, 1, 1, 1, 0, 1),
	(1303, 1711, 281, 'angriff', 'gesundheit', -4, 1, 1, 1, 0, 1),
	(1304, 1714, 281, 'angriff', 'gesundheit', -5, 1, 1, 1, 0, 1),
	(1305, 1716, 283, 'angriff', 'magie', -2, 3, 4, 0, 1, 0),
	(1306, 1716, 283, 'angriff', 'initiative', -1, 3, 4, 0, 1, 0),
	(1307, 1716, 283, 'angriff', 'ausweichen', -1, 3, 4, 0, 1, 0),
	(1308, 1716, 283, 'angriff', 'gesundheit', -4, 3, 4, 1, 1, 1),
	(1309, 1716, 283, 'angriff', 'abwehr', -3, 2, 4, 0, 1, 1),
	(1310, 1717, 281, 'angriff', 'gesundheit', -5, 1, 1, 1, 0, 1),
	(1311, 1718, 283, 'angriff', 'gesundheit', -5, 1, 1, 1, 1, 1),
	(1312, 1719, 281, 'angriff', 'gesundheit', -5, 1, 1, 1, 0, 1),
	(1313, 1721, 281, 'verteidigung', 'staerke', 3, 3, 3, 1, 0, 1),
	(1314, 1721, 281, 'verteidigung', 'gesundheit', 4, 3, 3, 1, 0, 1),
	(1315, 1723, 282, 'angriff', 'gesundheit', -3, 2, 2, 1, 1, 1),
	(1316, 1724, 281, 'angriff', 'gesundheit', -5, 1, 1, 1, 0, 1),
	(1317, 1726, 281, 'angriff', 'gesundheit', -5, 1, 1, 1, 0, 1),
	(1318, 1729, 282, 'angriff', 'gesundheit', -3, 2, 2, 1, 1, 1),
	(1319, 1731, 282, 'angriff', 'gesundheit', -3, 2, 2, 1, 1, 1),
	(1320, 1733, 281, 'angriff', 'gesundheit', -4, 1, 1, 1, 0, 1),
	(1321, 1734, 282, 'angriff', 'gesundheit', -3, 2, 2, 1, 1, 1),
	(1322, 1736, 282, 'angriff', 'gesundheit', -3, 2, 2, 1, 1, 1),
	(1323, 1738, 282, 'angriff', 'gesundheit', -5, 1, 1, 1, 1, 1),
	(1324, 1739, 286, 'angriff', 'staerke', -8, 1, 1, 1, 1, 1),
	(1325, 1739, 286, 'angriff', 'gesundheit', -6, 1, 1, 1, 1, 1),
	(1326, 1741, 284, 'angriff', 'gesundheit', -5, 1, 1, 1, 0, 1),
	(1327, 1744, 284, 'angriff', 'gesundheit', -4, 1, 1, 1, 0, 1),
	(1328, 1745, 284, 'angriff', 'gesundheit', -5, 1, 1, 1, 0, 1),
	(1329, 1746, 286, 'angriff', 'magie', -2, 3, 4, 0, 1, 0),
	(1330, 1746, 286, 'angriff', 'initiative', -1, 3, 4, 0, 1, 0),
	(1331, 1746, 286, 'angriff', 'ausweichen', -1, 3, 4, 0, 1, 0),
	(1332, 1746, 286, 'angriff', 'gesundheit', -4, 3, 4, 1, 1, 1),
	(1333, 1746, 286, 'angriff', 'abwehr', -3, 2, 4, 0, 1, 1),
	(1334, 1747, 284, 'angriff', 'gesundheit', -4, 1, 1, 1, 0, 1),
	(1335, 1749, 285, 'angriff', 'magie', -2, 4, 4, 0, 0, 1),
	(1336, 1749, 285, 'angriff', 'initiative', -1, 4, 4, 0, 0, 1),
	(1337, 1749, 285, 'angriff', 'ausweichen', -1, 4, 4, 0, 0, 1),
	(1338, 1749, 285, 'angriff', 'gesundheit', -4, 4, 4, 1, 1, 1),
	(1339, 1749, 285, 'angriff', 'abwehr', -3, 4, 4, 0, 0, 1),
	(1340, 1750, 284, 'angriff', 'gesundheit', -4, 1, 1, 1, 0, 1),
	(1341, 1752, 285, 'angriff', 'gesundheit', -3, 2, 2, 1, 1, 1),
	(1342, 1755, 284, 'angriff', 'gesundheit', -3, 3, 3, 1, 0, 1),
	(1343, 1756, 285, 'angriff', 'gesundheit', -3, 2, 2, 1, 1, 1),
	(1344, 1758, 285, 'angriff', 'gesundheit', -3, 2, 2, 1, 1, 1),
	(1345, 1760, 285, 'angriff', 'gesundheit', -5, 1, 1, 1, 1, 1),
	(1346, 1762, 287, 'angriff', 'gesundheit', -5, 1, 1, 1, 0, 1),
	(1347, 1763, 288, 'angriff', 'initiative', -3, 4, 4, 1, 1, 1),
	(1348, 1763, 288, 'angriff', 'ausweichen', -4, 4, 4, 1, 1, 1),
	(1349, 1764, 287, 'angriff', 'gesundheit', -5, 1, 1, 1, 0, 1),
	(1350, 1765, 288, 'angriff', 'magie', -2, 4, 4, 0, 0, 1),
	(1351, 1765, 288, 'angriff', 'initiative', -1, 4, 4, 0, 0, 1),
	(1352, 1765, 288, 'angriff', 'ausweichen', -1, 4, 4, 0, 0, 1),
	(1353, 1765, 288, 'angriff', 'gesundheit', -4, 4, 4, 1, 1, 1),
	(1354, 1765, 288, 'angriff', 'abwehr', -3, 4, 4, 0, 0, 1),
	(1355, 1767, 288, 'angriff', 'initiative', -3, 4, 4, 1, 1, 1),
	(1356, 1767, 288, 'angriff', 'ausweichen', -4, 4, 4, 1, 1, 1),
	(1357, 1768, 287, 'angriff', 'gesundheit', -5, 1, 1, 1, 0, 1),
	(1358, 1769, 287, 'verteidigung', 'gesundheit', 3, 2, 2, 1, 0, 1),
	(1359, 1770, 287, 'angriff', 'gesundheit', -5, 1, 1, 1, 0, 1),
	(1360, 1771, 288, 'angriff', 'gesundheit', -3, 2, 2, 1, 1, 1),
	(1361, 1773, 288, 'angriff', 'gesundheit', -3, 2, 2, 1, 1, 1),
	(1362, 1774, 288, 'angriff', 'gesundheit', -3, 2, 2, 1, 1, 1),
	(1363, 1776, 288, 'angriff', 'gesundheit', -5, 1, 1, 1, 1, 1),
	(1364, 1778, 289, 'angriff', 'gesundheit', -4, 1, 1, 1, 0, 1),
	(1365, 1779, 290, 'angriff', 'initiative', -3, 4, 4, 1, 1, 1),
	(1366, 1779, 290, 'angriff', 'ausweichen', -4, 4, 4, 1, 1, 1),
	(1367, 1781, 290, 'angriff', 'initiative', -3, 4, 4, 1, 1, 1),
	(1368, 1781, 290, 'angriff', 'ausweichen', -4, 4, 4, 1, 1, 1),
	(1369, 1783, 290, 'angriff', 'initiative', -3, 4, 4, 1, 1, 1),
	(1370, 1783, 290, 'angriff', 'ausweichen', -4, 4, 4, 1, 1, 1),
	(1371, 1785, 290, 'angriff', 'initiative', -3, 4, 4, 1, 1, 1),
	(1372, 1785, 290, 'angriff', 'ausweichen', -4, 4, 4, 1, 1, 1),
	(1373, 1787, 290, 'angriff', 'gesundheit', -3, 2, 2, 1, 1, 1),
	(1374, 1788, 290, 'angriff', 'gesundheit', -3, 2, 2, 1, 1, 1),
	(1375, 1789, 289, 'angriff', 'gesundheit', -4, 1, 1, 1, 0, 1),
	(1376, 1790, 290, 'angriff', 'gesundheit', -3, 2, 2, 1, 1, 1),
	(1377, 1791, 289, 'angriff', 'gesundheit', -4, 1, 1, 1, 0, 1),
	(1378, 1792, 290, 'angriff', 'gesundheit', -5, 1, 1, 1, 1, 1),
	(1379, 1793, 290, 'angriff', 'gesundheit', -5, 1, 1, 1, 1, 1),
	(1380, 1794, 289, 'angriff', 'gesundheit', -4, 1, 1, 1, 0, 1),
	(1381, 1796, 290, 'angriff', 'gesundheit', -5, 1, 1, 1, 1, 1),
	(1382, 1797, 289, 'angriff', 'gesundheit', -4, 1, 1, 1, 0, 1),
	(1383, 1798, 290, 'angriff', 'gesundheit', -5, 1, 1, 1, 1, 1),
	(1384, 1801, 292, 'angriff', 'staerke', -8, 1, 1, 1, 1, 1),
	(1385, 1801, 292, 'angriff', 'gesundheit', -6, 1, 1, 1, 1, 1),
	(1386, 1802, 291, 'angriff', 'gesundheit', -5, 1, 1, 1, 0, 1),
	(1387, 1803, 292, 'angriff', 'staerke', -8, 1, 1, 1, 1, 1),
	(1388, 1803, 292, 'angriff', 'gesundheit', -6, 1, 1, 1, 1, 1),
	(1389, 1804, 291, 'angriff', 'gesundheit', -5, 1, 1, 1, 0, 1),
	(1390, 1805, 292, 'angriff', 'initiative', -3, 4, 4, 1, 1, 1),
	(1391, 1805, 292, 'angriff', 'ausweichen', -4, 4, 4, 1, 1, 1),
	(1392, 1806, 291, 'angriff', 'gesundheit', -5, 1, 1, 1, 0, 1),
	(1393, 1809, 292, 'angriff', 'gesundheit', -3, 2, 2, 1, 1, 1),
	(1394, 1810, 291, 'angriff', 'gesundheit', -4, 1, 1, 1, 0, 1),
	(1395, 1812, 291, 'angriff', 'gesundheit', -4, 1, 1, 1, 0, 1),
	(1396, 1813, 292, 'angriff', 'gesundheit', -3, 2, 2, 1, 1, 1),
	(1397, 1815, 292, 'angriff', 'gesundheit', -5, 1, 1, 1, 1, 1),
	(1398, 1817, 292, 'angriff', 'gesundheit', -5, 1, 1, 1, 1, 1),
	(1399, 1820, 292, 'angriff', 'gesundheit', -5, 1, 1, 1, 1, 1),
	(1400, 1821, 294, 'angriff', 'gesundheit', -3, 2, 2, 1, 1, 1),
	(1401, 1824, 293, 'angriff', 'gesundheit', -3, 3, 3, 1, 0, 1),
	(1402, 1825, 294, 'angriff', 'gesundheit', -3, 2, 2, 1, 1, 1),
	(1403, 1826, 293, 'angriff', 'gesundheit', -5, 1, 1, 1, 0, 1),
	(1404, 1827, 293, 'verteidigung', 'staerke', 3, 3, 3, 1, 0, 1),
	(1405, 1827, 293, 'verteidigung', 'gesundheit', 4, 3, 3, 1, 0, 1),
	(1406, 1828, 293, 'angriff', 'gesundheit', -4, 1, 1, 1, 0, 1),
	(1407, 1829, 293, 'verteidigung', 'staerke', 3, 3, 3, 1, 0, 1),
	(1408, 1829, 293, 'verteidigung', 'gesundheit', 4, 3, 3, 1, 0, 1),
	(1409, 1830, 293, 'angriff', 'gesundheit', -5, 1, 1, 1, 0, 1),
	(1410, 1832, 293, 'angriff', 'gesundheit', -5, 1, 1, 1, 0, 1),
	(1411, 1833, 294, 'angriff', 'gesundheit', -3, 2, 2, 1, 1, 1),
	(1412, 1835, 294, 'angriff', 'gesundheit', -5, 1, 1, 1, 1, 1),
	(1413, 1837, 294, 'angriff', 'gesundheit', -5, 1, 1, 1, 1, 1),
	(1414, 1838, 293, 'angriff', 'gesundheit', -5, 1, 1, 1, 0, 1),
	(1415, 1839, 293, 'verteidigung', 'gesundheit', 3, 2, 2, 1, 0, 1),
	(1416, 1841, 293, 'verteidigung', 'gesundheit', 3, 2, 2, 1, 0, 1),
	(1417, 1842, 293, 'angriff', 'gesundheit', -4, 1, 1, 1, 0, 1),
	(1418, 1844, 293, 'angriff', 'gesundheit', -4, 1, 1, 1, 0, 1),
	(1419, 1845, 293, 'verteidigung', 'gesundheit', 3, 2, 2, 1, 0, 1),
	(1420, 1846, 293, 'angriff', 'gesundheit', -5, 1, 1, 1, 0, 1),
	(1421, 1847, 294, 'angriff', 'gesundheit', -3, 2, 2, 1, 1, 1),
	(1422, 1848, 293, 'angriff', 'gesundheit', -4, 1, 1, 1, 0, 1),
	(1423, 1850, 293, 'angriff', 'gesundheit', -5, 1, 1, 1, 0, 1),
	(1424, 1851, 294, 'angriff', 'gesundheit', -5, 1, 1, 1, 1, 1),
	(1425, 1854, 296, 'angriff', 'magie', -2, 4, 4, 0, 1, 0),
	(1426, 1854, 296, 'angriff', 'initiative', -1, 4, 4, 0, 1, 0),
	(1427, 1854, 296, 'angriff', 'ausweichen', -1, 4, 4, 0, 1, 0),
	(1428, 1854, 296, 'angriff', 'gesundheit', -4, 4, 4, 1, 1, 1),
	(1429, 1854, 296, 'angriff', 'abwehr', -3, 4, 4, 0, 1, 0),
	(1430, 1856, 296, 'angriff', 'magie', -2, 3, 4, 0, 1, 0),
	(1431, 1856, 296, 'angriff', 'initiative', -1, 3, 4, 0, 1, 0),
	(1432, 1856, 296, 'angriff', 'ausweichen', -1, 3, 4, 0, 1, 0),
	(1433, 1856, 296, 'angriff', 'gesundheit', -4, 3, 4, 1, 1, 0),
	(1434, 1856, 296, 'angriff', 'abwehr', -3, 3, 4, 0, 1, 0),
	(1435, 1857, 295, 'angriff', 'gesundheit', -3, 3, 3, 1, 0, 1),
	(1436, 1858, 296, 'angriff', 'magie', -2, 2, 4, 0, 1, 0),
	(1437, 1858, 296, 'angriff', 'initiative', -1, 2, 4, 0, 1, 0),
	(1438, 1858, 296, 'angriff', 'ausweichen', -1, 2, 4, 0, 1, 0),
	(1439, 1858, 296, 'angriff', 'gesundheit', -4, 2, 4, 1, 1, 1),
	(1440, 1858, 296, 'angriff', 'abwehr', -3, 1, 4, 0, 1, 1),
	(1441, 1860, 296, 'angriff', 'gesundheit', -5, 0, 1, 1, 1, 1),
	(1442, 1861, 298, 'angriff', 'initiative', -3, 4, 4, 1, 1, 1),
	(1443, 1861, 298, 'angriff', 'ausweichen', -4, 4, 4, 1, 1, 1),
	(1444, 1865, 297, 'angriff', 'gesundheit', -4, 1, 1, 1, 0, 1),
	(1445, 1866, 298, 'angriff', 'initiative', -3, 4, 4, 1, 1, 1),
	(1446, 1866, 298, 'angriff', 'ausweichen', -4, 4, 4, 1, 1, 1),
	(1447, 1867, 297, 'angriff', 'gesundheit', -4, 1, 1, 1, 0, 1),
	(1448, 1868, 298, 'angriff', 'initiative', -3, 4, 4, 1, 1, 1),
	(1449, 1868, 298, 'angriff', 'ausweichen', -4, 4, 4, 1, 1, 1),
	(1450, 1869, 297, 'angriff', 'gesundheit', -5, 1, 1, 1, 0, 1),
	(1451, 1870, 298, 'angriff', 'initiative', -3, 4, 4, 1, 1, 1),
	(1452, 1870, 298, 'angriff', 'ausweichen', -4, 4, 4, 1, 1, 1),
	(1453, 1872, 298, 'angriff', 'initiative', -3, 4, 4, 1, 1, 1),
	(1454, 1872, 298, 'angriff', 'ausweichen', -4, 4, 4, 1, 1, 1),
	(1455, 1873, 298, 'angriff', 'gesundheit', -5, 1, 1, 1, 1, 1),
	(1456, 1874, 297, 'angriff', 'gesundheit', -4, 1, 1, 1, 0, 1),
	(1457, 1875, 298, 'angriff', 'gesundheit', -5, 1, 1, 1, 1, 1),
	(1458, 1876, 298, 'angriff', 'gesundheit', -5, 1, 1, 1, 1, 1),
	(1459, 1877, 297, 'angriff', 'gesundheit', -3, 3, 3, 1, 0, 1),
	(1460, 1878, 298, 'angriff', 'gesundheit', -5, 1, 1, 1, 1, 1),
	(1461, 1879, 298, 'angriff', 'gesundheit', -5, 1, 1, 1, 1, 1),
	(1462, 1880, 297, 'angriff', 'gesundheit', -4, 1, 1, 1, 0, 1),
	(1463, 1881, 298, 'angriff', 'gesundheit', -5, 1, 1, 1, 1, 1),
	(1464, 1882, 298, 'angriff', 'gesundheit', -5, 1, 1, 1, 1, 1),
	(1465, 1883, 300, 'angriff', 'staerke', -8, 1, 1, 1, 1, 1),
	(1466, 1883, 300, 'angriff', 'gesundheit', -6, 1, 1, 1, 1, 1),
	(1467, 1884, 299, 'angriff', 'gesundheit', -5, 1, 1, 1, 0, 1),
	(1468, 1885, 300, 'angriff', 'staerke', -8, 1, 1, 1, 1, 1),
	(1469, 1885, 300, 'angriff', 'gesundheit', -6, 1, 1, 1, 1, 1),
	(1470, 1886, 299, 'angriff', 'gesundheit', -3, 3, 3, 1, 0, 1),
	(1471, 1887, 300, 'angriff', 'staerke', -8, 1, 1, 1, 1, 1),
	(1472, 1887, 300, 'angriff', 'gesundheit', -6, 1, 1, 1, 1, 1),
	(1473, 1888, 299, 'angriff', 'gesundheit', -4, 1, 1, 1, 0, 1),
	(1474, 1889, 300, 'angriff', 'staerke', -8, 1, 1, 1, 1, 1),
	(1475, 1889, 300, 'angriff', 'gesundheit', -6, 1, 1, 1, 1, 1),
	(1476, 1893, 300, 'angriff', 'gesundheit', -3, 2, 2, 1, 1, 1),
	(1477, 1894, 299, 'angriff', 'gesundheit', -5, 1, 1, 1, 0, 1),
	(1478, 1895, 300, 'angriff', 'gesundheit', -3, 2, 2, 1, 1, 1),
	(1479, 1896, 299, 'angriff', 'gesundheit', -5, 1, 1, 1, 0, 1),
	(1480, 1897, 300, 'angriff', 'gesundheit', -5, 0, 1, 1, 1, 1),
	(1481, 1898, 302, 'angriff', 'staerke', -8, 1, 1, 1, 1, 1),
	(1482, 1898, 302, 'angriff', 'gesundheit', -6, 1, 1, 1, 1, 1),
	(1483, 1899, 301, 'angriff', 'gesundheit', -4, 1, 1, 1, 0, 1),
	(1484, 1900, 302, 'angriff', 'staerke', -8, 1, 1, 1, 1, 1),
	(1485, 1900, 302, 'angriff', 'gesundheit', -6, 1, 1, 1, 1, 1),
	(1486, 1901, 301, 'angriff', 'gesundheit', -4, 1, 1, 1, 0, 1),
	(1487, 1902, 302, 'angriff', 'staerke', -8, 1, 1, 1, 1, 1),
	(1488, 1902, 302, 'angriff', 'gesundheit', -6, 1, 1, 1, 1, 1),
	(1489, 1903, 301, 'angriff', 'gesundheit', -5, 1, 1, 1, 0, 1),
	(1490, 1904, 302, 'angriff', 'staerke', -8, 1, 1, 1, 1, 1),
	(1491, 1904, 302, 'angriff', 'gesundheit', -6, 1, 1, 1, 1, 1),
	(1492, 1905, 301, 'angriff', 'gesundheit', -3, 3, 3, 1, 0, 1),
	(1493, 1906, 302, 'angriff', 'gesundheit', -3, 2, 2, 1, 1, 1),
	(1494, 1909, 301, 'angriff', 'gesundheit', -5, 1, 1, 1, 0, 1),
	(1495, 1911, 301, 'angriff', 'gesundheit', -5, 1, 1, 1, 0, 1),
	(1496, 1912, 302, 'angriff', 'gesundheit', -5, 1, 1, 1, 1, 1),
	(1497, 1913, 304, 'angriff', 'staerke', -8, 1, 1, 1, 1, 1),
	(1498, 1913, 304, 'angriff', 'gesundheit', -6, 1, 1, 1, 1, 1),
	(1499, 1915, 304, 'angriff', 'staerke', -2, 4, 4, 0, 0, 1),
	(1500, 1915, 304, 'angriff', 'intelligenz', -2, 4, 4, 0, 0, 1),
	(1501, 1915, 304, 'angriff', 'magie', -2, 4, 4, 0, 0, 1),
	(1502, 1915, 304, 'angriff', 'gesundheit', -2, 4, 4, 1, 1, 1),
	(1503, 1916, 303, 'angriff', 'gesundheit', -5, 1, 1, 1, 0, 1),
	(1504, 1917, 304, 'angriff', 'staerke', -2, 4, 4, 0, 1, 0),
	(1505, 1917, 304, 'angriff', 'intelligenz', -2, 4, 4, 0, 1, 0),
	(1506, 1917, 304, 'angriff', 'magie', -2, 4, 4, 0, 1, 0),
	(1507, 1917, 304, 'angriff', 'gesundheit', -2, 4, 4, 1, 1, 1),
	(1508, 1918, 303, 'angriff', 'gesundheit', -3, 3, 3, 1, 0, 1),
	(1509, 1919, 304, 'angriff', 'staerke', -2, 3, 4, 0, 1, 0),
	(1510, 1919, 304, 'angriff', 'intelligenz', -2, 3, 4, 0, 1, 0),
	(1511, 1919, 304, 'angriff', 'magie', -2, 3, 4, 0, 1, 0),
	(1512, 1919, 304, 'angriff', 'gesundheit', -2, 3, 4, 1, 1, 0),
	(1513, 1920, 303, 'angriff', 'gesundheit', -5, 1, 1, 1, 0, 1),
	(1514, 1921, 304, 'angriff', 'gesundheit', -3, 1, 1, 1, 1, 1),
	(1515, 1922, 303, 'angriff', 'gesundheit', -5, 1, 1, 1, 0, 1),
	(1516, 1923, 304, 'angriff', 'gesundheit', -5, 1, 1, 1, 1, 1),
	(1517, 1924, 306, 'angriff', 'gesundheit', -5, 3, 3, 1, 1, 1),
	(1518, 1924, 306, 'angriff', 'ausweichen', -1, 3, 3, 0, 0, 1),
	(1519, 1924, 306, 'angriff', 'abwehr', -1, 3, 3, 0, 0, 1),
	(1520, 1925, 305, 'angriff', 'gesundheit', -5, 1, 1, 1, 0, 1),
	(1521, 1926, 306, 'angriff', 'gesundheit', -5, 3, 3, 1, 1, 1),
	(1522, 1926, 306, 'angriff', 'ausweichen', -1, 3, 3, 0, 0, 1),
	(1523, 1926, 306, 'angriff', 'abwehr', -1, 3, 3, 0, 0, 1),
	(1524, 1927, 305, 'angriff', 'gesundheit', -5, 1, 1, 1, 0, 1),
	(1525, 1928, 305, 'verteidigung', 'staerke', 3, 3, 3, 1, 0, 1),
	(1526, 1928, 305, 'verteidigung', 'gesundheit', 4, 3, 3, 1, 0, 1),
	(1527, 1929, 305, 'angriff', 'gesundheit', -5, 1, 1, 1, 0, 1),
	(1528, 1930, 306, 'angriff', 'staerke', -2, 2, 4, 0, 1, 0),
	(1529, 1930, 306, 'angriff', 'intelligenz', -2, 2, 4, 0, 1, 0),
	(1530, 1930, 306, 'angriff', 'magie', -2, 2, 4, 0, 1, 0),
	(1531, 1930, 306, 'angriff', 'gesundheit', -2, 2, 4, 1, 1, 0),
	(1532, 1931, 305, 'angriff', 'gesundheit', -5, 1, 1, 1, 0, 1),
	(1533, 1932, 306, 'angriff', 'gesundheit', -5, 1, 1, 1, 1, 1),
	(1534, 1933, 308, 'angriff', 'gesundheit', -4, 2, 2, 1, 1, 1),
	(1535, 1933, 308, 'angriff', 'abwehr', -3, 2, 2, 0, 0, 1),
	(1536, 1934, 307, 'angriff', 'gesundheit', -5, 1, 1, 1, 0, 1),
	(1537, 1935, 308, 'angriff', 'magie', -2, 3, 3, 0, 0, 1),
	(1538, 1935, 308, 'angriff', 'initiative', -1, 3, 3, 0, 0, 1),
	(1539, 1936, 307, 'angriff', 'gesundheit', -3, 3, 3, 1, 0, 1),
	(1540, 1937, 308, 'angriff', 'magie', -1, 3, 3, 0, 0, 1),
	(1541, 1938, 307, 'angriff', 'gesundheit', -4, 1, 1, 1, 0, 1),
	(1542, 1940, 307, 'angriff', 'gesundheit', -5, 1, 1, 1, 0, 1),
	(1543, 1941, 308, 'angriff', 'gesundheit', -2, 3, 3, 1, 1, 1),
	(1544, 1941, 308, 'angriff', 'ausweichen', -2, 3, 3, 0, 0, 1),
	(1545, 1942, 307, 'angriff', 'gesundheit', -5, 1, 1, 1, 0, 1),
	(1546, 1943, 308, 'angriff', 'gesundheit', -2, 3, 3, 1, 1, 1),
	(1547, 1943, 308, 'angriff', 'ausweichen', -2, 3, 3, 0, 0, 1),
	(1548, 1944, 307, 'angriff', 'gesundheit', -5, 1, 1, 1, 0, 1),
	(1549, 1945, 308, 'angriff', 'magie', -2, 3, 3, 0, 0, 1),
	(1550, 1945, 308, 'angriff', 'initiative', -1, 3, 3, 0, 0, 1),
	(1551, 1946, 307, 'angriff', 'gesundheit', -4, 1, 1, 1, 0, 1),
	(1552, 1947, 308, 'angriff', 'gesundheit', -3, 2, 2, 1, 1, 1),
	(1553, 1948, 307, 'angriff', 'gesundheit', -5, 1, 1, 1, 0, 1),
	(1554, 1950, 307, 'angriff', 'gesundheit', -5, 1, 1, 1, 0, 1),
	(1555, 1951, 310, 'angriff', 'gesundheit', -6, 3, 3, 1, 1, 1),
	(1556, 1951, 310, 'angriff', 'ausweichen', -2, 3, 3, 1, 1, 1),
	(1557, 1952, 309, 'angriff', 'gesundheit', -4, 1, 1, 1, 0, 1),
	(1558, 1953, 310, 'angriff', 'intelligenz', -4, 3, 3, 0, 0, 1),
	(1559, 1954, 309, 'angriff', 'gesundheit', -3, 3, 3, 1, 0, 1),
	(1560, 1956, 309, 'angriff', 'gesundheit', -5, 1, 1, 1, 0, 1),
	(1561, 1957, 310, 'angriff', 'gesundheit', -2, 2, 2, 1, 1, 1),
	(1562, 1959, 310, 'angriff', 'staerke', -3, 1, 1, 1, 1, 1),
	(1563, 1959, 310, 'angriff', 'gesundheit', -4, 1, 1, 1, 1, 1),
	(1564, 1959, 310, 'angriff', 'ausweichen', -2, 1, 1, 1, 1, 1),
	(1565, 1959, 310, 'angriff', 'abwehr', -2, 1, 1, 1, 1, 1),
	(1566, 1960, 309, 'angriff', 'gesundheit', -5, 1, 1, 1, 0, 1),
	(1567, 1962, 309, 'angriff', 'gesundheit', -5, 1, 1, 1, 0, 1),
	(1568, 1963, 310, 'angriff', 'gesundheit', -3, 2, 2, 1, 1, 1),
	(1569, 1964, 309, 'angriff', 'gesundheit', -4, 1, 1, 1, 0, 1),
	(1570, 1965, 310, 'angriff', 'gesundheit', -5, 1, 1, 1, 1, 1),
	(1571, 1966, 312, 'angriff', 'staerke', -2, 2, 2, 0, 0, 1),
	(1572, 1966, 312, 'angriff', 'gesundheit', -2, 2, 2, 1, 1, 1),
	(1573, 1966, 312, 'angriff', 'initiative', -2, 2, 2, 0, 0, 1),
	(1574, 1966, 312, 'angriff', 'ausweichen', -2, 2, 2, 0, 0, 1),
	(1575, 1966, 312, 'angriff', 'abwehr', -2, 2, 2, 0, 0, 1),
	(1576, 1967, 311, 'angriff', 'gesundheit', -5, 1, 1, 1, 0, 1),
	(1577, 1968, 312, 'angriff', 'staerke', -3, 3, 3, 1, 1, 1),
	(1578, 1968, 312, 'angriff', 'magie', -5, 3, 3, 1, 1, 1),
	(1579, 1968, 312, 'angriff', 'gesundheit', -3, 3, 3, 1, 1, 1),
	(1580, 1968, 312, 'angriff', 'abwehr', -2, 3, 3, 1, 1, 1),
	(1581, 1970, 312, 'angriff', 'intelligenz', -2, 1, 1, 1, 1, 1),
	(1582, 1970, 312, 'angriff', 'magie', -1, 1, 1, 1, 1, 1),
	(1583, 1970, 312, 'angriff', 'gesundheit', -1, 1, 1, 1, 1, 1),
	(1584, 1971, 311, 'angriff', 'gesundheit', -5, 1, 1, 1, 0, 1),
	(1585, 1972, 312, 'angriff', 'gesundheit', -4, 1, 1, 1, 1, 1),
	(1586, 1973, 311, 'angriff', 'gesundheit', -4, 1, 1, 1, 0, 1),
	(1587, 1974, 312, 'angriff', 'intelligenz', -2, 1, 1, 1, 1, 1),
	(1588, 1974, 312, 'angriff', 'magie', -1, 1, 1, 1, 1, 1),
	(1589, 1974, 312, 'angriff', 'gesundheit', -1, 1, 1, 1, 1, 1),
	(1590, 1975, 311, 'angriff', 'gesundheit', -4, 1, 1, 1, 0, 1),
	(1591, 1976, 312, 'angriff', 'gesundheit', -3, 2, 2, 1, 1, 1),
	(1592, 1977, 311, 'angriff', 'gesundheit', -4, 1, 1, 1, 0, 1),
	(1593, 1981, 311, 'angriff', 'gesundheit', -4, 1, 1, 1, 0, 1),
	(1594, 1982, 312, 'angriff', 'gesundheit', -5, 1, 1, 1, 1, 1),
	(1595, 1983, 311, 'angriff', 'gesundheit', -5, 1, 1, 1, 0, 1),
	(1596, 1985, 311, 'angriff', 'gesundheit', -5, 1, 1, 1, 0, 1),
	(1597, 1986, 312, 'angriff', 'gesundheit', -5, 1, 1, 1, 1, 1),
	(1598, 1987, 314, 'angriff', 'gesundheit', -8, 1, 1, 1, 1, 1),
	(1599, 1988, 313, 'angriff', 'gesundheit', -8, 1, 1, 1, 0, 1),
	(1600, 1989, 314, 'angriff', 'gesundheit', -5, 2, 2, 1, 1, 1),
	(1601, 1990, 313, 'angriff', 'gesundheit', -7, 1, 1, 1, 0, 1),
	(1602, 1991, 314, 'angriff', 'intelligenz', -2, 1, 1, 1, 1, 1),
	(1603, 1991, 314, 'angriff', 'magie', -1, 1, 1, 1, 1, 1),
	(1604, 1991, 314, 'angriff', 'gesundheit', -0, 1, 1, 1, 1, 1),
	(1605, 1992, 313, 'angriff', 'gesundheit', -7, 1, 1, 1, 0, 1),
	(1606, 1993, 314, 'angriff', 'gesundheit', -5, 2, 2, 1, 1, 1),
	(1607, 1994, 313, 'angriff', 'gesundheit', -0, 2, 3, 1, 0, 0),
	(1608, 1995, 314, 'angriff', 'gesundheit', -8, 1, 1, 1, 1, 1),
	(1609, 1996, 316, 'angriff', 'staerke', -2, 2, 2, 1, 1, 1),
	(1610, 1996, 316, 'angriff', 'gesundheit', -0, 2, 2, 1, 1, 1),
	(1611, 1996, 316, 'angriff', 'initiative', -2, 2, 2, 1, 1, 1),
	(1612, 1996, 316, 'angriff', 'ausweichen', -2, 2, 2, 1, 1, 1),
	(1613, 1997, 315, 'angriff', 'gesundheit', -0, 1, 1, 1, 0, 1),
	(1614, 1998, 316, 'angriff', 'staerke', -2, 2, 2, 1, 1, 1),
	(1615, 1998, 316, 'angriff', 'gesundheit', -0, 2, 2, 1, 1, 1),
	(1616, 1998, 316, 'angriff', 'initiative', -2, 2, 2, 1, 1, 1),
	(1617, 1998, 316, 'angriff', 'ausweichen', -2, 2, 2, 1, 1, 1),
	(1618, 1999, 315, 'angriff', 'gesundheit', -0, 3, 3, 1, 0, 1),
	(1619, 2000, 316, 'angriff', 'staerke', -8, 1, 1, 1, 1, 1),
	(1620, 2000, 316, 'angriff', 'gesundheit', -0, 1, 1, 1, 1, 1),
	(1621, 2001, 315, 'angriff', 'gesundheit', -0, 1, 1, 1, 0, 1),
	(1622, 2004, 316, 'angriff', 'gesundheit', -8, 1, 1, 1, 1, 1),
	(1623, 2006, 316, 'angriff', 'staerke', -8, 1, 1, 1, 1, 1),
	(1624, 2006, 316, 'angriff', 'gesundheit', -3, 1, 1, 1, 1, 1),
	(1625, 2007, 315, 'angriff', 'gesundheit', -0, 1, 1, 1, 0, 1),
	(1626, 2008, 316, 'angriff', 'staerke', -5, 4, 5, 0, 1, 0),
	(1627, 2008, 316, 'angriff', 'gesundheit', -2, 4, 5, 1, 1, 0),
	(1628, 2009, 315, 'angriff', 'gesundheit', -0, 1, 1, 1, 0, 1),
	(1629, 2010, 316, 'angriff', 'staerke', -8, 1, 1, 1, 1, 1),
	(1630, 2010, 316, 'angriff', 'gesundheit', -3, 1, 1, 1, 1, 1),
	(1631, 2012, 316, 'angriff', 'staerke', -8, 1, 1, 1, 1, 1),
	(1632, 2012, 316, 'angriff', 'gesundheit', -3, 1, 1, 1, 1, 1),
	(1633, 2013, 316, 'angriff', 'gesundheit', -5, 2, 2, 1, 1, 1),
	(1634, 2014, 315, 'angriff', 'gesundheit', -0, 1, 1, 1, 0, 1),
	(1635, 2016, 318, 'angriff', 'staerke', -5, 5, 5, 0, 0, 1),
	(1636, 2016, 318, 'angriff', 'gesundheit', -2, 5, 5, 1, 1, 1),
	(1637, 2018, 318, 'angriff', 'staerke', -8, 1, 1, 1, 1, 1),
	(1638, 2018, 318, 'angriff', 'gesundheit', -3, 1, 1, 1, 1, 1),
	(1639, 2019, 317, 'angriff', 'gesundheit', -0, 1, 1, 1, 0, 1),
	(1640, 2021, 317, 'angriff', 'gesundheit', -0, 1, 1, 1, 0, 1),
	(1641, 2022, 318, 'angriff', 'gesundheit', -5, 2, 2, 1, 1, 1),
	(1642, 2023, 317, 'angriff', 'gesundheit', -0, 1, 1, 1, 0, 1),
	(1643, 2024, 318, 'angriff', 'gesundheit', -5, 2, 2, 1, 1, 1),
	(1644, 2025, 317, 'angriff', 'gesundheit', -6, 1, 1, 1, 0, 1),
	(1645, 2026, 318, 'angriff', 'gesundheit', -8, 1, 1, 1, 1, 1),
	(1646, 2027, 320, 'angriff', 'staerke', -4, 1, 1, 1, 1, 1),
	(1647, 2027, 320, 'angriff', 'gesundheit', -3, 1, 1, 1, 1, 1),
	(1648, 2030, 319, 'angriff', 'gesundheit', -5, 1, 1, 1, 0, 1),
	(1649, 2032, 319, 'angriff', 'gesundheit', -7, 1, 1, 1, 0, 1),
	(1650, 2033, 320, 'angriff', 'staerke', -4, 1, 1, 1, 1, 1),
	(1651, 2033, 320, 'angriff', 'gesundheit', -3, 1, 1, 1, 1, 1),
	(1652, 2034, 319, 'angriff', 'gesundheit', -0, 1, 1, 1, 0, 1),
	(1653, 2035, 320, 'angriff', 'gesundheit', -5, 2, 2, 1, 1, 1),
	(1654, 2036, 319, 'angriff', 'gesundheit', -0, 3, 3, 1, 0, 1),
	(1655, 2037, 320, 'angriff', 'gesundheit', -5, 2, 2, 1, 1, 1),
	(1656, 2038, 319, 'angriff', 'gesundheit', -0, 1, 1, 1, 0, 1),
	(1657, 2039, 320, 'angriff', 'gesundheit', -5, 2, 2, 1, 1, 1),
	(1658, 2040, 319, 'angriff', 'gesundheit', -0, 1, 1, 1, 0, 1),
	(1659, 2041, 320, 'angriff', 'gesundheit', -5, 0, 2, 1, 1, 1),
	(1660, 2042, 322, 'angriff', 'staerke', -4, 1, 1, 1, 1, 1),
	(1661, 2042, 322, 'angriff', 'gesundheit', -3, 1, 1, 1, 1, 1),
	(1662, 2043, 321, 'angriff', 'gesundheit', -7, 1, 1, 1, 0, 1),
	(1663, 2044, 322, 'angriff', 'staerke', -4, 1, 1, 1, 1, 1),
	(1664, 2044, 322, 'angriff', 'gesundheit', -3, 1, 1, 1, 1, 1),
	(1665, 2045, 321, 'angriff', 'gesundheit', -0, 1, 1, 1, 0, 1),
	(1666, 2046, 322, 'angriff', 'staerke', -4, 1, 1, 1, 1, 1),
	(1667, 2046, 322, 'angriff', 'gesundheit', -3, 1, 1, 1, 1, 1),
	(1668, 2047, 321, 'angriff', 'gesundheit', -0, 1, 1, 1, 0, 1),
	(1669, 2048, 322, 'angriff', 'staerke', -4, 1, 1, 1, 1, 1),
	(1670, 2048, 322, 'angriff', 'gesundheit', -3, 1, 1, 1, 1, 1),
	(1671, 2049, 321, 'angriff', 'gesundheit', -0, 1, 1, 1, 0, 1),
	(1672, 2051, 321, 'angriff', 'gesundheit', -0, 1, 1, 1, 0, 1),
	(1673, 2052, 322, 'angriff', 'gesundheit', -0, 1, 1, 1, 1, 1),
	(1674, 2053, 321, 'angriff', 'gesundheit', -0, 1, 1, 1, 0, 1),
	(1675, 2054, 322, 'angriff', 'gesundheit', -0, 1, 1, 1, 1, 1),
	(1676, 2055, 321, 'angriff', 'gesundheit', -0, 3, 3, 1, 0, 1),
	(1677, 2057, 321, 'angriff', 'gesundheit', -0, 1, 1, 1, 0, 1),
	(1678, 2058, 322, 'angriff', 'gesundheit', -0, 2, 2, 1, 1, 1),
	(1679, 2059, 321, 'angriff', 'gesundheit', -0, 1, 1, 1, 0, 1),
	(1680, 2060, 322, 'angriff', 'gesundheit', -0, 1, 1, 1, 1, 1),
	(1681, 2063, 321, 'angriff', 'gesundheit', -0, 1, 1, 1, 0, 1),
	(1682, 2065, 321, 'angriff', 'gesundheit', -0, 1, 1, 1, 0, 1),
	(1683, 2066, 324, 'angriff', 'staerke', -4, 1, 1, 1, 1, 1),
	(1684, 2066, 324, 'angriff', 'gesundheit', -3, 1, 1, 1, 1, 1),
	(1685, 2067, 323, 'angriff', 'gesundheit', -0, 1, 1, 1, 0, 1),
	(1686, 2069, 323, 'angriff', 'gesundheit', -0, 1, 1, 1, 0, 1),
	(1687, 2070, 324, 'angriff', 'staerke', -4, 1, 1, 1, 1, 1),
	(1688, 2070, 324, 'angriff', 'gesundheit', -3, 1, 1, 1, 1, 1),
	(1689, 2071, 323, 'angriff', 'gesundheit', -0, 3, 3, 1, 0, 1),
	(1690, 2072, 324, 'angriff', 'staerke', -4, 1, 1, 1, 1, 1),
	(1691, 2072, 324, 'angriff', 'gesundheit', -3, 1, 1, 1, 1, 1),
	(1692, 2073, 323, 'angriff', 'gesundheit', -0, 1, 1, 1, 0, 1),
	(1693, 2074, 324, 'angriff', 'gesundheit', -5, 2, 2, 1, 1, 1),
	(1694, 2075, 323, 'angriff', 'gesundheit', -0, 1, 1, 1, 0, 1),
	(1695, 2077, 323, 'angriff', 'gesundheit', -0, 1, 1, 1, 0, 1),
	(1696, 2078, 324, 'angriff', 'gesundheit', -5, 2, 2, 1, 1, 1),
	(1697, 2080, 324, 'angriff', 'gesundheit', -5, 2, 2, 1, 1, 1),
	(1698, 2081, 323, 'angriff', 'gesundheit', -0, 1, 1, 1, 0, 1),
	(1699, 2083, 326, 'angriff', 'staerke', -4, 1, 1, 1, 1, 1),
	(1700, 2083, 326, 'angriff', 'gesundheit', -3, 1, 1, 1, 1, 1),
	(1701, 2084, 325, 'angriff', 'gesundheit', -7, 1, 1, 1, 0, 1),
	(1702, 2085, 326, 'angriff', 'staerke', -4, 1, 1, 1, 1, 1),
	(1703, 2085, 326, 'angriff', 'gesundheit', -3, 1, 1, 1, 1, 1),
	(1704, 2086, 325, 'angriff', 'gesundheit', -3, 1, 1, 1, 0, 1),
	(1705, 2087, 326, 'angriff', 'staerke', -4, 1, 1, 1, 1, 1),
	(1706, 2087, 326, 'angriff', 'gesundheit', -3, 1, 1, 1, 1, 1),
	(1707, 2088, 325, 'angriff', 'gesundheit', -0, 1, 1, 1, 0, 1),
	(1708, 2089, 326, 'angriff', 'staerke', -4, 1, 1, 1, 1, 1),
	(1709, 2089, 326, 'angriff', 'gesundheit', -3, 1, 1, 1, 1, 1),
	(1710, 2090, 325, 'angriff', 'gesundheit', -0, 3, 3, 1, 0, 1),
	(1711, 2091, 326, 'angriff', 'gesundheit', -5, 2, 2, 1, 1, 1),
	(1712, 2092, 325, 'angriff', 'gesundheit', -0, 1, 1, 1, 0, 1),
	(1713, 2093, 326, 'angriff', 'gesundheit', -5, 2, 2, 1, 1, 1),
	(1714, 2094, 325, 'angriff', 'gesundheit', -0, 1, 1, 1, 0, 1),
	(1715, 2095, 326, 'angriff', 'gesundheit', -5, 1, 2, 1, 1, 1),
	(1716, 2096, 328, 'angriff', 'staerke', -4, 1, 1, 1, 1, 1),
	(1717, 2096, 328, 'angriff', 'gesundheit', -3, 1, 1, 1, 1, 1),
	(1718, 2097, 327, 'angriff', 'gesundheit', -5, 1, 1, 1, 0, 1),
	(1719, 2098, 328, 'angriff', 'staerke', -4, 1, 1, 1, 1, 1),
	(1720, 2098, 328, 'angriff', 'gesundheit', -3, 1, 1, 1, 1, 1),
	(1721, 2099, 327, 'angriff', 'gesundheit', -4, 1, 1, 1, 0, 1),
	(1722, 2101, 327, 'angriff', 'gesundheit', -3, 1, 1, 1, 0, 1),
	(1723, 2102, 328, 'angriff', 'staerke', -4, 1, 1, 1, 1, 1),
	(1724, 2102, 328, 'angriff', 'gesundheit', -3, 1, 1, 1, 1, 1),
	(1725, 2104, 328, 'angriff', 'gesundheit', -5, 2, 2, 1, 1, 1),
	(1726, 2105, 327, 'angriff', 'gesundheit', -0, 1, 1, 1, 0, 1),
	(1727, 2106, 328, 'angriff', 'gesundheit', -5, 2, 2, 1, 1, 1),
	(1728, 2107, 327, 'angriff', 'gesundheit', -0, 1, 1, 1, 0, 1),
	(1729, 2108, 328, 'angriff', 'gesundheit', -8, 1, 1, 1, 1, 1),
	(1730, 2109, 330, 'angriff', 'staerke', -4, 1, 1, 1, 1, 1),
	(1731, 2109, 330, 'angriff', 'gesundheit', -3, 1, 1, 1, 1, 1),
	(1732, 2110, 329, 'angriff', 'gesundheit', -7, 1, 1, 1, 0, 1),
	(1733, 2111, 330, 'angriff', 'staerke', -4, 1, 1, 1, 1, 1),
	(1734, 2111, 330, 'angriff', 'gesundheit', -3, 1, 1, 1, 1, 1),
	(1735, 2113, 330, 'angriff', 'staerke', -4, 1, 1, 1, 1, 1),
	(1736, 2113, 330, 'angriff', 'gesundheit', -3, 1, 1, 1, 1, 1),
	(1737, 2114, 329, 'angriff', 'gesundheit', -0, 1, 1, 1, 0, 1),
	(1738, 2115, 330, 'angriff', 'staerke', -4, 1, 1, 1, 1, 1),
	(1739, 2115, 330, 'angriff', 'gesundheit', -3, 1, 1, 1, 1, 1),
	(1740, 2116, 329, 'angriff', 'gesundheit', -0, 3, 3, 1, 0, 1),
	(1741, 2118, 329, 'angriff', 'gesundheit', -0, 1, 1, 1, 0, 1),
	(1742, 2120, 329, 'angriff', 'gesundheit', -0, 1, 1, 1, 0, 1),
	(1743, 2121, 330, 'angriff', 'gesundheit', -5, 2, 2, 1, 1, 1),
	(1744, 2122, 329, 'angriff', 'gesundheit', -0, 1, 1, 1, 0, 1),
	(1745, 2124, 329, 'angriff', 'gesundheit', -0, 1, 1, 1, 0, 1),
	(1746, 2125, 330, 'angriff', 'gesundheit', -8, 1, 1, 1, 1, 1),
	(1747, 2126, 329, 'angriff', 'gesundheit', -0, 1, 1, 1, 0, 1),
	(1748, 2127, 330, 'angriff', 'gesundheit', -8, 1, 1, 1, 1, 1),
	(1749, 2128, 332, 'angriff', 'staerke', -2, 3, 3, 1, 1, 1),
	(1750, 2128, 332, 'angriff', 'magie', -3, 3, 3, 1, 1, 1),
	(1751, 2128, 332, 'angriff', 'gesundheit', -2, 3, 3, 1, 1, 1),
	(1752, 2128, 332, 'angriff', 'abwehr', -1, 3, 3, 1, 1, 1),
	(1753, 2129, 331, 'angriff', 'gesundheit', -8, 1, 1, 1, 0, 1),
	(1754, 2130, 332, 'angriff', 'staerke', -2, 3, 3, 1, 1, 1),
	(1755, 2130, 332, 'angriff', 'magie', -3, 3, 3, 1, 1, 1),
	(1756, 2130, 332, 'angriff', 'gesundheit', -2, 3, 3, 1, 1, 1),
	(1757, 2130, 332, 'angriff', 'abwehr', -1, 3, 3, 1, 1, 1),
	(1758, 2131, 331, 'angriff', 'gesundheit', -4, 1, 1, 1, 0, 1),
	(1759, 2132, 332, 'angriff', 'staerke', -4, 1, 1, 1, 1, 1),
	(1760, 2132, 332, 'angriff', 'gesundheit', -3, 1, 1, 1, 1, 1),
	(1761, 2133, 331, 'angriff', 'gesundheit', -0, 1, 1, 1, 0, 1),
	(1762, 2134, 332, 'angriff', 'gesundheit', -8, 1, 1, 1, 1, 1),
	(1763, 2135, 331, 'angriff', 'gesundheit', -0, 1, 1, 1, 0, 1),
	(1764, 2136, 332, 'angriff', 'staerke', -4, 1, 1, 1, 1, 1),
	(1765, 2136, 332, 'angriff', 'gesundheit', -3, 1, 1, 1, 1, 1),
	(1766, 2137, 331, 'angriff', 'gesundheit', -0, 1, 1, 1, 0, 1),
	(1767, 2138, 332, 'angriff', 'gesundheit', -8, 1, 1, 1, 1, 1),
	(1768, 2139, 331, 'angriff', 'gesundheit', -0, 1, 1, 1, 0, 1),
	(1769, 2140, 332, 'angriff', 'gesundheit', -8, 1, 1, 1, 1, 1),
	(1770, 2141, 334, 'angriff', 'gesundheit', -5, 2, 2, 1, 1, 1),
	(1771, 2142, 333, 'angriff', 'gesundheit', -0, 1, 1, 1, 0, 1),
	(1772, 2144, 333, 'angriff', 'gesundheit', -0, 3, 3, 1, 0, 1),
	(1773, 2145, 334, 'angriff', 'gesundheit', -8, 1, 1, 1, 1, 1),
	(1774, 2148, 333, 'angriff', 'gesundheit', -0, 1, 1, 1, 0, 1),
	(1775, 2149, 334, 'angriff', 'gesundheit', -8, 1, 1, 1, 1, 1),
	(1776, 2150, 333, 'angriff', 'gesundheit', -0, 1, 1, 1, 0, 1),
	(1777, 2152, 333, 'angriff', 'gesundheit', -0, 1, 1, 1, 0, 1),
	(1778, 2153, 334, 'angriff', 'gesundheit', -8, 1, 1, 1, 1, 1),
	(1779, 2156, 333, 'angriff', 'gesundheit', -0, 1, 1, 1, 0, 1),
	(1780, 2157, 334, 'angriff', 'gesundheit', -8, 1, 1, 1, 1, 1),
	(1781, 2158, 336, 'angriff', 'gesundheit', -5, 2, 2, 1, 1, 1),
	(1782, 2159, 335, 'angriff', 'gesundheit', -0, 3, 3, 1, 0, 1),
	(1783, 2161, 335, 'angriff', 'gesundheit', -8, 1, 1, 1, 0, 1),
	(1784, 2163, 335, 'angriff', 'gesundheit', -0, 1, 1, 1, 0, 1),
	(1785, 2164, 336, 'angriff', 'gesundheit', -5, 2, 2, 1, 1, 1),
	(1786, 2166, 336, 'angriff', 'gesundheit', -8, 1, 1, 1, 1, 1),
	(1787, 2167, 335, 'angriff', 'gesundheit', -0, 1, 1, 1, 0, 1),
	(1788, 2168, 336, 'angriff', 'gesundheit', -8, 1, 1, 1, 1, 1),
	(1789, 2170, 337, 'angriff', 'gesundheit', -8, 1, 1, 1, 0, 1),
	(1790, 2172, 337, 'angriff', 'gesundheit', -8, 1, 1, 1, 0, 1),
	(1791, 2173, 338, 'angriff', 'staerke', -4, 1, 1, 1, 1, 1),
	(1792, 2173, 338, 'angriff', 'gesundheit', -3, 1, 1, 1, 1, 1),
	(1793, 2174, 337, 'angriff', 'gesundheit', -2, 1, 1, 1, 0, 1),
	(1794, 2176, 337, 'angriff', 'gesundheit', -5, 1, 1, 1, 0, 1),
	(1795, 2177, 338, 'angriff', 'gesundheit', -8, 1, 1, 1, 1, 1),
	(1796, 2178, 337, 'angriff', 'gesundheit', -2, 1, 1, 1, 0, 1),
	(1797, 2180, 337, 'angriff', 'gesundheit', -5, 1, 1, 1, 0, 1),
	(1798, 2182, 337, 'angriff', 'gesundheit', -0, 3, 3, 1, 0, 1),
	(1799, 2183, 338, 'angriff', 'staerke', -3, 5, 5, 0, 1, 0),
	(1800, 2183, 338, 'angriff', 'gesundheit', -2, 5, 5, 1, 1, 1),
	(1801, 2184, 337, 'angriff', 'gesundheit', -4, 1, 1, 1, 0, 1),
	(1802, 2186, 337, 'angriff', 'gesundheit', -5, 1, 1, 1, 0, 1),
	(1803, 2187, 338, 'angriff', 'gesundheit', -8, 1, 1, 1, 1, 1),
	(1804, 2188, 337, 'angriff', 'gesundheit', -2, 1, 1, 1, 0, 1),
	(1805, 2189, 338, 'angriff', 'gesundheit', -5, 2, 2, 1, 1, 1),
	(1806, 2190, 337, 'angriff', 'gesundheit', -4, 1, 1, 1, 0, 1),
	(1807, 2191, 338, 'angriff', 'gesundheit', -8, 0, 1, 1, 1, 1),
	(1808, 2192, 346, 'angriff', 'staerke', -4, 1, 1, 1, 1, 1),
	(1809, 2192, 346, 'angriff', 'gesundheit', -3, 1, 1, 1, 1, 1),
	(1810, 2193, 345, 'angriff', 'gesundheit', -0, 3, 3, 1, 0, 1),
	(1811, 2194, 346, 'angriff', 'staerke', -4, 1, 1, 1, 1, 1),
	(1812, 2194, 346, 'angriff', 'gesundheit', -3, 1, 1, 1, 1, 1),
	(1813, 2195, 345, 'angriff', 'gesundheit', -4, 1, 1, 1, 0, 1),
	(1814, 2196, 346, 'angriff', 'staerke', -4, 1, 1, 1, 1, 1),
	(1815, 2196, 346, 'angriff', 'gesundheit', -3, 1, 1, 1, 1, 1),
	(1816, 2197, 345, 'angriff', 'gesundheit', -0, 1, 1, 1, 0, 1),
	(1817, 2198, 346, 'angriff', 'staerke', -3, 5, 5, 0, 1, 0),
	(1818, 2198, 346, 'angriff', 'gesundheit', -2, 5, 5, 1, 1, 1),
	(1819, 2199, 345, 'angriff', 'gesundheit', -0, 1, 1, 1, 0, 1),
	(1820, 2201, 345, 'angriff', 'gesundheit', -0, 1, 1, 1, 0, 1),
	(1821, 2202, 346, 'angriff', 'gesundheit', -5, 2, 2, 1, 1, 1),
	(1822, 2203, 345, 'angriff', 'gesundheit', -0, 1, 1, 1, 0, 1),
	(1823, 2204, 346, 'angriff', 'gesundheit', -5, 2, 2, 1, 1, 1),
	(1824, 2205, 345, 'angriff', 'gesundheit', -0, 1, 1, 1, 0, 1),
	(1825, 2206, 346, 'angriff', 'gesundheit', -5, 0, 2, 1, 1, 1),
	(1826, 2207, 348, 'angriff', 'staerke', -2, 3, 3, 1, 1, 1),
	(1827, 2207, 348, 'angriff', 'magie', -3, 3, 3, 1, 1, 1),
	(1828, 2207, 348, 'angriff', 'gesundheit', -2, 3, 3, 1, 1, 1),
	(1829, 2207, 348, 'angriff', 'abwehr', -1, 3, 3, 1, 1, 1),
	(1830, 2208, 347, 'angriff', 'gesundheit', -6, 1, 1, 1, 0, 1),
	(1831, 2209, 348, 'angriff', 'staerke', -3, 5, 5, 0, 1, 0),
	(1832, 2209, 348, 'angriff', 'gesundheit', -2, 5, 5, 1, 1, 1),
	(1833, 2210, 347, 'angriff', 'gesundheit', -0, 3, 3, 1, 0, 1),
	(1834, 2211, 348, 'angriff', 'staerke', -3, 4, 5, 0, 1, 0),
	(1835, 2211, 348, 'angriff', 'gesundheit', -2, 4, 5, 1, 1, 0),
	(1836, 2212, 347, 'angriff', 'gesundheit', -0, 1, 1, 1, 0, 1),
	(1837, 2213, 348, 'angriff', 'staerke', -3, 3, 5, 0, 1, 0),
	(1838, 2213, 348, 'angriff', 'gesundheit', -2, 3, 5, 1, 1, 1),
	(1839, 2214, 347, 'angriff', 'gesundheit', -0, 1, 1, 1, 0, 1),
	(1840, 2215, 348, 'angriff', 'gesundheit', -5, 1, 2, 1, 1, 1),
	(1841, 2216, 347, 'angriff', 'gesundheit', -0, 1, 1, 1, 0, 1),
	(1842, 2217, 348, 'angriff', 'gesundheit', -8, 0, 1, 1, 1, 1),
	(1843, 2218, 351, 'angriff', 'staerke', -3, 4, 5, 0, 1, 0),
	(1844, 2218, 351, 'angriff', 'gesundheit', -2, 4, 5, 1, 1, 0),
	(1845, 2219, 349, 'angriff', 'gesundheit', -0, 1, 1, 1, 0, 1),
	(1846, 2220, 349, 'angriff', 'gesundheit', -2, 1, 1, 1, 0, 1),
	(1847, 2222, 351, 'angriff', 'gesundheit', -5, 2, 2, 1, 1, 1),
	(1848, 2223, 349, 'angriff', 'gesundheit', -2, 1, 1, 1, 0, 1),
	(1849, 2224, 349, 'angriff', 'gesundheit', -0, 1, 1, 1, 0, 1),
	(1850, 2226, 349, 'angriff', 'gesundheit', -8, 1, 1, 1, 0, 1),
	(1851, 2227, 350, 'angriff', 'staerke', -3, 5, 5, 0, 1, 0),
	(1852, 2227, 350, 'angriff', 'gesundheit', -2, 5, 5, 1, 1, 1),
	(1853, 2228, 349, 'angriff', 'gesundheit', -6, 1, 1, 1, 0, 1),
	(1854, 2229, 350, 'angriff', 'staerke', -3, 4, 5, 0, 1, 0),
	(1855, 2229, 350, 'angriff', 'gesundheit', -2, 4, 5, 1, 1, 0),
	(1856, 2231, 350, 'angriff', 'gesundheit', -5, 2, 2, 1, 1, 1),
	(1857, 2233, 350, 'angriff', 'gesundheit', -5, 2, 2, 1, 1, 1),
	(1858, 2234, 349, 'angriff', 'gesundheit', -5, 1, 1, 1, 0, 1),
	(1859, 2235, 350, 'angriff', 'gesundheit', -8, 0, 1, 1, 1, 1),
	(1860, 2236, 353, 'angriff', 'staerke', -3, 5, 5, 0, 1, 0),
	(1861, 2236, 353, 'angriff', 'gesundheit', -2, 5, 5, 1, 1, 1),
	(1862, 2238, 353, 'angriff', 'staerke', -4, 1, 1, 1, 1, 1),
	(1863, 2238, 353, 'angriff', 'gesundheit', -3, 1, 1, 1, 1, 1),
	(1864, 2240, 353, 'angriff', 'gesundheit', -5, 2, 2, 1, 1, 1),
	(1865, 2241, 352, 'angriff', 'gesundheit', -4, 1, 1, 1, 0, 1),
	(1866, 2242, 353, 'angriff', 'gesundheit', -8, 1, 1, 1, 1, 1),
	(1867, 2243, 352, 'angriff', 'gesundheit', -1, 1, 1, 1, 0, 1),
	(1868, 2244, 353, 'angriff', 'gesundheit', -8, 1, 1, 1, 1, 1),
	(1869, 2246, 354, 'angriff', 'gesundheit', -8, 1, 1, 1, 0, 1),
	(1870, 2248, 354, 'angriff', 'gesundheit', -2, 1, 1, 1, 0, 1),
	(1871, 2249, 355, 'angriff', 'staerke', -4, 1, 1, 1, 1, 1),
	(1872, 2249, 355, 'angriff', 'gesundheit', -3, 1, 1, 1, 1, 1),
	(1873, 2251, 355, 'angriff', 'staerke', -3, 5, 5, 0, 0, 1),
	(1874, 2251, 355, 'angriff', 'gesundheit', -2, 5, 5, 1, 1, 1),
	(1875, 2252, 354, 'angriff', 'gesundheit', -5, 1, 1, 1, 0, 1),
	(1876, 2254, 354, 'angriff', 'gesundheit', -5, 1, 1, 1, 0, 1),
	(1877, 2256, 354, 'angriff', 'gesundheit', -5, 1, 1, 1, 0, 1),
	(1878, 2257, 355, 'angriff', 'gesundheit', -5, 2, 2, 1, 1, 1),
	(1879, 2258, 354, 'angriff', 'gesundheit', -5, 1, 1, 1, 0, 1),
	(1880, 2259, 355, 'angriff', 'gesundheit', -8, 1, 1, 1, 1, 1),
	(1881, 2260, 354, 'angriff', 'gesundheit', -5, 1, 1, 1, 0, 1),
	(1882, 2263, 355, 'angriff', 'gesundheit', -8, 1, 1, 1, 1, 1),
	(1883, 2264, 357, 'angriff', 'staerke', -3, 5, 5, 0, 0, 1),
	(1884, 2264, 357, 'angriff', 'gesundheit', -2, 5, 5, 1, 1, 1),
	(1885, 2265, 356, 'angriff', 'gesundheit', -2, 1, 1, 1, 0, 1),
	(1886, 2266, 357, 'angriff', 'staerke', -4, 1, 1, 1, 1, 1),
	(1887, 2266, 357, 'angriff', 'gesundheit', -3, 1, 1, 1, 1, 1),
	(1888, 2267, 356, 'angriff', 'gesundheit', -5, 1, 1, 1, 0, 1),
	(1889, 2269, 356, 'angriff', 'gesundheit', -2, 1, 1, 1, 0, 1),
	(1890, 2270, 357, 'angriff', 'staerke', -3, 4, 5, 0, 1, 0),
	(1891, 2270, 357, 'angriff', 'gesundheit', -2, 4, 5, 1, 1, 0),
	(1892, 2271, 356, 'angriff', 'gesundheit', -0, 1, 1, 1, 0, 1),
	(1893, 2273, 356, 'angriff', 'gesundheit', -4, 1, 1, 1, 0, 1),
	(1894, 2274, 357, 'angriff', 'gesundheit', -5, 2, 2, 1, 1, 1),
	(1895, 2275, 356, 'angriff', 'gesundheit', -2, 1, 1, 1, 0, 1),
	(1896, 2276, 357, 'angriff', 'gesundheit', -8, 1, 1, 1, 1, 1),
	(1897, 2277, 359, 'angriff', 'staerke', -4, 1, 1, 1, 1, 1),
	(1898, 2277, 359, 'angriff', 'gesundheit', -3, 1, 1, 1, 1, 1),
	(1899, 2278, 358, 'angriff', 'gesundheit', -5, 1, 1, 1, 0, 1),
	(1900, 2279, 359, 'angriff', 'staerke', -4, 1, 1, 1, 1, 1),
	(1901, 2279, 359, 'angriff', 'gesundheit', -3, 1, 1, 1, 1, 1),
	(1902, 2280, 358, 'angriff', 'gesundheit', -4, 1, 1, 1, 0, 1),
	(1903, 2282, 358, 'angriff', 'gesundheit', -3, 1, 1, 1, 0, 1),
	(1904, 2283, 359, 'angriff', 'gesundheit', -5, 2, 2, 1, 1, 1),
	(1905, 2284, 358, 'angriff', 'gesundheit', -4, 1, 1, 1, 0, 1),
	(1906, 2285, 359, 'angriff', 'gesundheit', -5, 2, 2, 1, 1, 1),
	(1907, 2286, 358, 'angriff', 'gesundheit', -1, 1, 1, 1, 0, 1),
	(1908, 2288, 358, 'angriff', 'gesundheit', -0, 3, 3, 1, 0, 1),
	(1909, 2289, 359, 'angriff', 'gesundheit', -8, 1, 1, 1, 1, 1),
	(1910, 2290, 358, 'angriff', 'gesundheit', -4, 1, 1, 1, 0, 1),
	(1911, 2291, 359, 'angriff', 'gesundheit', -8, 1, 1, 1, 1, 1),
	(1912, 2292, 361, 'angriff', 'staerke', -4, 1, 1, 1, 1, 1),
	(1913, 2292, 361, 'angriff', 'gesundheit', -3, 1, 1, 1, 1, 1),
	(1914, 2293, 360, 'angriff', 'gesundheit', -5, 1, 1, 1, 0, 1),
	(1915, 2294, 361, 'angriff', 'staerke', -4, 1, 1, 1, 1, 1),
	(1916, 2294, 361, 'angriff', 'gesundheit', -3, 1, 1, 1, 1, 1),
	(1917, 2295, 360, 'angriff', 'gesundheit', -4, 1, 1, 1, 0, 1),
	(1918, 2298, 361, 'angriff', 'staerke', -4, 1, 1, 1, 1, 1),
	(1919, 2298, 361, 'angriff', 'gesundheit', -3, 1, 1, 1, 1, 1),
	(1920, 2299, 360, 'angriff', 'gesundheit', -0, 1, 1, 1, 0, 1),
	(1921, 2300, 361, 'angriff', 'gesundheit', -5, 2, 2, 1, 1, 1),
	(1922, 2301, 360, 'angriff', 'gesundheit', -0, 1, 1, 1, 0, 1),
	(1923, 2303, 360, 'angriff', 'gesundheit', -0, 1, 1, 1, 0, 1),
	(1924, 2305, 360, 'angriff', 'gesundheit', -0, 1, 1, 1, 0, 1),
	(1925, 2307, 360, 'angriff', 'gesundheit', -0, 1, 1, 1, 0, 1),
	(1926, 2308, 361, 'angriff', 'gesundheit', -5, 2, 2, 1, 1, 1),
	(1927, 2309, 360, 'angriff', 'gesundheit', -0, 1, 1, 1, 0, 1),
	(1928, 2310, 361, 'angriff', 'gesundheit', -5, 2, 2, 1, 1, 1),
	(1929, 2311, 360, 'angriff', 'gesundheit', -0, 1, 1, 1, 0, 1),
	(1930, 2313, 363, 'angriff', 'staerke', -4, 1, 1, 1, 1, 1),
	(1931, 2313, 363, 'angriff', 'gesundheit', -3, 1, 1, 1, 1, 1),
	(1932, 2314, 362, 'angriff', 'gesundheit', -5, 1, 1, 1, 0, 1),
	(1933, 2315, 363, 'angriff', 'staerke', -4, 1, 1, 1, 1, 1),
	(1934, 2315, 363, 'angriff', 'gesundheit', -3, 1, 1, 1, 1, 1),
	(1935, 2316, 362, 'angriff', 'gesundheit', -1, 1, 1, 1, 0, 1),
	(1936, 2317, 363, 'angriff', 'staerke', -4, 1, 1, 1, 1, 1),
	(1937, 2317, 363, 'angriff', 'gesundheit', -3, 1, 1, 1, 1, 1),
	(1938, 2318, 362, 'angriff', 'gesundheit', -0, 3, 3, 1, 0, 1),
	(1939, 2319, 363, 'angriff', 'staerke', -3, 5, 5, 0, 1, 0),
	(1940, 2319, 363, 'angriff', 'gesundheit', -2, 5, 5, 1, 1, 1),
	(1941, 2320, 362, 'angriff', 'gesundheit', -0, 1, 1, 1, 0, 1),
	(1942, 2323, 363, 'angriff', 'gesundheit', -5, 2, 2, 1, 1, 1),
	(1943, 2324, 362, 'angriff', 'gesundheit', -0, 1, 1, 1, 0, 1),
	(1944, 2325, 363, 'angriff', 'gesundheit', -5, 2, 2, 1, 1, 1),
	(1945, 2327, 363, 'angriff', 'gesundheit', -5, 0, 2, 1, 1, 1),
	(1946, 2328, 365, 'angriff', 'staerke', -4, 1, 1, 1, 1, 1),
	(1947, 2328, 365, 'angriff', 'gesundheit', -3, 1, 1, 1, 1, 1),
	(1948, 2329, 364, 'angriff', 'gesundheit', -5, 1, 1, 1, 0, 1),
	(1949, 2330, 365, 'angriff', 'staerke', -4, 1, 1, 1, 1, 1),
	(1950, 2330, 365, 'angriff', 'gesundheit', -3, 1, 1, 1, 1, 1),
	(1951, 2331, 364, 'angriff', 'gesundheit', -0, 3, 3, 1, 0, 1),
	(1952, 2332, 365, 'angriff', 'gesundheit', -5, 2, 2, 1, 1, 1),
	(1953, 2334, 365, 'angriff', 'gesundheit', -5, 2, 2, 1, 1, 1),
	(1954, 2335, 364, 'angriff', 'gesundheit', -1, 1, 1, 1, 0, 1),
	(1955, 2336, 365, 'angriff', 'gesundheit', -5, 2, 2, 1, 1, 1),
	(1956, 2337, 364, 'angriff', 'gesundheit', -4, 1, 1, 1, 0, 1),
	(1957, 2338, 365, 'angriff', 'gesundheit', -8, 0, 1, 1, 1, 1),
	(1958, 2339, 367, 'angriff', 'gesundheit', -8, 1, 1, 1, 1, 1),
	(1959, 2340, 367, 'angriff', 'gesundheit', -8, 1, 1, 1, 1, 1),
	(1960, 2341, 367, 'angriff', 'gesundheit', -8, 1, 1, 1, 1, 1),
	(1961, 2342, 367, 'angriff', 'gesundheit', -8, 1, 1, 1, 1, 1),
	(1962, 2344, 368, 'angriff', 'gesundheit', -8, 1, 1, 1, 0, 1),
	(1963, 2347, 369, 'angriff', 'gesundheit', -5, 2, 2, 1, 1, 1),
	(1964, 2348, 368, 'angriff', 'gesundheit', -2, 1, 1, 1, 0, 1),
	(1965, 2349, 369, 'angriff', 'gesundheit', -5, 2, 2, 1, 1, 1),
	(1966, 2350, 368, 'angriff', 'gesundheit', -8, 1, 1, 1, 0, 1),
	(1967, 2351, 369, 'angriff', 'gesundheit', -8, 0, 1, 1, 1, 1),
	(1968, 2353, 370, 'angriff', 'gesundheit', -3, 1, 1, 1, 0, 1),
	(1969, 2354, 370, 'angriff', 'gesundheit', -3, 1, 1, 1, 0, 1),
	(1970, 2355, 370, 'angriff', 'gesundheit', -3, 1, 1, 1, 0, 1),
	(1971, 2356, 370, 'angriff', 'gesundheit', -3, 1, 1, 1, 0, 1),
	(1972, 2357, 370, 'angriff', 'gesundheit', -3, 1, 1, 1, 0, 1),
	(1973, 2360, 370, 'angriff', 'gesundheit', -1, 1, 1, 1, 0, 1),
	(1974, 2361, 370, 'angriff', 'gesundheit', -3, 1, 1, 1, 0, 1),
	(1975, 2363, 370, 'angriff', 'gesundheit', -3, 1, 1, 1, 0, 1),
	(1976, 2364, 370, 'angriff', 'gesundheit', -1, 1, 1, 1, 0, 1),
	(1977, 2365, 370, 'angriff', 'gesundheit', -1, 1, 1, 1, 0, 1),
	(1978, 2366, 370, 'angriff', 'gesundheit', -1, 1, 1, 1, 0, 1),
	(1979, 2367, 370, 'angriff', 'gesundheit', -1, 1, 1, 1, 0, 1),
	(1980, 2369, 370, 'angriff', 'gesundheit', -1, 1, 1, 1, 0, 1),
	(1981, 2370, 370, 'angriff', 'gesundheit', -3, 1, 1, 1, 0, 1),
	(1982, 2371, 370, 'angriff', 'gesundheit', -1, 1, 1, 1, 0, 1),
	(1983, 2372, 370, 'angriff', 'gesundheit', -3, 1, 1, 1, 0, 1),
	(1984, 2373, 370, 'angriff', 'gesundheit', -3, 1, 1, 1, 0, 1),
	(1985, 2377, 370, 'angriff', 'gesundheit', -3, 1, 1, 1, 0, 1),
	(1986, 2378, 370, 'angriff', 'gesundheit', -3, 1, 1, 1, 0, 1),
	(1987, 2380, 370, 'angriff', 'gesundheit', -3, 1, 1, 1, 0, 1),
	(1988, 2381, 370, 'angriff', 'gesundheit', -3, 1, 1, 1, 0, 1),
	(1989, 2382, 370, 'angriff', 'gesundheit', -1, 0, 1, 1, 0, 1),
	(1990, 2383, 370, 'angriff', 'gesundheit', -3, 0, 1, 1, 0, 1),
	(1991, 2384, 370, 'angriff', 'gesundheit', -3, 0, 1, 1, 0, 1),
	(1992, 2385, 375, 'angriff', 'staerke', -4, 1, 1, 1, 1, 1),
	(1993, 2385, 375, 'angriff', 'gesundheit', -3, 1, 1, 1, 1, 1),
	(1994, 2386, 375, 'verteidigung', 'staerke', 3, 3, 3, 0, 0, 1),
	(1995, 2386, 375, 'verteidigung', 'gesundheit', 3, 3, 3, 1, 0, 1),
	(1996, 2386, 375, 'verteidigung', 'ausweichen', 1, 3, 3, 0, 0, 1),
	(1997, 2386, 375, 'verteidigung', 'abwehr', 1, 3, 3, 0, 0, 1),
	(1998, 2387, 375, 'angriff', 'staerke', -3, 3, 5, 0, 0, 0),
	(1999, 2387, 375, 'angriff', 'gesundheit', -2, 3, 5, 1, 0, 0),
	(2000, 2388, 374, 'angriff', 'gesundheit', -18, 1, 1, 1, 0, 1),
	(2001, 2389, 375, 'angriff', 'gesundheit', -2, 2, 2, 1, 1, 1),
	(2002, 2390, 374, 'angriff', 'gesundheit', -22, 1, 1, 1, 0, 1),
	(2003, 2391, 375, 'angriff', 'gesundheit', -8, 1, 1, 1, 1, 1),
	(2004, 2392, 374, 'angriff', 'gesundheit', -22, 1, 1, 1, 0, 1),
	(2005, 2393, 377, 'angriff', 'staerke', -3, 4, 5, 0, 1, 0),
	(2006, 2393, 377, 'angriff', 'gesundheit', -2, 4, 5, 1, 1, 0),
	(2007, 2394, 376, 'angriff', 'gesundheit', -0, 1, 1, 1, 0, 1),
	(2008, 2395, 376, 'angriff', 'gesundheit', -0, 1, 1, 1, 0, 1),
	(2009, 2396, 377, 'angriff', 'gesundheit', -5, 2, 2, 1, 1, 1),
	(2010, 2398, 377, 'angriff', 'gesundheit', -8, 0, 1, 1, 1, 1),
	(2011, 2399, 379, 'angriff', 'staerke', -4, 1, 1, 1, 1, 1),
	(2012, 2399, 379, 'angriff', 'gesundheit', -3, 1, 1, 1, 1, 1),
	(2013, 2401, 378, 'angriff', 'gesundheit', -3, 1, 1, 1, 0, 1),
	(2014, 2402, 379, 'angriff', 'gesundheit', -5, 2, 2, 1, 1, 1),
	(2015, 2406, 380, 'angriff', 'gesundheit', -5, 2, 2, 1, 0, 1),
	(2016, 2407, 381, 'angriff', 'gesundheit', -8, 1, 1, 1, 1, 1),
	(2017, 2408, 380, 'angriff', 'staerke', -4, 3, 4, 0, 0, 0),
	(2018, 2408, 380, 'angriff', 'intelligenz', -4, 3, 4, 0, 0, 0),
	(2019, 2408, 380, 'angriff', 'magie', -4, 3, 4, 0, 0, 0),
	(2020, 2408, 380, 'angriff', 'gesundheit', -4, 3, 4, 1, 0, 0),
	(2021, 2409, 381, 'angriff', 'gesundheit', -4, 2, 2, 1, 1, 1),
	(2022, 2410, 380, 'angriff', 'gesundheit', -5, 2, 2, 1, 0, 1),
	(2023, 2411, 381, 'angriff', 'gesundheit', -7, 1, 1, 1, 1, 1),
	(2024, 2412, 383, 'angriff', 'staerke', -2, 3, 3, 1, 1, 1),
	(2025, 2412, 383, 'angriff', 'magie', -3, 3, 3, 1, 1, 1),
	(2026, 2412, 383, 'angriff', 'gesundheit', -2, 3, 3, 1, 1, 1),
	(2027, 2412, 383, 'angriff', 'abwehr', -1, 3, 3, 1, 1, 1),
	(2028, 2413, 382, 'angriff', 'gesundheit', -10, 2, 2, 1, 0, 1),
	(2029, 2415, 382, 'angriff', 'gesundheit', -10, 2, 2, 1, 0, 1),
	(2030, 2416, 383, 'angriff', 'staerke', -3, 1, 5, 0, 0, 0),
	(2031, 2416, 383, 'angriff', 'gesundheit', -2, 1, 5, 1, 0, 0),
	(2032, 2417, 382, 'angriff', 'gesundheit', -20, 1, 2, 1, 0, 1),
	(2033, 2417, 382, 'angriff', 'abwehr', -15, 0, 2, 0, 0, 1);
/*!40000 ALTER TABLE `kampf_effekt` ENABLE KEYS */;

-- Exportiere Struktur von Tabelle db_dvg.kampf_teilnehmer
DROP TABLE IF EXISTS `kampf_teilnehmer`;
CREATE TABLE IF NOT EXISTS `kampf_teilnehmer` (
  `id` int(10) NOT NULL AUTO_INCREMENT,
  `kampf_id` int(10) NOT NULL,
  `teilnehmer_id` int(10) NOT NULL,
  `teilnehmer_typ` enum('spieler','npc') COLLATE utf8_unicode_ci NOT NULL,
  `seite` int(1) unsigned NOT NULL,
  `gesundheit` int(10) NOT NULL,
  `zauberpunkte` int(10) NOT NULL,
  `staerke` float NOT NULL,
  `intelligenz` float NOT NULL,
  `magie` float NOT NULL,
  `element_feuer` float NOT NULL,
  `element_wasser` float NOT NULL,
  `element_erde` float NOT NULL,
  `element_luft` float NOT NULL,
  `initiative` float NOT NULL,
  `abwehr` float NOT NULL,
  `ausweichen` float NOT NULL,
  `timer` float NOT NULL,
  `gewinn_id` int(10) DEFAULT NULL,
  PRIMARY KEY (`id`),
  KEY `teilnehmer_id` (`teilnehmer_id`),
  KEY `kampf_id` (`kampf_id`),
  KEY `gewinn_id` (`gewinn_id`),
  CONSTRAINT `FK_kampf_teilnehmer_gewinn` FOREIGN KEY (`gewinn_id`) REFERENCES `gewinn` (`id`),
  CONSTRAINT `FK_kampf_teilnehmer_kampf` FOREIGN KEY (`kampf_id`) REFERENCES `kampf` (`id`)
) ENGINE=InnoDB AUTO_INCREMENT=384 DEFAULT CHARSET=utf8 COLLATE=utf8_unicode_ci COMMENT='Teilnehmer an einem Kampf mit sämtlichen Kampfdaten, die durch Zauber und andere Aktionen temporär geändert werden können';

-- Exportiere Daten aus Tabelle db_dvg.kampf_teilnehmer: ~363 rows (ungefähr)
DELETE FROM `kampf_teilnehmer`;
/*!40000 ALTER TABLE `kampf_teilnehmer` DISABLE KEYS */;
INSERT INTO `kampf_teilnehmer` (`id`, `kampf_id`, `teilnehmer_id`, `teilnehmer_typ`, `seite`, `gesundheit`, `zauberpunkte`, `staerke`, `intelligenz`, `magie`, `element_feuer`, `element_wasser`, `element_erde`, `element_luft`, `initiative`, `abwehr`, `ausweichen`, `timer`, `gewinn_id`) VALUES
	(19, 29, 40, 'spieler', 0, 32, 0, 10, 5, 0, 1, 5, 1, 1, 100, 10, 10, 100, NULL),
	(20, 29, 4, 'npc', 1, 35, 0, 10, 10, 0, 0, 2, 10, 5, 105, 5, 30, 95.238, NULL),
	(21, 30, 43, 'spieler', 0, 32, 4, 10, 5, 0, 1, 1, 5, 1, 100, 10, 10, 100, NULL),
	(22, 30, 4, 'npc', 1, 35, 0, 10, 10, 0, 0, 2, 10, 5, 105, 5, 30, 95.238, NULL),
	(23, 31, 43, 'spieler', 0, 32, 4, 10, 5, 0, 1, 1, 5, 1, 100, 10, 10, 100, NULL),
	(24, 31, 4, 'npc', 1, 35, 0, 10, 10, 0, 0, 2, 10, 5, 105, 5, 30, 95.238, NULL),
	(25, 32, 43, 'spieler', 0, 32, 4, 10, 5, 0, 1, 1, 5, 1, 100, 10, 10, 100, NULL),
	(26, 32, 4, 'npc', 1, 35, 0, 10, 10, 0, 0, 2, 10, 5, 105, 5, 30, 95.238, NULL),
	(27, 33, 43, 'spieler', 0, 32, 4, 10, 5, 0, 1, 1, 5, 1, 100, 10, 10, 100, NULL),
	(28, 33, 4, 'npc', 1, 35, 0, 10, 10, 0, 0, 2, 10, 5, 105, 5, 30, 95.238, NULL),
	(29, 34, 43, 'spieler', 0, 32, 4, 10, 5, 0, 1, 1, 5, 1, 100, 10, 10, 100, NULL),
	(30, 34, 4, 'npc', 1, 35, 0, 10, 10, 0, 0, 2, 10, 5, 105, 5, 30, 95.238, NULL),
	(31, 35, 43, 'spieler', 0, 32, 4, 10, 5, 0, 1, 1, 5, 1, 100, 10, 10, 100, NULL),
	(32, 35, 4, 'npc', 1, 35, 0, 10, 10, 0, 0, 2, 10, 5, 105, 5, 30, 95.238, NULL),
	(33, 36, 43, 'spieler', 0, 32, 4, 10, 5, 0, 1, 1, 5, 1, 100, 10, 10, 100, NULL),
	(34, 36, 4, 'npc', 1, 35, 0, 10, 10, 0, 0, 2, 10, 5, 105, 5, 30, 95.238, NULL),
	(35, 37, 43, 'spieler', 0, 32, 4, 10, 5, 0, 1, 1, 5, 1, 100, 10, 10, 100, NULL),
	(36, 37, 4, 'npc', 1, 35, 0, 10, 10, 0, 0, 2, 10, 5, 105, 5, 30, 95.238, NULL),
	(37, 38, 43, 'spieler', 0, 32, 4, 10, 5, 0, 1, 1, 5, 1, 100, 10, 10, 100, NULL),
	(38, 38, 4, 'npc', 1, 35, 0, 10, 10, 0, 0, 2, 10, 5, 105, 5, 30, 95.238, NULL),
	(39, 39, 43, 'spieler', 0, 32, 4, 10, 5, 0, 1, 1, 5, 1, 100, 10, 10, 100, NULL),
	(40, 39, 4, 'npc', 1, 35, 0, 10, 10, 0, 0, 2, 10, 5, 105, 5, 30, 95.238, NULL),
	(41, 40, 43, 'spieler', 0, 32, 4, 10, 5, 0, 1, 1, 5, 1, 100, 10, 10, 100, NULL),
	(42, 40, 4, 'npc', 1, 35, 0, 10, 10, 0, 0, 2, 10, 5, 105, 5, 30, 95.238, NULL),
	(43, 41, 43, 'spieler', 0, 32, 4, 10, 5, 0, 1, 1, 5, 1, 100, 10, 10, 100, NULL),
	(44, 41, 4, 'npc', 1, 35, 0, 10, 10, 0, 0, 2, 10, 5, 105, 5, 30, 95.238, NULL),
	(45, 42, 43, 'spieler', 0, 32, 4, 10, 5, 0, 1, 1, 5, 1, 100, 10, 10, 100, NULL),
	(46, 42, 4, 'npc', 1, 35, 0, 10, 10, 0, 0, 2, 10, 5, 105, 5, 30, 95.238, NULL),
	(47, 43, 43, 'spieler', 0, 32, 4, 10, 5, 0, 1, 1, 5, 1, 100, 10, 10, 100, NULL),
	(48, 43, 4, 'npc', 1, 35, 0, 10, 10, 0, 0, 2, 10, 5, 105, 5, 30, 95.238, NULL),
	(49, 44, 43, 'spieler', 0, 32, 4, 10, 5, 0, 1, 1, 5, 1, 100, 10, 10, 100, NULL),
	(50, 44, 23, 'npc', 1, 20, 0, 10, 10, 5, 0, 0, 5, 0, 100, 0, 0, 100, NULL),
	(51, 45, 43, 'spieler', 0, 32, 4, 10, 5, 0, 1, 1, 5, 1, 100, 10, 10, 100, NULL),
	(52, 45, 4, 'npc', 1, 35, 0, 10, 10, 0, 0, 2, 10, 5, 105, 5, 30, 95.238, NULL),
	(53, 46, 2, 'npc', 1, 15, 0, 3, 3, 0, 0, 5, 5, 0, 100, 0, 0, 100, NULL),
	(54, 47, 4, 'npc', 1, 35, 0, 10, 10, 0, 0, 2, 10, 5, 105, 5, 30, 95.238, NULL),
	(55, 48, 4, 'npc', 1, 35, 0, 10, 10, 0, 0, 2, 10, 5, 105, 5, 30, 95.238, NULL),
	(56, 49, 4, 'npc', 1, 35, 0, 10, 10, 0, 0, 2, 10, 5, 105, 5, 30, 95.238, NULL),
	(57, 50, 4, 'npc', 1, 35, 0, 10, 10, 0, 0, 2, 10, 5, 105, 5, 30, 95.238, NULL),
	(58, 51, 4, 'npc', 1, 35, 0, 10, 10, 0, 0, 2, 10, 5, 105, 5, 30, 95.238, NULL),
	(59, 52, 4, 'npc', 1, 35, 0, 10, 10, 0, 0, 2, 10, 5, 105, 5, 30, 95.238, NULL),
	(60, 53, 4, 'npc', 1, 35, 0, 10, 10, 0, 0, 2, 10, 5, 105, 5, 30, 95.238, NULL),
	(61, 54, 4, 'npc', 1, 35, 0, 10, 10, 0, 0, 2, 10, 5, 105, 5, 30, 95.238, NULL),
	(62, 55, 4, 'npc', 1, 35, 0, 10, 10, 0, 0, 2, 10, 5, 105, 5, 30, 95.238, NULL),
	(63, 56, 4, 'npc', 1, 35, 0, 10, 10, 0, 0, 2, 10, 5, 105, 5, 30, 95.238, NULL),
	(64, 57, 4, 'npc', 1, 35, 0, 10, 10, 0, 0, 2, 10, 5, 105, 5, 30, 95.238, NULL),
	(65, 58, 4, 'npc', 1, 35, 0, 10, 10, 0, 0, 2, 10, 5, 105, 5, 30, 95.238, NULL),
	(66, 59, 43, 'spieler', 1, 32, 4, 10, 5, 0, 1, 1, 5, 1, 100, 10, 10, 100, NULL),
	(67, 60, 43, 'spieler', 0, 32, 4, 10, 5, 0, 1, 1, 5, 1, 100, 10, 10, 100, NULL),
	(68, 60, 4, 'npc', 1, 35, 0, 10, 10, 0, 0, 2, 10, 5, 105, 5, 30, 95.238, NULL),
	(69, 61, 43, 'spieler', 0, 32, 4, 10, 5, 0, 1, 1, 5, 1, 100, 10, 10, 100, NULL),
	(70, 61, 4, 'npc', 1, 35, 0, 10, 10, 0, 0, 2, 10, 5, 105, 5, 30, 95.238, NULL),
	(71, 62, 43, 'spieler', 0, 32, 4, 10, 5, 0, 1, 1, 5, 1, 100, 10, 10, 100, NULL),
	(72, 62, 4, 'npc', 1, 35, 0, 10, 10, 0, 0, 2, 10, 5, 105, 5, 30, 95.238, NULL),
	(73, 63, 43, 'spieler', 0, 32, 4, 10, 5, 0, 1, 1, 5, 1, 100, 10, 10, 100, NULL),
	(74, 63, 4, 'npc', 1, 35, 0, 10, 10, 0, 0, 2, 10, 5, 105, 5, 30, 95.238, NULL),
	(75, 64, 43, 'spieler', 0, 32, 4, 10, 5, 0, 1, 1, 5, 1, 100, 10, 10, 100, NULL),
	(76, 64, 4, 'npc', 1, 35, 0, 10, 10, 0, 0, 2, 10, 5, 105, 5, 30, 95.238, NULL),
	(77, 65, 43, 'spieler', 0, 32, 4, 10, 5, 0, 1, 1, 5, 1, 100, 10, 10, 100, NULL),
	(78, 65, 23, 'npc', 1, 20, 0, 10, 10, 5, 0, 0, 5, 0, 100, 0, 0, 100, NULL),
	(79, 65, 2, 'npc', 1, 15, 0, 3, 3, 0, 0, 5, 5, 0, 100, 0, 0, 100, NULL),
	(80, 65, 4, 'npc', 1, 35, 0, 10, 10, 0, 0, 2, 10, 5, 105, 5, 30, 95.238, NULL),
	(81, 65, 5, 'npc', 1, 25, 0, 5, 5, 0, 0, 1, 5, 3, 100, 0, 0, 100, NULL),
	(82, 65, 6, 'npc', 1, 10, 0, 0, 0, 0, 0, 0, 0, 0, 100, 0, 0, 100, NULL),
	(83, 66, 45, 'spieler', 0, 32, 4, 10, 5, 0, 1, 5, 1, 1, 100, 10, 10, 100, NULL),
	(84, 66, 27, 'npc', 1, 20, 0, 5, 10, 5, 0, 10, 0, 0, 100, 0, 0, 100, NULL),
	(85, 66, 2, 'npc', 1, 15, 0, 3, 3, 0, 0, 5, 5, 0, 100, 0, 0, 100, NULL),
	(86, 66, 4, 'npc', 1, 35, 0, 10, 10, 0, 0, 2, 10, 5, 105, 5, 30, 95.238, NULL),
	(87, 66, 5, 'npc', 1, 25, 0, 5, 5, 0, 0, 1, 5, 3, 100, 0, 0, 100, NULL),
	(88, 66, 6, 'npc', 1, 10, 0, 0, 0, 0, 0, 0, 0, 0, 100, 0, 0, 100, NULL),
	(89, 67, 45, 'spieler', 0, 32, 4, 10, 5, 0, 1, 5, 1, 1, 100, 10, 10, 100, NULL),
	(90, 67, 10, 'npc', 1, 500, 0, 100, 75, 0, 0, 20, 10, 0, 100, 0, 0, 100, NULL),
	(91, 68, 45, 'spieler', 0, 32, 4, 10, 5, 0, 1, 5, 1, 1, 100, 10, 10, 100, NULL),
	(92, 68, 4, 'npc', 1, 35, 0, 10, 10, 0, 0, 2, 10, 5, 105, 5, 30, 95.238, NULL),
	(93, 69, 26, 'spieler', 0, 60, 0, 10, 5, 0, 1, 5, 1, 1, 100, 10, 10, 100, NULL),
	(94, 69, 4, 'npc', 1, 35, 0, 10, 10, 0, 0, 2, 10, 5, 105, 5, 30, 95.238, NULL),
	(95, 70, 26, 'spieler', 0, 32, 4, 10, 5, 0, 1, 5, 1, 1, 100, 10, 10, 100, NULL),
	(96, 70, 4, 'npc', 1, 35, 0, 10, 10, 0, 0, 2, 10, 5, 105, 5, 30, 95.238, NULL),
	(97, 70, 2, 'npc', 1, 15, 0, 3, 3, 0, 0, 5, 5, 0, 110, 0, 35, 90.909, NULL),
	(98, 71, 26, 'spieler', 0, 32, 4, 10, 5, 0, 1, 5, 1, 1, 100, 10, 10, 100, NULL),
	(99, 71, 45, 'spieler', 0, 21, 8, 10, 5, 0, 1, 5, 1, 1, 104, 33, 12, 96.153, NULL),
	(100, 71, 4, 'npc', 1, 35, 0, 10, 10, 0, 0, 2, 10, 5, 105, 5, 30, 95.238, NULL),
	(101, 71, 2, 'npc', 1, 15, 0, 3, 3, 0, 0, 5, 5, 0, 110, 0, 35, 90.909, NULL),
	(102, 72, 45, 'spieler', 0, 21, 8, 10, 5, 0, 1, 5, 1, 1, 104, 33, 12, 96.153, NULL),
	(103, 72, 45, 'spieler', 0, 21, 8, 10, 5, 0, 1, 5, 1, 1, 104, 33, 12, 96.153, NULL),
	(104, 72, 5, 'npc', 1, 25, 0, 5, 5, 0, 0, 1, 5, 3, 100, 0, 0, 100, NULL),
	(105, 72, 2, 'npc', 1, 15, 0, 3, 3, 0, 0, 5, 5, 0, 110, 0, 35, 90.909, NULL),
	(106, 73, 45, 'spieler', 0, 21, 8, 10, 5, 0, 1, 5, 1, 1, 104, 33, 12, 96.153, NULL),
	(107, 73, 45, 'spieler', 0, 21, 8, 10, 5, 0, 1, 5, 1, 1, 104, 33, 12, 96.153, NULL),
	(108, 73, 36, 'npc', 1, 30, 1, 30, 0, 0, 0, 10, 0, 0, 80, 30, 10, 125, NULL),
	(109, 73, 2, 'npc', 1, 15, 0, 3, 3, 0, 0, 5, 5, 0, 110, 0, 35, 90.909, NULL),
	(110, 74, 45, 'spieler', 0, 21, 8, 10, 5, 0, 1, 5, 1, 1, 104, 33, 12, 96.153, NULL),
	(111, 74, 4, 'npc', 1, 35, 0, 10, 10, 0, 0, 2, 10, 5, 105, 5, 30, 95.238, NULL),
	(112, 75, 45, 'spieler', 0, 21, 8, 10, 5, 0, 1, 5, 1, 1, 104, 33, 12, 96.153, NULL),
	(113, 75, 4, 'npc', 1, 35, 0, 10, 10, 0, 0, 2, 10, 5, 105, 5, 30, 95.238, NULL),
	(114, 75, 2, 'npc', 1, 15, 0, 3, 3, 0, 0, 5, 5, 0, 110, 0, 35, 90.909, NULL),
	(115, 76, 45, 'spieler', 0, 21, 8, 10, 5, 0, 1, 5, 1, 1, 104, 33, 12, 96.153, NULL),
	(116, 76, 26, 'spieler', 0, 32, 4, 10, 5, 0, 1, 5, 1, 1, 100, 10, 10, 100, NULL),
	(117, 76, 4, 'npc', 1, 35, 0, 10, 10, 0, 0, 2, 10, 5, 105, 5, 30, 95.238, NULL),
	(118, 76, 2, 'npc', 1, 15, 0, 3, 3, 0, 0, 5, 5, 0, 110, 0, 35, 90.909, NULL),
	(119, 77, 45, 'spieler', 0, 21, 8, 10, 5, 0, 1, 5, 1, 1, 104, 33, 12, 96.153, NULL),
	(120, 77, 4, 'npc', 1, 35, 0, 10, 10, 0, 0, 2, 10, 5, 105, 5, 30, 95.238, NULL),
	(121, 78, 45, 'spieler', 0, 21, 8, 10, 5, 0, 1, 5, 1, 1, 104, 33, 12, 96.153, NULL),
	(122, 78, 4, 'npc', 1, 35, 0, 10, 10, 0, 0, 2, 10, 5, 105, 5, 30, 95.238, NULL),
	(123, 79, 45, 'spieler', 0, 21, 8, 10, 5, 0, 1, 5, 1, 1, 104, 33, 12, 96.153, NULL),
	(124, 79, 4, 'npc', 1, 35, 0, 10, 10, 0, 0, 2, 10, 5, 105, 5, 30, 95.238, NULL),
	(125, 80, 45, 'spieler', 0, 21, 8, 10, 5, 0, 1, 5, 1, 1, 104, 33, 12, 96.153, NULL),
	(126, 80, 4, 'npc', 1, 35, 0, 10, 10, 0, 0, 2, 10, 5, 105, 5, 30, 95.238, NULL),
	(127, 81, 45, 'spieler', 0, 21, 8, 10, 5, 0, 1, 5, 1, 1, 104, 33, 12, 96.153, NULL),
	(128, 81, 4, 'npc', 1, 35, 0, 10, 10, 0, 0, 2, 10, 5, 105, 5, 30, 95.238, NULL),
	(129, 82, 45, 'spieler', 0, 21, 8, 10, 5, 0, 1, 5, 1, 1, 104, 33, 12, 96.153, NULL),
	(130, 82, 4, 'npc', 1, 35, 0, 10, 10, 0, 0, 2, 10, 5, 105, 5, 30, 95.238, NULL),
	(131, 83, 45, 'spieler', 0, 21, 8, 10, 5, 0, 1, 5, 1, 1, 110, 33, 12, 90.909, NULL),
	(132, 83, 4, 'npc', 1, 35, 0, 10, 10, 0, 0, 2, 10, 5, 105, 5, 30, 95.238, NULL),
	(133, 84, 45, 'spieler', 0, 33, 7, 10, 5, 0, 1, 5, 1, 1, 130, 33, 12, 1541.32, NULL),
	(134, 84, 4, 'npc', 1, 0, 3, 10, 10, 0, 0, 2, 10, 5, 110, 0, 0, 1614.73, NULL),
	(135, 85, 45, 'spieler', 0, 3, 8, 10, 5, 0, 1, 5, 1, 1, 105, 33, 12, 1428.58, NULL),
	(136, 85, 5, 'npc', 1, 0, 0, 5, 5, 0, 0, 1, 5, 3, 100, 0, 0, 1500, NULL),
	(137, 86, 45, 'spieler', 0, 7, 0, 10, 5, 0, 1, 5, 1, 1, 125, 33, 12, 3004.72, NULL),
	(138, 86, 4, 'npc', 1, 0, 0, 10, 10, 0, 0, 2, 10, 5, 105, 5, 30, 3047.66, NULL),
	(139, 87, 45, 'spieler', 0, 10, 1, 10, 5, 0, 1, 5, 1, 1, 115, 33, 12, 1246.19, NULL),
	(140, 87, 4, 'npc', 1, 0, 0, 10, 10, 0, 0, 2, 10, 5, 105, 5, 30, 952.38, NULL),
	(141, 88, 45, 'spieler', 0, 5, 1, 10, 5, 0, 1, 5, 1, 1, 115, 33, 12, 1150.95, NULL),
	(142, 88, 4, 'npc', 1, 0, 0, 10, 10, 0, 0, 2, 10, 5, 105, 5, 30, 1238.1, NULL),
	(143, 89, 45, 'spieler', 0, 17, 17, 10, 5, 0, 1, 5, 1, 1, 105, 33, 12, 1142.86, NULL),
	(144, 89, 4, 'npc', 1, 0, 0, 10, 10, 0, 0, 2, 10, 5, 105, 5, 30, 1142.86, NULL),
	(145, 90, 45, 'spieler', 0, 37, 17, 10, 5, 0, 1, 5, 1, 1, 105, 33, 12, 952.38, NULL),
	(146, 90, 4, 'npc', 1, 0, 0, 10, 10, 0, 0, 2, 10, 5, 105, 5, 30, 952.38, NULL),
	(147, 91, 45, 'spieler', 0, 27, 0, 10, 5, 0, 1, 5, 1, 1, 115, 33, 12, 985.315, NULL),
	(148, 91, 4, 'npc', 1, -3, 0, 10, 10, 0, 10, 2, 10, 5, 110, 5, 30, 922.077, NULL),
	(149, 92, 45, 'spieler', 0, 26, 8, 10, 5, 0, 1, 5, 1, 1, 115, 33, 12, 1358, NULL),
	(150, 92, 4, 'npc', 1, 0, 0, 10, 10, 0, 0, 2, 10, 5, 105, 5, 30, 1438.1, NULL),
	(151, 93, 45, 'spieler', 0, 32, 2, 10, 5, 0, 1, 5, 1, 1, 105, 33, 12, 571.428, NULL),
	(152, 93, 4, 'npc', 1, -28, 0, 10, 10, 0, 0, 2, 10, 5, 105, 5, 30, 571.428, NULL),
	(153, 94, 45, 'spieler', 0, 42, 5, 10, 5, 0, 1, 5, 1, 1, 105, 33, 12, 476.19, NULL),
	(154, 94, 4, 'npc', 1, -10, 0, 10, 10, 0, 0, 2, 10, 5, 105, 5, 30, 476.19, NULL),
	(155, 95, 45, 'spieler', 0, 32, 2, 10, 5, 0, 1, 5, 1, 1, 105, 33, 12, 571.428, NULL),
	(156, 95, 4, 'npc', 1, 0, 0, 10, 10, 0, 0, 2, 10, 5, 105, 5, 30, 571.428, NULL),
	(157, 96, 45, 'spieler', 0, 47, 2, 10, 5, 0, 1, 5, 1, 1, 105, 33, 12, 761.904, NULL),
	(158, 96, 5, 'npc', 1, 0, 0, 5, 5, 0, 0, 1, 5, 3, 0, 0, 0, 10000100, NULL),
	(159, 97, 45, 'spieler', 0, 47, 7, 10, 5, 0, 1, 5, 1, 1, 105, 33, 12, 285.714, NULL),
	(160, 97, 4, 'npc', 1, 0, 0, 10, 10, 0, 0, 2, 10, 5, 0, 5, 30, 10000100, NULL),
	(161, 98, 45, 'spieler', 0, 22, 2, 10, 5, 0, 1, 5, 1, 1, 105, 33, 12, 1523.82, NULL),
	(162, 98, 4, 'npc', 1, 0, 0, 10, 10, 0, 0, 2, 10, 5, 105, 5, 30, 1523.82, NULL),
	(163, 99, 45, 'spieler', 0, 7, 2, 10, 5, 0, 1, 5, 1, 1, 105, 33, 12, 1523.82, NULL),
	(164, 99, 4, 'npc', 1, 0, 0, 10, 10, 0, 0, 2, 10, 5, 105, 5, 30, 1523.82, NULL),
	(165, 100, 45, 'spieler', 0, 37, 1, 10, 5, 0, 1, 5, 1, 1, 125, 33, 12, 890.432, NULL),
	(166, 100, 4, 'npc', 1, -3, 0, 10, 10, 0, 0, 2, 10, 5, 105, 5, 30, 971.929, NULL),
	(167, 101, 45, 'spieler', 0, 37, 0, 10, 5, 0, 1, 5, 1, 1, 105, 33, 12, 1904.78, NULL),
	(168, 101, 4, 'npc', 1, 0, 2, 10, 10, 0, 0, 2, 10, 5, 105, 5, 10000000, 1904.78, NULL),
	(169, 102, 45, 'spieler', 0, 26, 1, 10, 5, 0, 1, 5, 1, 1, 115, 33, 12, 1105.4, NULL),
	(170, 102, 4, 'npc', 1, 0, 2, 10, 10, 0, 0, 2, 10, 5, 105, 5, 30, 1162.41, NULL),
	(171, 103, 45, 'spieler', 0, 42, 14, 10, 5, 0, 1, 5, 1, 1, 145, 33, 12, 962.986, NULL),
	(172, 103, 35, 'npc', 1, 0, 0, 50, 20, 0, 0, 0, 10, 0, 100, 0, 0, 1000, NULL),
	(173, 104, 45, 'spieler', 0, 27, 2, 10, 5, 0, 1, 5, 1, 1, 165, 33, 12, 1570.76, NULL),
	(174, 104, 4, 'npc', 1, 0, 0, 10, 10, 0, 0, 2, 10, 5, 105, 5, 30, 1619.06, NULL),
	(175, 105, 45, 'spieler', 0, 27, 2, 10, 5, 0, 1, 5, 1, 1, 165, 33, 12, 1187.7, NULL),
	(176, 105, 4, 'npc', 1, 0, 0, 10, 10, 0, 0, 2, 10, 5, 105, 5, 30, 1238.1, NULL),
	(177, 106, 45, 'spieler', 0, 37, 2, 10, 5, 0, 1, 5, 1, 1, 155, 33, 12, 1409.25, NULL),
	(178, 106, 4, 'npc', 1, 0, 0, 10, 10, 0, -10, 2, 10, 5, 105, 5, 30, 1438.1, NULL),
	(179, 107, 45, 'spieler', 0, 32, 1, 10, 5, 0, 1, 5, 1, 1, 155, 33, 12, 1200.67, NULL),
	(180, 107, 4, 'npc', 1, 0, 3, 10, 10, 0, 0, 2, 10, 5, 105, 5, 30, 1238.1, NULL),
	(181, 108, 45, 'spieler', 0, 32, 1, 10, 5, 0, 1, 5, 1, 1, 145, 33, 12, 1186.3, NULL),
	(182, 108, 4, 'npc', 1, 0, 0, 10, 10, 0, 0, 2, 10, 5, 105, 5, 30, 1238.1, NULL),
	(183, 109, 45, 'spieler', 0, 37, 24, 10, 5, 0, 1, 5, 1, 1, 105, 33, 12, 666.666, NULL),
	(184, 109, 4, 'npc', 1, 0, 3, 10, 10, 0, 0, 2, 10, 5, 105, 5, 30, 666.666, NULL),
	(185, 110, 45, 'spieler', 0, 37, 20, 10, 5, 0, 1, 5, 1, 1, 115, 33, 12, 836.249, NULL),
	(186, 110, 4, 'npc', 1, 0, 3, 10, 10, 0, 0, 2, 10, 5, 105, 5, 30, 857.142, NULL),
	(187, 111, 45, 'spieler', 0, 27, 2, 10, 5, 0, 1, 5, 1, 1, 175, 33, 12, 1310.56, NULL),
	(188, 111, 4, 'npc', 1, 0, 3, 10, 10, 0, 0, 2, 10, 5, 105, 5, 30, 1333.34, NULL),
	(189, 112, 45, 'spieler', 0, 47, 12, 10, 5, 0, 1, 5, 1, 1, 130, 33, 12, 1126.62, NULL),
	(190, 112, 4, 'npc', 1, 0, 3, 10, 10, 0, 0, 2, 10, 5, 20, 5, 30, 1500, NULL),
	(191, 113, 45, 'spieler', 0, 47, 13, 10, 5, 0, 1, 5, 1, 1, 135, 33, 12, 1203.54, NULL),
	(192, 113, 4, 'npc', 1, 0, 3, 10, 10, 0, 0, 2, 10, 5, 50, 5, 30, 1244.44, NULL),
	(193, 114, 45, 'spieler', 0, 42, 1, 10, 5, 0, 1, 5, 1, 1, 125, 33, 12, 3669.08, NULL),
	(194, 114, 4, 'npc', 1, 0, 3, 10, 10, 0, 0, 2, 10, 5, 50, 5, 30, 3688.88, NULL),
	(195, 115, 45, 'spieler', 0, 42, 1, 10, 5, 0, 1, 5, 1, 1, 175, 33, 12, 1443.89, NULL),
	(196, 115, 4, 'npc', 1, 0, 3, 10, 10, 0, 0, 2, 10, 5, 50, 5, 30, 1400, NULL),
	(197, 116, 45, 'spieler', 0, 42, 14, 10, 5, 0, 1, 5, 1, 1, 105, 33, 12, 857.142, NULL),
	(198, 116, 4, 'npc', 1, 0, 3, 10, 10, 0, 0, 2, 10, 5, 50, 5, 30, 600, NULL),
	(199, 116, 2, 'npc', 1, 0, 0, 3, 3, 0, 0, 5, 5, 0, 110, 0, 35, 363.636, NULL),
	(200, 117, 45, 'spieler', 0, 47, 30, 10, 5, 0, 1, 5, 1, 1, 105, 33, 12, 95.238, NULL),
	(201, 117, 4, 'npc', 1, 0, 3, 10, 10, 0, 0, 2, 10, 5, 50, 5, 30, 200, NULL),
	(202, 117, 2, 'npc', 1, 0, 0, 3, 3, 0, 0, 5, 5, 0, 110, 0, 35, 90.909, NULL),
	(203, 118, 45, 'spieler', 0, 47, 5, 10, 5, 0, 1, 5, 1, 1, 120, 33, 12, 819.685, NULL),
	(204, 118, 4, 'npc', 1, 0, 3, 10, 10, 0, 0, 2, 10, 5, 50, 5, 30, 822.222, NULL),
	(205, 118, 2, 'npc', 1, 0, 0, 3, 3, 0, 0, 5, 5, 0, 110, 0, 35, 272.727, NULL),
	(206, 118, 2, 'npc', 1, 0, 0, 3, 3, 0, 0, 5, 5, 0, 110, 0, 35, 363.636, NULL),
	(207, 119, 45, 'spieler', 0, 36, 0, 10, 5, 0, 1, 5, 1, 1, 125, 33, 12, 2704.14, NULL),
	(208, 119, 4, 'npc', 1, 0, 3, 10, 10, 0, -10, 2, 10, 5, 50, 5, 40, 2822.22, NULL),
	(209, 120, 45, 'spieler', 0, 44, 10, 10, 5, 0, 1, 5, 1, 1, 110, 33, 12, 952.38, NULL),
	(210, 120, 4, 'npc', 1, 0, 3, 10, 10, 0, 0, 2, 10, 5, 50, 5, 30, 1000, NULL),
	(211, 121, 45, 'spieler', 0, 47, 14, 10, 5, 0, 1, 5, 1, 1, 125, 33, 12, 799.498, NULL),
	(212, 121, 4, 'npc', 1, 0, 3, 10, 10, 0, -10, 2, 10, 5, 50, 5, 30, 822.222, NULL),
	(213, 122, 45, 'spieler', 0, 37, 24, 10, 5, 0, 1, 5, 1, 1, 115, 33, 12, 1175.8, NULL),
	(214, 122, 4, 'npc', 1, 0, 2, 10, 10, 0, 0, 2, 10, 5, 50, 5, 50, 1200, NULL),
	(215, 123, 45, 'spieler', 0, 42, 30, 10, 5, 0, 1, 5, 1, 1, 105, 33, 12, 1619.06, NULL),
	(216, 123, 4, 'npc', 1, 0, 0, 10, 10, 0, 0, 2, 10, 5, 50, 5, 90, 1200, NULL),
	(217, 124, 45, 'spieler', 0, 27, 30, 10, 5, 0, 1, 5, 1, 1, 105, 33, 12, 1523.82, NULL),
	(218, 124, 4, 'npc', 1, 0, 0, 10, 10, 0, 0, 2, 10, 5, 100, 5, 30, 1100, NULL),
	(219, 125, 45, 'spieler', 0, 47, 11, 10, 5, 0, 1, 5, 1, 1, 135, 33, 12, 1093.01, NULL),
	(220, 125, 4, 'npc', 1, 0, 3, 10, 10, 0, 0, 2, 10, 5, 100, 5, 30, 1100, NULL),
	(221, 125, 2, 'npc', 1, 0, 0, 3, 3, 0, 0, 5, 5, 0, 110, 0, 35, 454.545, NULL),
	(222, 126, 45, 'spieler', 0, 32, 21, 10, 5, 0, 1, 5, 1, 1, 105, 33, 12, 476.19, NULL),
	(223, 126, 4, 'npc', 1, 0, 2, 10, 10, 0, 0, 2, 10, 5, 100, 5, 50, 400, NULL),
	(224, 126, 2, 'npc', 1, 0, 8, 3, 3, 0, 0, 5, 5, 0, 110, 0, 35, 181.818, NULL),
	(225, 127, 45, 'spieler', 0, 24, 0, 10, 5, 0, 1, 5, 1, 1, 115, 33, 12, 1436.68, NULL),
	(226, 127, 4, 'npc', 1, 0, 0, 10, 10, 0, 0, 2, 10, 5, 100, 5, 30, 1400, NULL),
	(227, 127, 2, 'npc', 1, 0, 8, 3, 3, 0, 0, 5, 5, 0, 110, 0, 35, 454.545, NULL),
	(228, 128, 45, 'spieler', 0, 17, 0, 10, 5, 0, 1, 5, 1, 1, 115, 33, 12, 1515.35, NULL),
	(229, 128, 4, 'npc', 1, 0, 3, 10, 10, 0, 0, 2, 10, 5, 100, 5, 30, 505.263, NULL),
	(230, 128, 2, 'npc', 1, 0, 0, 3, 3, 0, 0, 5, 5, 0, 110, 0, 35, 1454.55, NULL),
	(231, 129, 45, 'spieler', 0, 0, 30, 10, 5, 0, 1, 5, 1, 1, 105, 33, 12, 1809.54, NULL),
	(232, 129, 4, 'npc', 1, 23, 0, 10, 10, 0, 0, 2, 10, 5, 100, 5, 50, 1900, NULL),
	(233, 129, 2, 'npc', 1, 0, 4, 3, 3, 0, 0, 5, 5, 0, 110, 0, 35, 636.363, NULL),
	(234, 130, 45, 'spieler', 0, 11, 0, 10, 5, 0, 1, 5, 1, 1, 135, 33, 12, 2589.75, NULL),
	(235, 130, 4, 'npc', 1, 0, 0, 10, 10, 0, 0, 2, 10, 5, 100, 5, 30, 2600, NULL),
	(236, 130, 2, 'npc', 1, 0, 0, 3, 3, 0, 0, 5, 5, 0, 110, 0, 35, 2000.01, NULL),
	(237, 131, 45, 'spieler', 0, 42, 0, 10, 5, 0, 1, 5, 1, 1, 125, 33, 12, 1431.38, NULL),
	(238, 131, 4, 'npc', 1, 0, 1, 10, 10, 0, 0, 2, 10, 5, 100, 5, 30, 1400, NULL),
	(239, 131, 2, 'npc', 1, 0, 8, 3, 3, 0, 0, 5, 5, 0, 110, 0, 35, 181.818, NULL),
	(240, 132, 45, 'spieler', 0, 36, 8, 10, 5, 0, 1, 5, 1, 1, 125, 33, 12, 1260.45, NULL),
	(241, 132, 4, 'npc', 1, 0, 0, 10, 10, 0, 0, 2, 10, 5, 100, 5, 50, 1205.26, NULL),
	(242, 132, 2, 'npc', 1, 0, 4, 3, 3, 0, 0, 5, 5, 0, 110, 0, 35, 545.454, NULL),
	(243, 133, 45, 'spieler', 0, 0, 3, 10, 5, 0, 1, 5, 1, 1, 115, 33, 12, 1279.32, NULL),
	(244, 133, 4, 'npc', 1, 0, 0, 10, 10, 0, 0, 2, 10, 5, 100, 5, 30, 1205.26, NULL),
	(245, 133, 2, 'npc', 1, 0, 0, 3, 3, 0, 0, 5, 5, 0, 110, 0, 35, 1095.24, NULL),
	(246, 134, 45, 'spieler', 0, 13, 0, 10, 5, 0, 1, 5, 1, 1, 125, 33, 12, 1751.38, NULL),
	(247, 134, 4, 'npc', 1, 0, 0, 10, 10, 0, 0, 2, 10, 5, 100, 5, 30, 1700, NULL),
	(248, 134, 2, 'npc', 1, 0, 0, 3, 3, 0, 0, 5, 5, 0, 110, 0, 55, 1004.33, NULL),
	(249, 135, 45, 'spieler', 0, 0, 1, 10, 5, 0, 1, 5, 1, 1, 115, 33, 12, 1018.44, NULL),
	(250, 135, 4, 'npc', 1, 12, 1, 10, 10, 0, 0, 2, 10, 5, 100, 5, 30, 1105.26, NULL),
	(251, 135, 2, 'npc', 1, 4, 0, 3, 3, 0, 0, 5, 5, 0, 110, 0, 35, 1095.24, NULL),
	(252, 136, 45, 'spieler', 0, 20, 8, 10, 5, 0, 1, 5, 1, 1, 110, 33, 12, 761.904, NULL),
	(253, 136, 4, 'npc', 1, 0, 2, 10, 10, 0, 0, 2, 10, 5, 100, 5, 30, 700, NULL),
	(254, 136, 2, 'npc', 1, 0, 0, 3, 3, 0, 0, 5, 5, 0, 110, 0, 55, 545.454, NULL),
	(255, 137, 45, 'spieler', 0, 42, 15, 10, 5, 0, 1, 5, 1, 1, 115, 33, 12, 914.923, NULL),
	(256, 137, 4, 'npc', 1, 0, 2, 10, 10, 0, 0, 2, 10, 5, 100, 5, 30, 905.263, NULL),
	(257, 137, 2, 'npc', 1, 0, 8, 3, 3, 0, 0, 5, 5, 0, 110, 0, 35, 181.818, NULL),
	(258, 138, 45, 'spieler', 0, 0, 23, 10, 5, 0, 1, 5, 1, 1, 105, 33, 12, 761.904, NULL),
	(259, 138, 4, 'npc', 1, 32, 2, 10, 10, 0, 0, 2, 10, 5, 100, 5, 30, 800, NULL),
	(260, 138, 2, 'npc', 1, 15, 0, 3, 3, 0, 0, 5, 5, 0, 110, 0, 15, 818.181, NULL),
	(261, 139, 45, 'spieler', 0, 43, 1, 10, 5, 0, 1, 5, 1, 1, 115, 33, 12, 1010.16, NULL),
	(262, 139, 4, 'npc', 1, 0, 0, 10, 10, 0, 0, 2, 10, 5, 100, 5, 30, 1000, NULL),
	(263, 140, 45, 'spieler', 0, 43, 17, 10, 5, 0, 1, 5, 1, 1, 105, 33, 12, 380.952, NULL),
	(264, 140, 4, 'npc', 1, 0, 3, 10, 10, 0, 0, 2, 10, 5, 100, 5, 30, 300, NULL),
	(265, 141, 45, 'spieler', 0, 47, 16, 10, 5, 0, 1, 5, 1, 1, 115, 33, 12, 637.491, NULL),
	(266, 141, 4, 'npc', 1, 0, 0, 10, 10, 0, 0, 2, 10, 5, 100, 5, 50, 700, NULL),
	(267, 142, 45, 'spieler', 0, 37, 8, 19, 5, 0, 1, 5, 1, 1, 105, 33, 12, 1047.62, NULL),
	(268, 142, 4, 'npc', 1, 0, 0, 10, 10, 0, 0, 2, 10, 5, 100, 5, 24, 1000, NULL),
	(269, 143, 45, 'spieler', 0, 21, 5, 10, 5, 0, 1, 5, 1, 1, 105, 33, 12, 1238.1, NULL),
	(270, 143, 4, 'npc', 1, 0, 0, 10, 10, 6, 0, 2, 10, 5, 100, 5, 30, 1200, NULL),
	(271, 144, 45, 'spieler', 0, 38, 23, 10, 5, 0, 1, 5, 1, 1, 105, 33, 12, 571.428, NULL),
	(272, 144, 4, 'npc', 1, 0, 0, 5, 10, 0, 0, 2, 10, 5, 100, 5, 30, 500, NULL),
	(273, 145, 45, 'spieler', 0, 30, 7, 10, 5, 0, 1, 5, 1, 1, 105, 33, 12, 857.142, NULL),
	(274, 145, 4, 'npc', 1, 0, 0, 5, 7, 3, 0, 2, 10, 5, 100, 5, 30, 800, NULL),
	(275, 146, 45, 'spieler', 0, 19, 1, 10, 5, 0, 1, 5, 1, 1, 105, 33, 12, 857.142, NULL),
	(276, 146, 4, 'npc', 1, 0, 0, 3, 10, 3, 0, 2, 10, 5, 100, 5, 30, 800, NULL),
	(277, 147, 45, 'spieler', 0, 43, 2, 10, 5, 0, 1, 5, 1, 1, 105, 33, 12, 666.666, NULL),
	(278, 147, 4, 'npc', 1, 0, 0, 0, 10, 0, 0, 2, 10, 5, 100, 5, 30, 600, NULL),
	(279, 148, 45, 'spieler', 0, 20, 1, 10, 5, 0, 1, 5, 1, 1, 105, 33, 12, 1238.1, NULL),
	(280, 148, 4, 'npc', 1, 0, 0, 10, 10, 0, 0, 2, 10, 5, 100, 5, 30, 1200, NULL),
	(281, 149, 45, 'spieler', 0, 9, 0, 28, 5, 0, 1, 5, 1, 1, 105, 33, 12, 1904.78, NULL),
	(282, 149, 4, 'npc', 1, 0, 0, 10, 10, 0, 0, 2, 10, 5, 88, 5, 14, 1883.02, NULL),
	(283, 149, 2, 'npc', 1, 0, 8, 3, 3, 0, 0, 5, 5, 0, 109, 0, 34, 1001.67, NULL),
	(284, 150, 45, 'spieler', 0, 16, 2, 10, 5, 0, 1, 5, 1, 1, 105, 33, 12, 952.38, NULL),
	(285, 150, 4, 'npc', 1, 0, 0, 10, 10, 2, 0, 2, 10, 5, 100, 5, 30, 903.03, NULL),
	(286, 150, 2, 'npc', 1, 0, 8, 0, 3, 0, 0, 5, 5, 0, 109, 0, 34, 547.122, NULL),
	(287, 151, 45, 'spieler', 0, 33, 0, 10, 5, 0, 1, 5, 1, 1, 105, 33, 12, 952.38, NULL),
	(288, 151, 4, 'npc', 1, 0, 3, 10, 10, 2, 0, 2, 10, 5, 76, 5, 0, 907.176, NULL),
	(289, 152, 45, 'spieler', 0, 27, 0, 10, 5, 0, 1, 5, 1, 1, 105, 33, 12, 1333.34, NULL),
	(290, 152, 4, 'npc', 1, 0, 0, 10, 10, 0, 0, 2, 10, 5, 52, 5, 0, 1408.16, NULL),
	(291, 153, 45, 'spieler', 0, 24, 3, 10, 5, 0, 1, 5, 1, 1, 105, 33, 12, 1238.1, NULL),
	(292, 153, 4, 'npc', 1, 0, 0, 0, 10, 0, 0, 2, 10, 5, 88, 5, 14, 1173.91, NULL),
	(293, 154, 45, 'spieler', 0, 34, 3, 28, 5, 0, 1, 5, 1, 1, 105, 33, 12, 1619.06, NULL),
	(294, 154, 4, 'npc', 1, 0, 0, 10, 10, 0, 0, 2, 10, 5, 100, 5, 30, 1600, NULL),
	(295, 155, 45, 'spieler', 0, 38, 2, 10, 5, 0, 1, 5, 1, 1, 105, 33, 12, 571.428, NULL),
	(296, 155, 4, 'npc', 1, 0, 0, 10, 10, 0, 0, 2, 10, 5, 97, 0, 27, 506.142, NULL),
	(297, 156, 45, 'spieler', 0, 17, 0, 10, 5, 0, 1, 5, 1, 1, 105, 33, 12, 1333.34, NULL),
	(298, 156, 4, 'npc', 1, 0, 0, 10, 10, 0, 0, 2, 10, 5, 40, 5, 0, 1301.6, NULL),
	(299, 157, 45, 'spieler', 0, 19, 2, 10, 5, 0, 1, 5, 1, 1, 105, 33, 12, 857.142, NULL),
	(300, 157, 4, 'npc', 1, 0, 0, 0, 10, 0, 0, 2, 10, 5, 100, 5, 30, 800, NULL),
	(301, 158, 45, 'spieler', 0, 15, 2, 10, 5, 0, 1, 5, 1, 1, 105, 33, 12, 857.142, NULL),
	(302, 158, 4, 'npc', 1, 0, 0, 0, 10, 0, 0, 2, 10, 5, 100, 5, 30, 800, NULL),
	(303, 159, 45, 'spieler', 0, 23, 0, 10, 5, 0, 1, 5, 1, 1, 105, 33, 12, 666.666, NULL),
	(304, 159, 4, 'npc', 1, 0, 0, 2, 6, 2, 0, 2, 10, 5, 100, 5, 30, 600, NULL),
	(305, 160, 45, 'spieler', 0, 39, 4, 19, 5, 0, 1, 5, 1, 1, 105, 33, 12, 571.428, NULL),
	(306, 160, 4, 'npc', 1, 0, 3, 8, 8, 0, 0, 2, 10, 5, 100, 5, 30, 500, NULL),
	(307, 161, 45, 'spieler', 0, 0, 1, 10, 5, 0, 1, 5, 1, 1, 105, 33, 12, 952.38, NULL),
	(308, 161, 4, 'npc', 1, 9, 0, 10, 10, 3, 0, 2, 10, 5, 100, 5, 30, 1004.04, NULL),
	(309, 162, 45, 'spieler', 0, 15, 3, 10, 5, 0, 1, 5, 1, 1, 105, 33, 12, 857.142, NULL),
	(310, 162, 4, 'npc', 1, 0, 0, 7, 10, 0, 0, 2, 10, 5, 100, 3, 22, 800, NULL),
	(311, 163, 45, 'spieler', 0, 11, 0, 10, 5, 0, 1, 5, 1, 1, 105, 33, 12, 1142.86, NULL),
	(312, 163, 4, 'npc', 1, 0, 3, 1, 6, 0, 0, 2, 10, 5, 100, 0, 30, 1102.04, NULL),
	(313, 164, 45, 'spieler', 0, 25, 24, 10, 5, 0, 1, 5, 1, 1, 105, 33, 12, 571.428, NULL),
	(314, 164, 4, 'npc', 1, 0, 0, 10, 8, 0, 0, 2, 10, 5, 100, 5, 30, 500, NULL),
	(315, 165, 45, 'spieler', 0, 47, 3, 10, 5, 1, 1, 5, 1, 1, 105, 33, 12, 1142.86, NULL),
	(316, 165, 4, 'npc', 1, 0, 0, 0, 10, 1, 0, 2, 10, 5, 92, 5, 22, 1069.29, NULL),
	(317, 166, 45, 'spieler', 0, 41, 16, 10, 5, 1, 1, 5, 1, 1, 105, 33, 12, 666.666, NULL),
	(318, 166, 4, 'npc', 1, 0, 3, 5, 10, 0, 0, 2, 10, 5, 100, 5, 30, 600, NULL),
	(319, 167, 45, 'spieler', 0, 35, 2, 10, 5, 1, 1, 5, 1, 1, 105, 33, 12, 857.142, NULL),
	(320, 167, 4, 'npc', 1, 0, 0, 0, 10, 0, 0, 2, 10, 5, 100, 100, 30, 800, NULL),
	(321, 168, 45, 'spieler', 0, 40, 2, 0, 5, 1, 1, 5, 1, 1, 105, 33, 12, 1238.1, NULL),
	(322, 168, 4, 'npc', 1, 0, 0, 0, 10, 0, 0, 2, 10, 5, 100, 100, 30, 1300, NULL),
	(323, 169, 45, 'spieler', 0, 47, 2, 10, 5, 1, 1, 5, 1, 1, 105, 33, 12, 952.38, NULL),
	(324, 169, 4, 'npc', 1, 0, 0, 0, 10, 0, 0, 2, 10, 5, 100, 5, 30, 900, NULL),
	(325, 170, 45, 'spieler', 0, 37, 2, 10, 5, 1, 1, 5, 1, 1, 105, 33, 12, 761.904, NULL),
	(326, 170, 4, 'npc', 1, 0, 0, 0, 10, 0, 0, 2, 10, 5, 100, 5, 30, 700, NULL),
	(327, 171, 45, 'spieler', 0, 35, 2, 10, 5, 1, 1, 5, 1, 1, 105, 33, 12, 761.904, NULL),
	(328, 171, 4, 'npc', 1, 0, 3, 0, 10, 0, 0, 2, 10, 5, 100, 5, 30, 700, NULL),
	(329, 172, 45, 'spieler', 0, 40, 2, 10, 5, 1, 1, 5, 1, 1, 105, 33, 12, 1047.62, NULL),
	(330, 172, 4, 'npc', 1, 0, 0, 0, 10, 0, 0, 2, 10, 5, 100, 5, 30, 1000, NULL),
	(331, 173, 45, 'spieler', 0, 35, 2, 10, 5, 1, 1, 5, 1, 1, 105, 33, 12, 761.904, NULL),
	(332, 173, 4, 'npc', 1, 0, 3, 0, 10, 0, 0, 2, 10, 5, 100, 0, 30, 700, NULL),
	(333, 174, 45, 'spieler', 0, 47, 30, 10, 5, 1, 1, 5, 1, 1, 105, 33, 12, 952.38, NULL),
	(334, 174, 4, 'npc', 1, 0, 0, 0, 10, 0, 0, 2, 10, 5, 100, 5, 30, 900, NULL),
	(335, 175, 45, 'spieler', 0, 39, 30, 10, 5, 1, 1, 5, 1, 1, 105, 33, 12, 666.666, NULL),
	(336, 175, 4, 'npc', 1, 0, 0, 0, 10, 0, 0, 2, 10, 5, 100, 5, 30, 600, NULL),
	(337, 176, 45, 'spieler', 0, 2, 2, 10, 5, 1, 1, 5, 1, 1, 105, 33, 12, 1238.1, NULL),
	(338, 176, 4, 'npc', 1, 0, 0, 3, 10, 0, 0, 2, 10, 5, 100, 5, 30, 1200, NULL),
	(339, 179, 45, 'spieler', 0, 47, 30, 10, 5, 1, 1, 5, 1, 1, 105, 33, 12, 95.238, 1),
	(341, 180, 45, 'spieler', 0, 47, 30, 10, 5, 1, 1, 5, 1, 1, 105, 33, 12, 95.238, 5),
	(343, 181, 45, 'spieler', 0, 47, 30, 10, 5, 1, 1, 5, 1, 1, 105, 33, 12, 95.238, 6),
	(345, 182, 45, 'spieler', 0, 43, 2, 10, 5, 1, 1, 5, 1, 1, 105, 33, 12, 857.142, 7),
	(346, 182, 4, 'npc', 1, 0, 0, 0, 10, 0, 0, 2, 10, 5, 100, 5, 30, 800, NULL),
	(347, 183, 45, 'spieler', 0, 41, 2, 10, 5, 1, 1, 5, 1, 1, 105, 33, 12, 666.666, 8),
	(348, 183, 4, 'npc', 1, 0, 0, 0, 10, 0, 0, 2, 10, 5, 100, 2, 30, 600, NULL),
	(349, 184, 45, 'spieler', 0, 24, 2, 10, 5, 1, 1, 5, 1, 1, 105, 33, 12, 857.142, 9),
	(350, 184, 4, 'npc', 1, 0, 3, 4, 10, 0, 0, 2, 10, 5, 100, 5, 30, 800, NULL),
	(351, 184, 2, 'npc', 1, 0, 8, 0, 3, 0, 0, 5, 5, 0, 110, 0, 35, 363.636, NULL),
	(352, 185, 45, 'spieler', 0, 42, 16, 10, 5, 1, 1, 5, 1, 1, 105, 33, 12, 571.428, 10),
	(353, 185, 4, 'npc', 1, 0, 0, 3, 10, 0, 0, 2, 10, 5, 100, 5, 30, 500, NULL),
	(354, 186, 45, 'spieler', 0, 12, 2, 10, 5, 1, 1, 5, 1, 1, 105, 33, 12, 1047.62, 11),
	(355, 186, 4, 'npc', 1, 0, 0, 6, 10, 0, 0, 2, 10, 5, 100, 5, 30, 1000, NULL),
	(356, 187, 45, 'spieler', 0, 32, 2, 10, 5, 1, 1, 5, 1, 1, 105, 33, 12, 761.904, 12),
	(357, 187, 4, 'npc', 1, 0, 3, 3, 10, 0, 0, 2, 10, 5, 100, 5, 30, 700, NULL),
	(358, 188, 45, 'spieler', 0, 26, 16, 10, 5, 1, 1, 5, 1, 1, 105, 33, 12, 857.142, 13),
	(359, 188, 4, 'npc', 1, 0, 0, 2, 10, 0, 0, 2, 10, 5, 100, 5, 30, 800, NULL),
	(360, 189, 45, 'spieler', 0, 38, 2, 10, 5, 1, 1, 5, 1, 1, 105, 33, 12, 1142.86, 14),
	(361, 189, 4, 'npc', 1, 0, 3, 0, 10, 0, 0, 2, 10, 5, 100, 5, 30, 1100, NULL),
	(362, 190, 45, 'spieler', 0, 41, 2, 10, 5, 1, 1, 5, 1, 1, 105, 33, 12, 857.142, 15),
	(363, 190, 4, 'npc', 1, 0, 0, 0, 10, 0, 0, 2, 10, 5, 100, 5, 30, 800, NULL),
	(364, 191, 45, 'spieler', 0, 37, 3, 10, 5, 1, 1, 5, 1, 1, 105, 33, 12, 666.666, 16),
	(365, 191, 4, 'npc', 1, 0, 0, 2, 10, 0, 0, 2, 10, 5, 100, 5, 30, 600, NULL),
	(366, 192, 45, 'spieler', 0, 47, 30, 10, 5, 1, 1, 5, 1, 1, 105, 33, 12, 380.952, 17),
	(367, 192, 33, 'npc', 1, 0, 0, 5, 10, 0, 0, 0, 1, 0, 100, 0, 0, 100, NULL),
	(368, 193, 45, 'spieler', 0, 29, 30, 10, 5, 1, 1, 5, 1, 1, 105, 33, 12, 571.428, 18),
	(369, 193, 23, 'npc', 1, 0, 0, 10, 10, 5, 0, 0, 5, 0, 105, 0, 20, 476.19, NULL),
	(370, 194, 45, 'spieler', 0, 0, 16, 10, 5, 1, 1, 5, 1, 1, 105, 33, 12, 571.428, 19),
	(371, 194, 34, 'npc', 1, 10, 0, 2, 10, 10, 1, 1, 1, 1, 500, 100, 100, 580, NULL),
	(372, 195, 45, 'spieler', 0, 0, 16, 10, 5, 1, 1, 5, 1, 1, 105, 33, 12, 95.238, 20),
	(373, 195, 22, 'npc', 1, 10, 20, 5, 20, 5, 0, 0, 10, 0, 120, 0, 40, 83.333, NULL),
	(374, 196, 45, 'spieler', 0, 0, 16, 10, 5, 1, 1, 5, 1, 1, 105, 33, 12, 476.19, 21),
	(375, 196, 24, 'npc', 1, 37, 16, 73, 20, 10, 0, 0, 20, 0, 100, 30, 10, 500, NULL),
	(376, 197, 45, 'spieler', 0, 47, 23, 10, 5, 1, 1, 5, 1, 1, 105, 33, 12, 380.952, 22),
	(377, 197, 2, 'npc', 1, 0, 0, 0, 3, 0, 0, 5, 5, 0, 130, 0, 35, 307.692, NULL),
	(378, 198, 45, 'spieler', 0, 44, 16, 10, 5, 1, 1, 5, 1, 1, 105, 33, 12, 380.952, 23),
	(379, 198, 22, 'npc', 1, 0, 20, 1, 20, 5, 0, 0, 10, 0, 120, 0, 40, 333.332, NULL),
	(380, 199, 45, 'spieler', 0, 15, 30, 6, 1, 0, 1, 5, 1, 1, 105, 33, 12, 476.19, 24),
	(381, 199, 30, 'npc', 1, 0, 14, 10, 5, 5, 20, 0, 0, 0, 100, 15, 5, 400, NULL),
	(382, 200, 45, 'spieler', 0, 0, 16, 10, 5, 1, 1, 5, 1, 1, 105, 33, 12, 380.952, 25),
	(383, 200, 21, 'npc', 1, 992, 987, 0, 50, 91, 100, 0, 0, 0, 100, 47, 50, 400, NULL);
/*!40000 ALTER TABLE `kampf_teilnehmer` ENABLE KEYS */;

-- Exportiere Struktur von Tabelle db_dvg.ki
DROP TABLE IF EXISTS `ki`;
CREATE TABLE IF NOT EXISTS `ki` (
  `id` int(11) NOT NULL AUTO_INCREMENT,
  `name` varchar(50) COLLATE utf8_unicode_ci NOT NULL DEFAULT '0',
  PRIMARY KEY (`id`)
) ENGINE=InnoDB AUTO_INCREMENT=3 DEFAULT CHARSET=utf8 COLLATE=utf8_unicode_ci COMMENT='KI vorrangig für NPCs (Kampf)';

-- Exportiere Daten aus Tabelle db_dvg.ki: ~2 rows (ungefähr)
DELETE FROM `ki`;
/*!40000 ALTER TABLE `ki` DISABLE KEYS */;
INSERT INTO `ki` (`id`, `name`) VALUES
	(1, '---ohne---'),
	(2, 'Standard_wkt');
/*!40000 ALTER TABLE `ki` ENABLE KEYS */;

-- Exportiere Struktur von Tabelle db_dvg.level
DROP TABLE IF EXISTS `level`;
CREATE TABLE IF NOT EXISTS `level` (
  `id` int(10) NOT NULL AUTO_INCREMENT,
  `voraussetzung` varchar(50) COLLATE utf8_unicode_ci NOT NULL,
  `titel` varchar(50) COLLATE utf8_unicode_ci NOT NULL,
  `stufe` int(10) NOT NULL,
  `modifikator` float NOT NULL,
  `beschreibung` text COLLATE utf8_unicode_ci NOT NULL,
  PRIMARY KEY (`id`)
) ENGINE=InnoDB AUTO_INCREMENT=8 DEFAULT CHARSET=utf8 COLLATE=utf8_unicode_ci COMMENT='Level und die einzelnen Voraussetzungen zum Erreichen des Levels';

-- Exportiere Daten aus Tabelle db_dvg.level: ~7 rows (ungefähr)
DELETE FROM `level`;
/*!40000 ALTER TABLE `level` DISABLE KEYS */;
INSERT INTO `level` (`id`, `voraussetzung`, `titel`, `stufe`, `modifikator`, `beschreibung`) VALUES
	(1, '', 'Level 1', 1, 0, ''),
	(2, '', 'Level 2', 2, 0, ''),
	(3, '', 'Level 3', 3, 0, ''),
	(4, '', 'Level 4', 4, 0, ''),
	(5, '', 'Level 5', 5, 0, ''),
	(6, '', 'Level 6', 6, 0, ''),
	(7, '', 'Level 7', 7, 0, '');
/*!40000 ALTER TABLE `level` ENABLE KEYS */;

-- Exportiere Struktur von Tabelle db_dvg.level_bilder
DROP TABLE IF EXISTS `level_bilder`;
CREATE TABLE IF NOT EXISTS `level_bilder` (
  `id` int(10) NOT NULL AUTO_INCREMENT,
  `bilder_id` int(10) NOT NULL,
  `level_id` int(10) NOT NULL,
  `gattung_id` int(10) NOT NULL,
  PRIMARY KEY (`id`),
  KEY `FK_bilder_id_level_bilder` (`bilder_id`) USING BTREE,
  KEY `FK_level_id_level_bilder` (`level_id`) USING BTREE,
  KEY `FK_gattung_id_level_bilder` (`gattung_id`) USING BTREE,
  CONSTRAINT `FK_level_bilder_bilder` FOREIGN KEY (`bilder_id`) REFERENCES `bilder` (`id`),
  CONSTRAINT `FK_level_bilder_gattung` FOREIGN KEY (`gattung_id`) REFERENCES `gattung` (`id`),
  CONSTRAINT `FK_level_bilder_level` FOREIGN KEY (`level_id`) REFERENCES `level` (`id`)
) ENGINE=InnoDB AUTO_INCREMENT=29 DEFAULT CHARSET=utf8 COLLATE=utf8_unicode_ci COMMENT='Zuordnung zwischen Level, Gattung und Bild eines Drachen';

-- Exportiere Daten aus Tabelle db_dvg.level_bilder: ~28 rows (ungefähr)
DELETE FROM `level_bilder`;
/*!40000 ALTER TABLE `level_bilder` DISABLE KEYS */;
INSERT INTO `level_bilder` (`id`, `bilder_id`, `level_id`, `gattung_id`) VALUES
	(1, 209, 1, 3),
	(2, 210, 1, 1),
	(3, 211, 1, 4),
	(4, 212, 1, 2),
	(5, 213, 2, 3),
	(6, 214, 2, 1),
	(7, 215, 2, 4),
	(8, 216, 2, 2),
	(9, 217, 3, 3),
	(10, 218, 3, 1),
	(11, 219, 3, 4),
	(12, 220, 3, 2),
	(13, 221, 4, 3),
	(14, 222, 4, 1),
	(15, 223, 4, 4),
	(16, 224, 4, 2),
	(17, 225, 5, 3),
	(18, 226, 5, 1),
	(19, 227, 5, 4),
	(20, 228, 5, 2),
	(21, 229, 6, 3),
	(22, 230, 6, 1),
	(23, 231, 6, 4),
	(24, 232, 6, 2),
	(25, 233, 7, 3),
	(26, 234, 7, 1),
	(27, 235, 7, 4),
	(28, 236, 7, 2);
/*!40000 ALTER TABLE `level_bilder` ENABLE KEYS */;

-- Exportiere Struktur von Tabelle db_dvg.npc
DROP TABLE IF EXISTS `npc`;
CREATE TABLE IF NOT EXISTS `npc` (
  `id` int(10) NOT NULL AUTO_INCREMENT,
  `bilder_id` int(10) NOT NULL,
  `element_id` int(10) NOT NULL,
  `titel` varchar(50) COLLATE utf8_unicode_ci NOT NULL,
  `familie` varchar(50) COLLATE utf8_unicode_ci NOT NULL,
  `staerke` float NOT NULL,
  `intelligenz` float NOT NULL,
  `magie` float NOT NULL,
  `element_feuer` float NOT NULL,
  `element_wasser` float NOT NULL,
  `element_erde` float NOT NULL,
  `element_luft` float NOT NULL,
  `gesundheit` int(10) NOT NULL,
  `energie` int(10) NOT NULL,
  `zauberpunkte` int(10) NOT NULL,
  `initiative` float NOT NULL,
  `abwehr` float NOT NULL,
  `ausweichen` float NOT NULL,
  `beschreibung` text COLLATE utf8_unicode_ci NOT NULL,
  `typ` enum('angreifbar','sammelbar','ansprechbar','') COLLATE utf8_unicode_ci NOT NULL,
  `ki_id` int(10) NOT NULL DEFAULT '0',
  PRIMARY KEY (`id`),
  UNIQUE KEY `titel` (`titel`),
  KEY `FK_bilder_id_npc` (`bilder_id`),
  KEY `FK_element_id_npc` (`element_id`),
  KEY `ki` (`ki_id`),
  CONSTRAINT `FK_npc_bilder` FOREIGN KEY (`bilder_id`) REFERENCES `bilder` (`id`),
  CONSTRAINT `FK_npc_element` FOREIGN KEY (`element_id`) REFERENCES `element` (`id`),
  CONSTRAINT `FK_npc_ki` FOREIGN KEY (`ki_id`) REFERENCES `ki` (`id`)
) ENGINE=InnoDB AUTO_INCREMENT=43 DEFAULT CHARSET=utf8 COLLATE=utf8_unicode_ci COMMENT='Alle möglichen Objekten (Tiere, Pflanzen, Personen, usw.)';

-- Exportiere Daten aus Tabelle db_dvg.npc: ~32 rows (ungefähr)
DELETE FROM `npc`;
/*!40000 ALTER TABLE `npc` DISABLE KEYS */;
INSERT INTO `npc` (`id`, `bilder_id`, `element_id`, `titel`, `familie`, `staerke`, `intelligenz`, `magie`, `element_feuer`, `element_wasser`, `element_erde`, `element_luft`, `gesundheit`, `energie`, `zauberpunkte`, `initiative`, `abwehr`, `ausweichen`, `beschreibung`, `typ`, `ki_id`) VALUES
	(1, 274, 2, 'Wymar (Name von der Redaktion geändert)', 'Drache', 75, 100, 50, 100, 20, 20, 20, 1000, 100, 0, 100, 0, 0, 'Wymar ist einer der ältesten bekannten Drachen und wird für seine Weisheit hoch geschätzt. Ihr tut gut daran, seinen Ratschlägen aufs genauste zu folgen.', 'ansprechbar', 1),
	(2, 240, 4, 'Ratte', 'Nager', 3, 3, 0, 0, 5, 5, 0, 15, 10, 0, 130, 0, 35, 'Eklige Biester! Entweder kreischend davonrennen und den erstbesten Kammerjäger um Hilfe bitten oder einfach selbst Hand anlegen. ', 'angreifbar', 2),
	(3, 1, 1, 'Zayinenkrieger', 'Zayine', 50, 50, 40, 25, 25, 25, 25, 1000, 750, 30, 90, 50, 10, 'Ein Krieger der Zayinen. Am besten ihr schleicht euch ungesehen an ihm vorbei, denn schon auf den ersten Blick könnt ihr erkennen, dass mit ihm nicht gut Kirschen essen sein wird.', 'angreifbar', 2),
	(4, 77, 4, 'Fuchs', 'Fuchs', 10, 10, 0, 0, 2, 10, 5, 35, 50, 0, 110, 5, 20, 'Ein Fuchs, kräftig gebaut, jedoch scheu und nicht sonderlich angriffslustig. Ihr solltet eurer Können jedoch nicht überstrapazieren. Auch wenn er auf den ersten Blick ganz niedlich aussieht, so ist er doch sehr gerissen und weiß mit seinen Zähnen gut auszuteilen.', 'angreifbar', 2),
	(5, 77, 4, 'Junger Fuchs', 'Fuchs', 5, 5, 0, 0, 1, 5, 3, 25, 40, 0, 110, 0, 30, 'Ein Fuchs, relativ klein, scheu und nicht sonderlich angriffslustig. Ihr solltet eurer Können jedoch nicht überstrapazieren. Auch wenn er klein und niedlich aussieht, so ist er doch sehr gerissen und weiß mit seinen Zähnen gut auszuteilen.', 'angreifbar', 2),
	(6, 238, 3, 'Apfelbaum', 'Pflanze', 0, 0, 0, 0, 0, 0, 0, 10, 10, 0, 100, 0, 0, 'Ein stattlicher Apfelbaum mit einer Menge Äpfeln in der Krone. Verlockend!', 'sammelbar', 1),
	(7, 95, 4, 'Steinpilz', 'Pilz', 0, 0, 0, 0, 0, 0, 0, 10, 10, 0, 100, 0, 0, 'Ein Pilz mit breitem Stiel und einem hellbraunen Hut. Das müsste ein Steinpilz sein.', 'sammelbar', 1),
	(8, 84, 4, 'Knoblauch', 'Pflanze', 0, 0, 0, 0, 0, 0, 0, 10, 10, 0, 100, 0, 0, 'Eine schöne Knoblauchpflanze. Der unterirdische Teil ist ein wahrer Gaumenschmaus für Kenner. Der oberirdische Teil hingegen ist ein Haufen unnützes Grünzeug.', 'sammelbar', 1),
	(10, 45, 3, 'Eisbär', 'Bär', 100, 75, 20, 0, 20, 10, 0, 500, 500, 0, 70, 40, 5, 'Ein kräftiger Bär mit großen Pranken und einem schneeweißen Pelz. Da könnte man sich bestimmt schön hinein kuscheln, wenn er nicht so wehrhaft wäre.', 'angreifbar', 2),
	(11, 91, 4, 'Großer Panda', 'Bär', 10, 5, 50, 0, 0, 20, 5, 50, 20, 30, 80, 5, 0, 'Ein großer knuddeliger Bär mit traurigen schwarzen Augen. Er knabbert gemütlich an einem Bambuszweig.', 'angreifbar', 2),
	(12, 208, 5, 'Osterei lila', 'Ei', 0, 0, 1, 0, 0, 0, 1, 1, 1, 0, 100, 0, 0, 'Nicht ganz rund aber trotzdem perfekt geformt. Ein tolles Souvenir.', 'sammelbar', 1),
	(14, 207, 4, 'Osterei grün', 'Ei', 0, 0, 1, 0, 0, 1, 0, 1, 1, 0, 100, 0, 0, 'Nicht ganz rund aber trotzdem perfekt geformt. Ein tolles Souvenir.', 'sammelbar', 1),
	(21, 90, 2, 'Feuerteufel', 'Elementarteilchen', 0, 50, 100, 100, 0, 0, 0, 1000, 1000, 1000, 100, 50, 50, 'Ein kleines heißes Kerlchen, was mit Feuer umzugehen weiß. Vorsicht!', 'angreifbar', 2),
	(22, 46, 4, 'Erdmännchen', '---ohne---', 5, 20, 5, 0, 0, 10, 0, 10, 30, 20, 120, 0, 40, 'Ein sehr guter Beobachter !', 'angreifbar', 2),
	(23, 39, 4, 'Hase', 'Löffeltier', 10, 10, 5, 0, 0, 5, 0, 20, 30, 0, 105, 0, 20, 'Ein Hase !', 'angreifbar', 2),
	(24, 88, 4, 'Löwe', 'Katzen', 80, 20, 10, 0, 0, 20, 0, 50, 40, 20, 100, 30, 10, 'Ein großer starker Löwe !', 'angreifbar', 2),
	(25, 96, 3, 'Stockente', 'Vogel', 10, 20, 10, 0, 10, 0, 0, 20, 30, 20, 100, 0, 20, '---ohne---', 'angreifbar', 2),
	(26, 37, 3, 'Pinguin', 'Vogel', 5, 15, 10, 0, 30, 0, 0, 15, 30, 40, 80, 5, 0, '---ohne---', 'angreifbar', 2),
	(27, 241, 3, 'Katzenfisch', 'Fisch', 5, 10, 5, 0, 10, 0, 0, 20, 10, 10, 100, 0, 25, '---ohne---', 'angreifbar', 2),
	(28, 43, 5, 'Ara', 'Vogel', 10, 40, 10, 0, 0, 0, 20, 30, 20, 30, 120, 0, 30, '---ohne---', 'angreifbar', 2),
	(29, 86, 4, 'Kürbis', 'Gemüse', 2, 0, 5, 0, 0, 2, 0, 2, 0, 0, 100, 0, 0, '---ohne---', 'sammelbar', 1),
	(30, 94, 2, 'Skorpion', 'Insekten', 10, 5, 5, 20, 0, 0, 0, 20, 10, 20, 100, 15, 5, 'Vorsicht Stachel !', 'angreifbar', 2),
	(31, 78, 4, 'Sonnenblume', 'Pflanzen', 0, 0, 10, 0, 0, 10, 0, 2, 10, 0, 100, 0, 0, '---ohne---', 'sammelbar', 1),
	(32, 40, 1, 'Hibiskus', 'Pflanze', 0, 0, 0, 0, 0, 10, 0, 10, 10, 0, 100, 0, 0, 'Irgendeine Pflanze mit schönen roten Blüten, wenn sie denn mal blühen !', 'sammelbar', 1),
	(33, 93, 4, 'Schwein', 'Allesfresser', 5, 10, 0, 0, 0, 1, 0, 20, 10, 0, 100, 10, 10, 'Eine Steckdose auf 4 Beinen.', 'angreifbar', 2),
	(34, 39, 4, 'Osterhase', 'Pflanzenfresser', 2, 10, 10, 1, 1, 1, 1, 10, 30, 0, 500, 100, 100, 'Wird häufig mit einem Korb voller Eier gesichtet. Ihr solltet ihn lieber in Ruhe lassen. Er soll in Sachen Schnelligkeit jeden in den Schatten stellen.', 'angreifbar', 2),
	(35, 245, 4, 'Gorilla', 'Pflanzenfresser', 50, 20, 5, 0, 0, 10, 0, 30, 10, 0, 100, 35, 10, 'So selten wie ein Bigfoot. ', 'angreifbar', 2),
	(36, 41, 3, 'Alligator', 'Fleischfresser', 30, 10, 0, 0, 10, 0, 0, 75, 10, 0, 80, 30, 10, 'Tick Tack ! Ein Maul voller Zähne bedroht dich, zum Glück ohne viel Grips dahinter.', 'angreifbar', 2),
	(37, 97, 3, 'Tapir', 'Pflanzenfresser', 10, 5, 0, 0, 5, 5, 0, 30, 10, 0, 100, 20, 15, 'Ein sehr seltenes Rüsseltier.', 'angreifbar', 2),
	(40, 262, 3, 'Delphin', 'Fleischfresser', 20, 40, 20, 0, 20, 0, 0, 40, 50, 40, 105, 0, 35, 'Ein sehr intelligenter Meeresbewohner.', 'angreifbar', 2),
	(41, 261, 3, 'Buckelwal', 'Fleischfresser', 100, 20, 0, 0, 30, 0, 0, 150, 20, 0, 95, 20, 0, 'Eine Riese des Eismeeres.', 'angreifbar', 2),
	(42, 265, 5, 'Koala', 'Beuteltier', 5, 0, 0, 0, 0, 0, 1, 10, 5, 0, 100, 0, 0, 'Ein plüschiges süßes Tierchen, dass man nicht gerne fressen wöllte.', 'sammelbar', 1);
/*!40000 ALTER TABLE `npc` ENABLE KEYS */;

-- Exportiere Struktur von Tabelle db_dvg.npc_gebiet
DROP TABLE IF EXISTS `npc_gebiet`;
CREATE TABLE IF NOT EXISTS `npc_gebiet` (
  `id` int(10) NOT NULL AUTO_INCREMENT,
  `npc_id` int(10) NOT NULL,
  `gebiet_id` int(10) NOT NULL,
  `wahrscheinlichkeit` double unsigned NOT NULL,
  PRIMARY KEY (`id`),
  KEY `FK_npc_id_npc_gebiet` (`npc_id`),
  KEY `FK_gebiet_id_npc_gebiet` (`gebiet_id`),
  CONSTRAINT `FK_npc_gebiet_gebiet` FOREIGN KEY (`gebiet_id`) REFERENCES `gebiet` (`id`) ON DELETE CASCADE,
  CONSTRAINT `FK_npc_gebiet_npc` FOREIGN KEY (`npc_id`) REFERENCES `npc` (`id`) ON DELETE CASCADE
) ENGINE=InnoDB AUTO_INCREMENT=300 DEFAULT CHARSET=utf8 COLLATE=utf8_unicode_ci COMMENT='Zuordnung von NPCs zu den Gebieten mit individueller Wahrscheinlichkeit zum Gebiet';

-- Exportiere Daten aus Tabelle db_dvg.npc_gebiet: ~102 rows (ungefähr)
DELETE FROM `npc_gebiet`;
/*!40000 ALTER TABLE `npc_gebiet` DISABLE KEYS */;
INSERT INTO `npc_gebiet` (`id`, `npc_id`, `gebiet_id`, `wahrscheinlichkeit`) VALUES
	(14, 5, 4, 10),
	(16, 5, 7, 10),
	(18, 5, 9, 10),
	(20, 5, 11, 10),
	(28, 7, 2, 20),
	(29, 7, 4, 50),
	(30, 7, 5, 25),
	(31, 7, 6, 80),
	(32, 7, 8, 35),
	(33, 7, 9, 80),
	(34, 8, 5, 100),
	(43, 10, 3, 30),
	(44, 11, 4, 50),
	(78, 12, 4, 10),
	(79, 12, 3, 10),
	(80, 12, 5, 10),
	(81, 12, 6, 10),
	(82, 12, 8, 10),
	(83, 12, 10, 10),
	(84, 12, 11, 10),
	(85, 12, 2, 10),
	(86, 12, 1, 10),
	(87, 12, 9, 10),
	(88, 12, 7, 10),
	(100, 14, 4, 10),
	(101, 14, 3, 10),
	(102, 14, 5, 10),
	(103, 14, 6, 10),
	(104, 14, 8, 10),
	(105, 14, 10, 10),
	(106, 14, 11, 10),
	(107, 14, 1, 10),
	(108, 14, 2, 10),
	(109, 14, 9, 10),
	(110, 14, 7, 10),
	(116, 21, 2, 30),
	(117, 21, 7, 10),
	(143, 30, 7, 20),
	(144, 30, 10, 30),
	(155, 31, 9, 10),
	(156, 31, 4, 5),
	(158, 32, 9, 50),
	(159, 32, 4, 30),
	(174, 26, 3, 20),
	(178, 2, 1, 50),
	(179, 2, 2, 50),
	(180, 2, 3, 50),
	(181, 2, 4, 50),
	(182, 2, 6, 50),
	(183, 2, 7, 50),
	(184, 2, 8, 50),
	(185, 2, 9, 50),
	(186, 2, 10, 50),
	(187, 2, 11, 50),
	(191, 23, 9, 60),
	(192, 28, 4, 30),
	(193, 28, 10, 10),
	(198, 24, 11, 20),
	(199, 24, 4, 10),
	(200, 24, 7, 5),
	(201, 24, 9, 5),
	(206, 33, 9, 20),
	(207, 33, 4, 5),
	(208, 35, 9, 10),
	(209, 35, 4, 5),
	(214, 37, 4, 5),
	(215, 37, 9, 1),
	(216, 37, 1, 10),
	(227, 25, 4, 5),
	(228, 25, 9, 10),
	(229, 40, 3, 20),
	(230, 41, 3, 10),
	(242, 6, 1, 30),
	(243, 6, 4, 30),
	(244, 6, 5, 30),
	(245, 6, 8, 10),
	(246, 6, 9, 70),
	(247, 6, 10, 1),
	(248, 6, 11, 5),
	(249, 1, 5, 100),
	(250, 42, 4, 10),
	(251, 42, 9, 5),
	(252, 29, 9, 5),
	(253, 29, 9, 5),
	(254, 29, 4, 1),
	(255, 29, 5, 1),
	(268, 27, 10, 10),
	(269, 27, 3, 30),
	(270, 27, 1, 50),
	(271, 27, 4, 10),
	(272, 22, 11, 50),
	(273, 22, 9, 5),
	(290, 36, 4, 10),
	(291, 36, 1, 20),
	(292, 36, 9, 1),
	(293, 36, 10, 20),
	(294, 3, 7, 10),
	(295, 34, 11, 100),
	(296, 4, 4, 40),
	(297, 4, 7, 40),
	(298, 4, 9, 40),
	(299, 4, 11, 40);
/*!40000 ALTER TABLE `npc_gebiet` ENABLE KEYS */;

-- Exportiere Struktur von Tabelle db_dvg.npc_items
DROP TABLE IF EXISTS `npc_items`;
CREATE TABLE IF NOT EXISTS `npc_items` (
  `id` int(10) NOT NULL AUTO_INCREMENT,
  `npc_id` int(10) NOT NULL,
  `items_id` int(10) NOT NULL,
  `wahrscheinlichkeit` double unsigned NOT NULL,
  `anzahl_min` int(10) unsigned NOT NULL,
  `anzahl_max` int(10) unsigned NOT NULL,
  PRIMARY KEY (`id`),
  KEY `FK_items_id_npc_items` (`items_id`),
  KEY `FK_npc_id_npc_items` (`npc_id`),
  CONSTRAINT `FK_npc_items_items` FOREIGN KEY (`items_id`) REFERENCES `items` (`id`) ON DELETE CASCADE,
  CONSTRAINT `FK_npc_items_npc` FOREIGN KEY (`npc_id`) REFERENCES `npc` (`id`) ON DELETE CASCADE
) ENGINE=InnoDB AUTO_INCREMENT=128 DEFAULT CHARSET=utf8 COLLATE=utf8_unicode_ci COMMENT='Zuordnung von Items, die ein NPC erzeugen kann (durch töten, ernten, ansprechen, u.ä.)';

-- Exportiere Daten aus Tabelle db_dvg.npc_items: ~53 rows (ungefähr)
DELETE FROM `npc_items`;
/*!40000 ALTER TABLE `npc_items` DISABLE KEYS */;
INSERT INTO `npc_items` (`id`, `npc_id`, `items_id`, `wahrscheinlichkeit`, `anzahl_min`, `anzahl_max`) VALUES
	(3, 7, 5, 100, 1, 1),
	(4, 8, 3, 50, 1, 1),
	(5, 5, 8, 75, 1, 2),
	(6, 5, 4, 10, 1, 1),
	(14, 10, 7, 10, 0, 1),
	(15, 11, 2, 10, 0, 3),
	(28, 12, 10, 10, 1, 1),
	(29, 12, 12, 10, 1, 1),
	(30, 12, 13, 10, 1, 1),
	(31, 12, 14, 10, 1, 1),
	(32, 12, 15, 10, 1, 1),
	(33, 12, 11, 5, 1, 1),
	(40, 14, 10, 10, 1, 1),
	(41, 14, 12, 10, 1, 1),
	(42, 14, 13, 10, 1, 1),
	(43, 14, 14, 10, 1, 1),
	(44, 14, 15, 10, 1, 1),
	(45, 14, 11, 5, 1, 1),
	(50, 21, 6, 10, 1, 1),
	(51, 21, 8, 5, 1, 1),
	(70, 26, 18, 20, 1, 2),
	(73, 2, 1, 45, 1, 1),
	(74, 2, 7, 10, 1, 1),
	(75, 2, 8, 50, 1, 1),
	(76, 2, 18, 5, 1, 1),
	(79, 23, 8, 20, 1, 2),
	(80, 23, 18, 30, 1, 1),
	(81, 28, 18, 10, 1, 1),
	(86, 24, 6, 5, 1, 1),
	(87, 24, 7, 10, 1, 1),
	(88, 24, 8, 10, 1, 1),
	(89, 24, 1, 10, 1, 1),
	(90, 33, 18, 10, 0, 1),
	(91, 35, 1, 50, 0, 1),
	(93, 37, 18, 50, 0, 1),
	(96, 25, 18, 10, 1, 1),
	(97, 25, 8, 10, 1, 1),
	(98, 40, 18, 50, 0, 1),
	(99, 41, 18, 100, 0, 5),
	(103, 6, 1, 100, 1, 3),
	(104, 6, 2, 25, 1, 1),
	(105, 42, 22, 100, 1, 1),
	(106, 29, 19, 100, 1, 1),
	(110, 27, 18, 10, 1, 1),
	(111, 27, 21, 100, 1, 1),
	(112, 22, 8, 10, 1, 2),
	(113, 22, 18, 10, 1, 1),
	(122, 36, 8, 50, 0, 2),
	(123, 3, 8, 100, 3, 3),
	(124, 34, 11, 1, 1, 1),
	(125, 4, 8, 85, 2, 3),
	(126, 4, 4, 75, 1, 1),
	(127, 4, 6, 5, 1, 1);
/*!40000 ALTER TABLE `npc_items` ENABLE KEYS */;

-- Exportiere Struktur von Tabelle db_dvg.npc_spieler_statistik
DROP TABLE IF EXISTS `npc_spieler_statistik`;
CREATE TABLE IF NOT EXISTS `npc_spieler_statistik` (
  `id` int(10) NOT NULL AUTO_INCREMENT,
  `spieler_id` int(10) NOT NULL DEFAULT '0',
  `npc_id` int(10) NOT NULL DEFAULT '0',
  `anzahl` int(100) NOT NULL DEFAULT '0',
  PRIMARY KEY (`id`),
  KEY `npc_id` (`npc_id`),
  KEY `spieler_id` (`spieler_id`),
  CONSTRAINT `FK_npc_spieler_statistik_npc` FOREIGN KEY (`npc_id`) REFERENCES `npc` (`id`),
  CONSTRAINT `FK_npc_spieler_statistik_spieler` FOREIGN KEY (`spieler_id`) REFERENCES `spieler` (`id`)
) ENGINE=InnoDB AUTO_INCREMENT=9 DEFAULT CHARSET=utf8 COLLATE=utf8_unicode_ci COMMENT='Erfasst die Anzahl bereits gesammelter oder erlegter NPCs';

-- Exportiere Daten aus Tabelle db_dvg.npc_spieler_statistik: ~8 rows (ungefähr)
DELETE FROM `npc_spieler_statistik`;
/*!40000 ALTER TABLE `npc_spieler_statistik` DISABLE KEYS */;
INSERT INTO `npc_spieler_statistik` (`id`, `spieler_id`, `npc_id`, `anzahl`) VALUES
	(1, 45, 4, 8),
	(2, 45, 2, 2),
	(3, 45, 6, 2),
	(4, 45, 7, 1),
	(5, 45, 33, 1),
	(6, 45, 23, 1),
	(7, 45, 22, 1),
	(8, 45, 30, 1);
/*!40000 ALTER TABLE `npc_spieler_statistik` ENABLE KEYS */;

-- Exportiere Struktur von Tabelle db_dvg.quest
DROP TABLE IF EXISTS `quest`;
CREATE TABLE IF NOT EXISTS `quest` (
  `id` int(10) NOT NULL AUTO_INCREMENT,
  `bilder_id` int(10) NOT NULL,
  `titel` varchar(50) COLLATE utf8_unicode_ci NOT NULL,
  `titel_erweitert` varchar(100) COLLATE utf8_unicode_ci NOT NULL,
  `voraussetzung_level` int(10) NOT NULL,
  `belohnung` int(10) NOT NULL,
  `text_start` text COLLATE utf8_unicode_ci NOT NULL,
  `text_mitte` text COLLATE utf8_unicode_ci NOT NULL,
  `text_sieg` text COLLATE utf8_unicode_ci NOT NULL,
  `text_niederlage` text COLLATE utf8_unicode_ci NOT NULL,
  PRIMARY KEY (`id`),
  KEY `FK_bilder_id_quest` (`bilder_id`),
  CONSTRAINT `FK_quest_bilder` FOREIGN KEY (`bilder_id`) REFERENCES `bilder` (`id`)
) ENGINE=InnoDB AUTO_INCREMENT=2 DEFAULT CHARSET=utf8 COLLATE=utf8_unicode_ci COMMENT='Quests';

-- Exportiere Daten aus Tabelle db_dvg.quest: ~0 rows (ungefähr)
DELETE FROM `quest`;
/*!40000 ALTER TABLE `quest` DISABLE KEYS */;
INSERT INTO `quest` (`id`, `bilder_id`, `titel`, `titel_erweitert`, `voraussetzung_level`, `belohnung`, `text_start`, `text_mitte`, `text_sieg`, `text_niederlage`) VALUES
	(1, 1, 'Mein erstes Abenteuer', '', 1, 10, 'Los geht\'s. Das erste Abenteuer wartet auf euch.', 'Das Leben leben, die Welt erkunden. So ist das Leben eines Abenteurers.', 'Kopfstand, Rückwärtssalto, Feuerspucken im freien Fall, 100-zeiligen Zungenbrecher fehlerfrei vortragen, ein Spiel programmieren ... Ihr hättet wirklich eine Herausforderung erwartet und nicht solch Kinderkram.', 'Eine Runde um den Block und schon schleppt ihr euch keuchend und ächzend zum nächsten Heiler? Gaja scheint euch nicht wohlgesonnen zu sein.');
/*!40000 ALTER TABLE `quest` ENABLE KEYS */;

-- Exportiere Struktur von Tabelle db_dvg.quest_spieler
DROP TABLE IF EXISTS `quest_spieler`;
CREATE TABLE IF NOT EXISTS `quest_spieler` (
  `id` int(10) NOT NULL AUTO_INCREMENT,
  `spieler_id` int(10) NOT NULL,
  `quest_id` int(10) NOT NULL,
  `status` enum('gestartet','beendet') COLLATE utf8_unicode_ci NOT NULL DEFAULT 'gestartet',
  `start` timestamp NULL DEFAULT NULL,
  `ende` timestamp NULL DEFAULT NULL,
  PRIMARY KEY (`id`),
  KEY `FK_quest_id_quest_spieler` (`quest_id`),
  KEY `FK_spieler_id_quest_spieler` (`spieler_id`),
  CONSTRAINT `FK_quest_spieler_quest` FOREIGN KEY (`quest_id`) REFERENCES `quest` (`id`) ON DELETE CASCADE,
  CONSTRAINT `FK_quest_spieler_spieler` FOREIGN KEY (`spieler_id`) REFERENCES `spieler` (`id`) ON DELETE CASCADE
) ENGINE=InnoDB DEFAULT CHARSET=utf8 COLLATE=utf8_unicode_ci COMMENT='Zuordnung von Quests zu Spieler zum Speichern des Status einer Quest und bereits abgeschlossener Quests';

-- Exportiere Daten aus Tabelle db_dvg.quest_spieler: ~0 rows (ungefähr)
DELETE FROM `quest_spieler`;
/*!40000 ALTER TABLE `quest_spieler` DISABLE KEYS */;
/*!40000 ALTER TABLE `quest_spieler` ENABLE KEYS */;

-- Exportiere Struktur von Tabelle db_dvg.spieler
DROP TABLE IF EXISTS `spieler`;
CREATE TABLE IF NOT EXISTS `spieler` (
  `id` int(10) NOT NULL AUTO_INCREMENT,
  `account_id` int(10) NOT NULL,
  `bilder_id` int(10) NOT NULL,
  `gattung_id` int(10) NOT NULL,
  `level_id` int(10) NOT NULL,
  `gebiet_id` int(10) NOT NULL,
  `name` varchar(24) COLLATE utf8_unicode_ci NOT NULL,
  `geschlecht` varchar(1) COLLATE utf8_unicode_ci NOT NULL,
  `staerke` float NOT NULL COMMENT 'Stärke',
  `intelligenz` float NOT NULL COMMENT 'Intelligenz',
  `magie` float NOT NULL COMMENT 'Magie',
  `element_feuer` float NOT NULL,
  `element_wasser` float NOT NULL,
  `element_erde` float NOT NULL,
  `element_luft` float NOT NULL,
  `gesundheit` int(10) NOT NULL,
  `max_gesundheit` int(10) NOT NULL,
  `energie` int(10) NOT NULL,
  `max_energie` int(10) NOT NULL,
  `zauberpunkte` int(10) NOT NULL,
  `max_zauberpunkte` int(10) NOT NULL,
  `balance` float NOT NULL,
  `initiative` float NOT NULL,
  `abwehr` float NOT NULL,
  `ausweichen` float NOT NULL,
  `zuletzt_gespielt` timestamp NOT NULL DEFAULT CURRENT_TIMESTAMP ON UPDATE CURRENT_TIMESTAMP,
  PRIMARY KEY (`id`),
  KEY `FK_account_id_spieler` (`account_id`),
  KEY `FK_bilder_id_spieler` (`bilder_id`),
  KEY `FK_gattung_id_spieler` (`gattung_id`),
  KEY `FK_level_id_spieler` (`level_id`),
  KEY `FK_gebiet_id_spieler` (`gebiet_id`),
  CONSTRAINT `FK_spieler_account` FOREIGN KEY (`account_id`) REFERENCES `account` (`id`) ON DELETE CASCADE,
  CONSTRAINT `FK_spieler_bilder` FOREIGN KEY (`bilder_id`) REFERENCES `bilder` (`id`),
  CONSTRAINT `FK_spieler_gattung` FOREIGN KEY (`gattung_id`) REFERENCES `gattung` (`id`),
  CONSTRAINT `FK_spieler_gebiet` FOREIGN KEY (`gebiet_id`) REFERENCES `gebiet` (`id`),
  CONSTRAINT `FK_spieler_level` FOREIGN KEY (`level_id`) REFERENCES `level` (`id`)
) ENGINE=InnoDB AUTO_INCREMENT=46 DEFAULT CHARSET=utf8 COLLATE=utf8_unicode_ci COMMENT='Spieler mit Zuordnung zu den jeweiligen Accounts';

-- Exportiere Daten aus Tabelle db_dvg.spieler: ~16 rows (ungefähr)
DELETE FROM `spieler`;
/*!40000 ALTER TABLE `spieler` DISABLE KEYS */;
INSERT INTO `spieler` (`id`, `account_id`, `bilder_id`, `gattung_id`, `level_id`, `gebiet_id`, `name`, `geschlecht`, `staerke`, `intelligenz`, `magie`, `element_feuer`, `element_wasser`, `element_erde`, `element_luft`, `gesundheit`, `max_gesundheit`, `energie`, `max_energie`, `zauberpunkte`, `max_zauberpunkte`, `balance`, `initiative`, `abwehr`, `ausweichen`, `zuletzt_gespielt`) VALUES
	(7, 17, 212, 2, 1, 3, 'Saphira', 'W', 10, 5, 0, 1, 5, 1, 1, 32, 32, 7, 7, 4, 4, 0, 100, 10, 10, '2019-09-09 13:09:21'),
	(8, 17, 210, 1, 1, 7, 'Drako', 'W', 10, 5, 0, 5, 1, 1, 1, 32, 32, 7, 7, 4, 4, 0, 100, 10, 10, '2019-09-09 13:09:21'),
	(9, 17, 211, 4, 1, 5, 'Luftikuss', 'W', 10, 5, 0, 1, 1, 1, 5, 32, 32, 7, 7, 4, 4, 0, 100, 10, 10, '2019-09-09 13:09:22'),
	(10, 31, 209, 3, 1, 6, 'Testdrachin', 'W', 10, 5, 0, 1, 1, 5, 1, 32, 32, 7, 7, 4, 4, 0, 100, 10, 10, '2019-09-09 13:09:22'),
	(11, 32, 209, 3, 1, 4, 'Heino', 'W', 10, 5, 0, 1, 1, 5, 1, 32, 32, 7, 7, 4, 4, 0, 100, 10, 10, '2019-09-09 13:09:22'),
	(12, 36, 210, 1, 1, 2, 'Quiecker', 'W', 10, 5, 0, 5, 1, 1, 1, 32, 32, 7, 7, 4, 4, 0, 100, 10, 10, '2019-09-09 13:09:23'),
	(13, 36, 212, 2, 1, 1, 'Lambadina', 'W', 10, 5, 0, 1, 5, 1, 1, 32, 32, 7, 7, 4, 4, 0, 100, 10, 10, '2019-09-09 13:09:23'),
	(16, 17, 212, 2, 1, 3, 'Blauer Enzian', 'W', 10, 5, 0, 1, 5, 1, 1, 32, 32, 7, 7, 4, 4, 0, 100, 10, 10, '2019-09-09 13:09:23'),
	(17, 17, 210, 1, 1, 7, 'Wüstenfuchs', 'M', 10, 5, 0, 5, 1, 1, 1, 32, 32, 7, 7, 4, 4, 0, 100, 10, 10, '2019-09-09 13:09:24'),
	(18, 17, 211, 4, 1, 8, 'Rosaroter Panter', 'M', 10, 5, 0, 1, 1, 1, 5, 32, 32, 7, 7, 4, 4, 0, 100, 10, 10, '2019-09-09 13:09:26'),
	(19, 11, 233, 3, 7, 9, 'Shizophrenia', 'W', 10, 5, 0, 1, 1, 5, 1, 32, 32, 7, 7, 4, 4, 0, 100, 10, 10, '2019-09-09 13:09:24'),
	(26, 10, 216, 2, 2, 9, 'Rashiel', 'W', 10, 5, 0, 1, 5, 1, 1, 32, 32, 7, 7, 4, 4, 0, 100, 10, 10, '2019-09-09 13:19:29'),
	(32, 10, 211, 4, 1, 4, 'Willy', 'M', 10, 5, 0, 1, 1, 1, 5, 32, 32, 7, 7, 4, 4, 0, 100, 10, 10, '2019-09-09 13:09:25'),
	(39, 10, 211, 4, 1, 6, 'Kristalldrache', 'W', 10, 5, 0, 1, 1, 1, 5, 32, 32, 7, 7, 4, 4, 0, 100, 10, 10, '2019-09-09 13:09:27'),
	(43, 11, 209, 3, 1, 9, 'Hilda', 'W', 10, 5, 0, 1, 1, 5, 1, 32, 32, 7, 7, 4, 4, 0, 100, 10, 10, '2019-09-06 19:17:05'),
	(45, 11, 218, 1, 3, 7, 'Flammi', 'W', 10, 5, 1, 1, 5, 1, 1, 47, 47, 9, 9, 30, 30, 0, 105, 33, 12, '2019-10-20 18:32:46');
/*!40000 ALTER TABLE `spieler` ENABLE KEYS */;

-- Exportiere Struktur von Tabelle db_dvg.zauber
DROP TABLE IF EXISTS `zauber`;
CREATE TABLE IF NOT EXISTS `zauber` (
  `id` int(10) NOT NULL AUTO_INCREMENT,
  `bilder_id` int(10) NOT NULL,
  `zauberart_id` int(10) NOT NULL,
  `titel` varchar(50) COLLATE utf8_unicode_ci NOT NULL,
  `hauptelement_id` int(10) NOT NULL,
  `nebenelement_id` int(10) NOT NULL,
  `feuer` int(10) NOT NULL DEFAULT '0',
  `erde` int(10) NOT NULL DEFAULT '0',
  `luft` int(10) NOT NULL DEFAULT '0',
  `wasser` int(10) NOT NULL DEFAULT '0',
  `verbrauch` int(10) NOT NULL,
  `beschreibung` text COLLATE utf8_unicode_ci NOT NULL,
  PRIMARY KEY (`id`),
  UNIQUE KEY `titel` (`titel`),
  KEY `FK_bilder_id_zauber` (`bilder_id`),
  KEY `FK_zauberart_id_zauber` (`zauberart_id`),
  KEY `FK_nebenelement_id_zauber` (`nebenelement_id`) USING BTREE,
  KEY `FK_hauptelement_id_zauber` (`hauptelement_id`) USING BTREE,
  CONSTRAINT `FK_zauber_bilder` FOREIGN KEY (`bilder_id`) REFERENCES `bilder` (`id`),
  CONSTRAINT `FK_zauber_hauptelement` FOREIGN KEY (`hauptelement_id`) REFERENCES `element` (`id`),
  CONSTRAINT `FK_zauber_nebenelement` FOREIGN KEY (`nebenelement_id`) REFERENCES `element` (`id`),
  CONSTRAINT `FK_zauber_zauberart` FOREIGN KEY (`zauberart_id`) REFERENCES `zauberart` (`id`)
) ENGINE=InnoDB AUTO_INCREMENT=81 DEFAULT CHARSET=utf8 COLLATE=utf8_unicode_ci COMMENT='Zauber die gewirkt werden können (z.B. im Kampf oder beim Erkunden) inklusive ihrer Grundwirkung(en)';

-- Exportiere Daten aus Tabelle db_dvg.zauber: ~73 rows (ungefähr)
DELETE FROM `zauber`;
/*!40000 ALTER TABLE `zauber` DISABLE KEYS */;
INSERT INTO `zauber` (`id`, `bilder_id`, `zauberart_id`, `titel`, `hauptelement_id`, `nebenelement_id`, `feuer`, `erde`, `luft`, `wasser`, `verbrauch`, `beschreibung`) VALUES
	(5, 122, 5, 'Alkohol', 2, 3, 2, 0, 0, 1, 3, ''),
	(6, 147, 1, 'Glut', 2, 3, 3, 0, 0, 1, 4, ''),
	(7, 169, 5, 'Säure', 2, 3, 3, 0, 0, 2, 5, ''),
	(8, 165, 1, 'Ölbrand', 2, 3, 4, 0, 0, 1, 5, ''),
	(9, 144, 5, 'Gift', 2, 3, 4, 0, 0, 2, 6, ''),
	(10, 133, 1, 'Explosion', 2, 3, 4, 0, 0, 3, 7, ''),
	(11, 139, 6, 'Funke', 2, 5, 2, 0, 1, 0, 3, ''),
	(12, 138, 6, 'Flamme', 2, 5, 3, 0, 1, 0, 4, ''),
	(13, 135, 1, 'Feuerball', 2, 5, 3, 0, 2, 0, 5, ''),
	(14, 158, 6, 'Lichtstrahl', 2, 5, 4, 0, 1, 0, 5, ''),
	(15, 125, 1, 'Blitz', 2, 5, 4, 0, 2, 0, 6, ''),
	(16, 137, 1, 'Feuersturm', 2, 5, 4, 0, 3, 0, 7, ''),
	(17, 123, 5, 'Asche', 2, 4, 2, 1, 0, 0, 3, ''),
	(18, 176, 1, 'Schwelbrand', 2, 4, 3, 1, 0, 0, 4, ''),
	(19, 156, 1, 'Lava', 2, 4, 3, 2, 0, 0, 5, ''),
	(20, 145, 5, 'Glas', 2, 4, 4, 1, 0, 0, 5, ''),
	(21, 161, 5, 'Metall', 2, 4, 4, 2, 0, 0, 6, ''),
	(22, 160, 1, 'Magma', 2, 4, 4, 3, 0, 0, 7, ''),
	(23, 152, 5, 'Kohle', 4, 2, 1, 2, 0, 0, 3, ''),
	(24, 132, 5, 'Erdöl', 4, 2, 1, 3, 0, 0, 4, ''),
	(25, 180, 5, 'Ton', 4, 2, 2, 3, 0, 0, 5, ''),
	(26, 151, 5, 'Keramik', 4, 2, 1, 4, 0, 0, 5, ''),
	(27, 155, 5, 'Kristall', 4, 2, 2, 4, 0, 0, 6, ''),
	(28, 129, 1, 'Erdbeben', 4, 2, 3, 4, 0, 0, 7, ''),
	(29, 178, 5, 'Staub', 4, 5, 0, 2, 1, 0, 3, ''),
	(30, 171, 5, 'Sandhöhle', 4, 5, 0, 3, 1, 0, 4, ''),
	(31, 130, 5, 'Erdgas', 4, 5, 0, 3, 2, 0, 5, ''),
	(32, 185, 7, 'Wanderdüne', 4, 5, 0, 4, 1, 0, 5, ''),
	(33, 179, 1, 'Steinschlag', 4, 5, 0, 4, 2, 0, 6, ''),
	(34, 124, 1, 'Asteroid', 4, 5, 0, 4, 3, 0, 7, ''),
	(35, 157, 5, 'Lehm', 4, 3, 0, 2, 0, 1, 3, ''),
	(36, 183, 5, 'Tropfstein', 4, 3, 0, 3, 0, 1, 4, ''),
	(37, 182, 5, 'Treibsand', 4, 3, 0, 3, 0, 2, 5, ''),
	(38, 172, 5, 'Sandstein', 4, 3, 0, 4, 0, 1, 5, ''),
	(39, 154, 5, 'Kreide', 4, 3, 0, 4, 0, 2, 6, ''),
	(40, 141, 1, 'Gerölllawine', 4, 3, 0, 4, 0, 3, 7, ''),
	(41, 127, 7, 'Donner', 5, 4, 0, 1, 2, 0, 3, ''),
	(42, 153, 1, 'Korrosion', 5, 4, 0, 1, 3, 0, 4, ''),
	(43, 177, 6, 'Smog', 5, 4, 0, 2, 3, 0, 5, ''),
	(44, 191, 7, 'Windstoß', 5, 4, 0, 1, 4, 0, 5, ''),
	(45, 131, 6, 'Erdloch', 5, 4, 0, 2, 4, 0, 6, ''),
	(46, 173, 7, 'Sandsturm', 5, 4, 0, 3, 4, 0, 7, ''),
	(47, 148, 2, 'Feuerhauch', 5, 2, 1, 0, 2, 0, 3, ''),
	(48, 134, 2, 'Feueratem', 5, 2, 1, 0, 3, 0, 4, ''),
	(49, 159, 6, 'Lichtwelle', 5, 2, 2, 0, 3, 0, 5, ''),
	(50, 140, 1, 'Funkenflug', 5, 2, 1, 0, 4, 0, 5, ''),
	(51, 193, 6, 'Wüstenwind', 5, 2, 2, 0, 4, 0, 6, ''),
	(52, 136, 1, 'Feuerschneise', 5, 2, 3, 0, 4, 0, 7, ''),
	(53, 126, 7, 'Böe', 5, 3, 0, 0, 2, 1, 3, ''),
	(54, 190, 7, 'Windhose', 5, 3, 0, 0, 3, 1, 4, ''),
	(55, 142, 7, 'Gewitter', 5, 3, 0, 0, 3, 2, 5, ''),
	(56, 181, 1, 'Tornado', 5, 3, 0, 0, 4, 1, 5, ''),
	(57, 166, 1, 'Orkan', 5, 3, 0, 0, 4, 2, 6, ''),
	(58, 128, 1, 'Eissturm', 5, 3, 0, 0, 4, 3, 7, ''),
	(59, 174, 5, 'Schlamm', 3, 4, 0, 1, 0, 2, 3, ''),
	(60, 170, 5, 'Salzwasser', 3, 4, 0, 1, 0, 3, 4, ''),
	(61, 146, 5, 'Gletscher', 3, 4, 0, 2, 0, 3, 5, ''),
	(62, 184, 1, 'Tsunami', 3, 4, 0, 2, 0, 4, 6, ''),
	(63, 187, 2, 'Wasserfall', 3, 5, 0, 0, 2, 3, 5, ''),
	(64, 163, 1, 'Muräne', 3, 4, 0, 3, 0, 4, 7, ''),
	(65, 168, 2, 'Regenschauer', 3, 5, 0, 0, 1, 2, 3, ''),
	(66, 188, 1, 'Wasserstrahl', 3, 5, 0, 0, 1, 3, 4, ''),
	(67, 189, 7, 'Wasserwelle', 3, 4, 0, 1, 0, 4, 5, ''),
	(68, 162, 1, 'Monsun', 3, 5, 0, 0, 1, 4, 5, ''),
	(69, 150, 1, 'Hurrikan', 3, 5, 0, 0, 2, 4, 6, ''),
	(70, 175, 6, 'Schneesturm', 3, 5, 0, 0, 3, 4, 7, ''),
	(71, 186, 6, 'Wasserdampf', 3, 2, 1, 0, 0, 2, 3, ''),
	(72, 164, 6, 'Nebel', 3, 2, 1, 0, 0, 3, 4, ''),
	(73, 167, 6, 'Regenbogen', 3, 2, 2, 0, 0, 3, 5, ''),
	(74, 192, 5, 'Wolke', 3, 2, 1, 0, 0, 4, 5, ''),
	(75, 149, 2, 'Heiße Quelle', 3, 2, 2, 0, 0, 4, 6, ''),
	(76, 143, 1, 'Geysir', 3, 2, 3, 0, 0, 4, 7, ''),
	(77, 275, 1, 'Biss', 1, 1, 0, 0, 0, 0, 0, 'Standardangriff'),
	(79, 276, 1, 'Schlag', 1, 1, 0, 0, 0, 0, 0, 'Standardangriff'),
	(80, 277, 1, 'Stich', 1, 1, 0, 0, 0, 0, 0, 'Standardangriff');
/*!40000 ALTER TABLE `zauber` ENABLE KEYS */;

-- Exportiere Struktur von Tabelle db_dvg.zauberart
DROP TABLE IF EXISTS `zauberart`;
CREATE TABLE IF NOT EXISTS `zauberart` (
  `id` int(10) NOT NULL AUTO_INCREMENT,
  `titel` varchar(50) COLLATE utf8_unicode_ci NOT NULL,
  `modifikator` float NOT NULL,
  `beschreibung` text COLLATE utf8_unicode_ci NOT NULL,
  PRIMARY KEY (`id`)
) ENGINE=InnoDB AUTO_INCREMENT=8 DEFAULT CHARSET=utf8 COLLATE=utf8_unicode_ci COMMENT='Details zu Zaubern um verschiedenste Wirkungen abbilden zu können.';

-- Exportiere Daten aus Tabelle db_dvg.zauberart: ~5 rows (ungefähr)
DELETE FROM `zauberart`;
/*!40000 ALTER TABLE `zauberart` DISABLE KEYS */;
INSERT INTO `zauberart` (`id`, `titel`, `modifikator`, `beschreibung`) VALUES
	(1, 'Schaden', 0, ''),
	(2, 'Heilung', 0, ''),
	(5, 'Materieformung', 0, ''),
	(6, 'Sicht', 0, ''),
	(7, 'Verjagen', 0, '');
/*!40000 ALTER TABLE `zauberart` ENABLE KEYS */;

-- Exportiere Struktur von Tabelle db_dvg.zauber_effekt
DROP TABLE IF EXISTS `zauber_effekt`;
CREATE TABLE IF NOT EXISTS `zauber_effekt` (
  `id` int(10) NOT NULL AUTO_INCREMENT,
  `zauber_id` int(10) NOT NULL,
  `art` enum('angriff','verteidigung') COLLATE utf8_unicode_ci NOT NULL DEFAULT 'angriff',
  `attribut` enum('gesundheit','zauberpunkte','staerke','intelligenz','magie','element_feuer','element_wasser','element_erde','element_luft','timer','initiative','abwehr','ausweichen') COLLATE utf8_unicode_ci NOT NULL DEFAULT 'gesundheit',
  `wert` float NOT NULL DEFAULT '0',
  `runden` int(10) NOT NULL DEFAULT '1',
  `jede_runde` tinyint(1) NOT NULL DEFAULT '1',
  PRIMARY KEY (`id`),
  KEY `zauber_id` (`zauber_id`),
  CONSTRAINT `FK__zauber` FOREIGN KEY (`zauber_id`) REFERENCES `zauber` (`id`)
) ENGINE=InnoDB AUTO_INCREMENT=173 DEFAULT CHARSET=utf8 COLLATE=utf8_unicode_ci COMMENT='Spezifiziert die Grundwirkung von Zaubern. Es können auch mehrere Attribute geändert werden -> zusätzlicher Datensatz für Zauber';

-- Exportiere Daten aus Tabelle db_dvg.zauber_effekt: ~155 rows (ungefähr)
DELETE FROM `zauber_effekt`;
/*!40000 ALTER TABLE `zauber_effekt` DISABLE KEYS */;
INSERT INTO `zauber_effekt` (`id`, `zauber_id`, `art`, `attribut`, `wert`, `runden`, `jede_runde`) VALUES
	(15, 35, 'angriff', 'initiative', -1, 3, 0),
	(16, 36, 'angriff', 'initiative', -2, 2, 0),
	(17, 37, 'angriff', 'initiative', -3, 3, 0),
	(18, 38, 'angriff', 'gesundheit', -4, 1, 1),
	(19, 39, 'angriff', 'magie', -1, 4, 0),
	(20, 39, 'angriff', 'gesundheit', -1, 4, 1),
	(21, 40, 'angriff', 'staerke', -5, 2, 0),
	(22, 40, 'angriff', 'gesundheit', -5, 3, 1),
	(23, 59, 'angriff', 'initiative', -1, 3, 0),
	(24, 60, 'angriff', 'gesundheit', -2, 2, 1),
	(25, 61, 'angriff', 'staerke', -3, 2, 0),
	(26, 61, 'angriff', 'initiative', -3, 2, 0),
	(27, 67, 'angriff', 'initiative', -2, 3, 0),
	(28, 67, 'angriff', 'ausweichen', -2, 3, 0),
	(29, 62, 'angriff', 'staerke', -2, 2, 1),
	(30, 62, 'angriff', 'gesundheit', -2, 2, 1),
	(31, 62, 'angriff', 'initiative', -2, 2, 1),
	(32, 62, 'angriff', 'ausweichen', -2, 2, 1),
	(33, 64, 'angriff', 'staerke', -3, 5, 1),
	(34, 64, 'angriff', 'gesundheit', -5, 5, 1),
	(35, 64, 'angriff', 'ausweichen', -1, 5, 1),
	(36, 53, 'angriff', 'ausweichen', -1, 3, 0),
	(37, 54, 'angriff', 'ausweichen', -2, 5, 0),
	(38, 55, 'angriff', 'magie', -5, 2, 1),
	(39, 56, 'angriff', 'ausweichen', -6, 3, 0),
	(40, 57, 'angriff', 'magie', -2, 4, 0),
	(41, 57, 'angriff', 'initiative', -1, 4, 0),
	(42, 57, 'angriff', 'ausweichen', -1, 4, 0),
	(43, 57, 'angriff', 'gesundheit', -4, 4, 1),
	(44, 58, 'angriff', 'magie', -2, 4, 0),
	(45, 58, 'angriff', 'initiative', -1, 4, 0),
	(46, 58, 'angriff', 'ausweichen', -1, 4, 0),
	(47, 58, 'angriff', 'gesundheit', -4, 4, 1),
	(48, 58, 'angriff', 'abwehr', -3, 4, 0),
	(49, 65, 'verteidigung', 'gesundheit', 1, 3, 1),
	(50, 66, 'angriff', 'ausweichen', -1, 2, 0),
	(51, 66, 'angriff', 'abwehr', -2, 2, 0),
	(52, 63, 'verteidigung', 'gesundheit', 3, 2, 1),
	(53, 68, 'angriff', 'staerke', -3, 5, 1),
	(54, 68, 'angriff', 'magie', -2, 5, 1),
	(55, 68, 'angriff', 'ausweichen', -1, 5, 1),
	(56, 69, 'angriff', 'initiative', -3, 4, 1),
	(57, 69, 'angriff', 'ausweichen', -4, 4, 1),
	(58, 70, 'angriff', 'gesundheit', -3, 4, 1),
	(59, 70, 'angriff', 'initiative', -4, 4, 1),
	(60, 70, 'angriff', 'ausweichen', -3, 4, 1),
	(61, 70, 'angriff', 'abwehr', -2, 4, 1),
	(62, 11, 'angriff', 'magie', -1, 3, 0),
	(63, 12, 'angriff', 'gesundheit', -2, 2, 1),
	(64, 13, 'angriff', 'gesundheit', -3, 1, 1),
	(65, 14, 'angriff', 'intelligenz', -4, 3, 0),
	(66, 15, 'angriff', 'intelligenz', -2, 1, 1),
	(67, 15, 'angriff', 'magie', -1, 1, 1),
	(68, 15, 'angriff', 'gesundheit', -1, 1, 1),
	(69, 16, 'angriff', 'gesundheit', -6, 3, 1),
	(70, 16, 'angriff', 'ausweichen', -2, 3, 1),
	(71, 47, 'angriff', 'magie', -2, 1, 0),
	(72, 47, 'angriff', 'abwehr', -1, 1, 0),
	(73, 48, 'verteidigung', 'intelligenz', 2, 1, 0),
	(74, 48, 'verteidigung', 'magie', 3, 1, 0),
	(75, 49, 'angriff', 'intelligenz', -2, 2, 1),
	(76, 49, 'angriff', 'magie', -4, 2, 1),
	(77, 50, 'angriff', 'magie', -5, 3, 0),
	(78, 50, 'angriff', 'abwehr', -1, 3, 0),
	(79, 51, 'angriff', 'ausweichen', -3, 3, 1),
	(80, 51, 'angriff', 'abwehr', -4, 3, 1),
	(81, 52, 'angriff', 'staerke', -3, 3, 1),
	(82, 52, 'angriff', 'magie', -5, 3, 1),
	(83, 52, 'angriff', 'gesundheit', -3, 3, 1),
	(84, 52, 'angriff', 'abwehr', -2, 3, 1),
	(85, 5, 'angriff', 'intelligenz', -2, 2, 0),
	(86, 5, 'angriff', 'gesundheit', -1, 2, 1),
	(87, 6, 'angriff', 'gesundheit', -4, 1, 1),
	(88, 7, 'angriff', 'intelligenz', -1, 3, 0),
	(89, 7, 'angriff', 'gesundheit', -5, 3, 1),
	(90, 8, 'angriff', 'gesundheit', -4, 2, 1),
	(91, 8, 'angriff', 'abwehr', -3, 2, 0),
	(92, 9, 'angriff', 'staerke', -2, 4, 0),
	(93, 9, 'angriff', 'intelligenz', -2, 4, 0),
	(94, 9, 'angriff', 'magie', -2, 4, 0),
	(95, 9, 'angriff', 'gesundheit', -2, 4, 1),
	(96, 10, 'angriff', 'staerke', -3, 1, 1),
	(97, 10, 'angriff', 'gesundheit', -4, 1, 1),
	(98, 10, 'angriff', 'ausweichen', -2, 1, 1),
	(99, 10, 'angriff', 'abwehr', -2, 1, 1),
	(100, 71, 'verteidigung', 'gesundheit', 2, 2, 1),
	(101, 72, 'angriff', 'initiative', -3, 2, 0),
	(102, 72, 'angriff', 'ausweichen', -1, 2, 0),
	(103, 73, 'verteidigung', 'intelligenz', 3, 4, 0),
	(104, 73, 'verteidigung', 'magie', 2, 4, 0),
	(105, 74, 'angriff', 'intelligenz', -3, 3, 1),
	(106, 74, 'angriff', 'magie', -2, 3, 1),
	(107, 75, 'verteidigung', 'staerke', 3, 3, 1),
	(108, 75, 'verteidigung', 'gesundheit', 4, 3, 1),
	(109, 76, 'verteidigung', 'intelligenz', 2, 3, 0),
	(110, 76, 'verteidigung', 'magie', 2, 3, 0),
	(111, 76, 'verteidigung', 'gesundheit', 2, 3, 1),
	(112, 76, 'verteidigung', 'initiative', 1, 3, 0),
	(113, 76, 'verteidigung', 'ausweichen', 1, 3, 0),
	(114, 17, 'angriff', 'magie', -2, 3, 0),
	(115, 17, 'angriff', 'initiative', -1, 3, 0),
	(116, 18, 'angriff', 'gesundheit', -3, 2, 1),
	(117, 18, 'angriff', 'ausweichen', -1, 2, 0),
	(118, 19, 'angriff', 'gesundheit', -2, 3, 1),
	(119, 19, 'angriff', 'ausweichen', -2, 3, 0),
	(120, 20, 'angriff', 'staerke', -3, 1, 0),
	(121, 20, 'angriff', 'gesundheit', -1, 1, 1),
	(122, 20, 'angriff', 'abwehr', -2, 1, 0),
	(123, 21, 'angriff', 'staerke', -4, 2, 0),
	(124, 21, 'angriff', 'gesundheit', -2, 2, 1),
	(125, 22, 'angriff', 'gesundheit', -5, 3, 1),
	(126, 22, 'angriff', 'ausweichen', -1, 3, 0),
	(127, 22, 'angriff', 'abwehr', -1, 3, 0),
	(128, 23, 'angriff', 'magie', -2, 2, 0),
	(129, 24, 'angriff', 'intelligenz', -2, 3, 0),
	(130, 24, 'angriff', 'initiative', -2, 3, 0),
	(131, 25, 'angriff', 'staerke', -3, 2, 0),
	(132, 25, 'angriff', 'abwehr', -3, 2, 0),
	(133, 26, 'angriff', 'staerke', -2, 1, 0),
	(134, 26, 'angriff', 'gesundheit', -2, 1, 1),
	(135, 26, 'angriff', 'abwehr', -3, 1, 0),
	(136, 27, 'verteidigung', 'staerke', 4, 3, 0),
	(137, 27, 'verteidigung', 'magie', 2, 3, 0),
	(138, 28, 'angriff', 'staerke', -5, 5, 0),
	(139, 28, 'angriff', 'gesundheit', -3, 5, 1),
	(140, 41, 'angriff', 'magie', -4, 2, 0),
	(141, 41, 'angriff', 'gesundheit', -1, 2, 1),
	(142, 42, 'angriff', 'staerke', -3, 3, 0),
	(143, 42, 'angriff', 'abwehr', -2, 3, 0),
	(144, 43, 'angriff', 'gesundheit', -4, 2, 1),
	(145, 44, 'angriff', 'magie', -1, 1, 0),
	(146, 44, 'angriff', 'initiative', -3, 1, 0),
	(147, 44, 'angriff', 'ausweichen', -3, 1, 0),
	(148, 45, 'verteidigung', 'initiative', 2, 2, 0),
	(149, 45, 'verteidigung', 'ausweichen', 6, 2, 0),
	(150, 46, 'angriff', 'staerke', -2, 2, 0),
	(151, 46, 'angriff', 'gesundheit', -2, 2, 1),
	(152, 46, 'angriff', 'initiative', -2, 2, 0),
	(153, 46, 'angriff', 'ausweichen', -2, 2, 0),
	(154, 46, 'angriff', 'abwehr', -2, 2, 0),
	(155, 29, 'angriff', 'gesundheit', -3, 3, 1),
	(156, 30, 'verteidigung', 'staerke', 2, 3, 0),
	(157, 30, 'verteidigung', 'gesundheit', 2, 3, 1),
	(158, 30, 'verteidigung', 'ausweichen', 1, 3, 0),
	(159, 30, 'verteidigung', 'abwehr', 1, 3, 0),
	(160, 31, 'angriff', 'gesundheit', -4, 1, 1),
	(161, 31, 'angriff', 'abwehr', -2, 1, 1),
	(162, 32, 'angriff', 'staerke', -3, 3, 0),
	(163, 32, 'angriff', 'intelligenz', -3, 3, 0),
	(164, 32, 'angriff', 'magie', -3, 3, 0),
	(165, 32, 'angriff', 'abwehr', -2, 3, 0),
	(166, 33, 'angriff', 'staerke', -6, 1, 1),
	(167, 33, 'angriff', 'gesundheit', -4, 1, 1),
	(168, 34, 'angriff', 'staerke', -8, 1, 1),
	(169, 34, 'angriff', 'gesundheit', -6, 1, 1),
	(170, 77, 'angriff', 'gesundheit', -5, 1, 1),
	(171, 79, 'angriff', 'gesundheit', -4, 1, 1),
	(172, 80, 'angriff', 'gesundheit', -3, 2, 1);
/*!40000 ALTER TABLE `zauber_effekt` ENABLE KEYS */;

-- Exportiere Struktur von Tabelle db_dvg.zauber_npc
DROP TABLE IF EXISTS `zauber_npc`;
CREATE TABLE IF NOT EXISTS `zauber_npc` (
  `id` int(10) NOT NULL AUTO_INCREMENT,
  `npc_id` int(10) NOT NULL,
  `zauber_id` int(10) NOT NULL,
  `wahrscheinlichkeit` double NOT NULL DEFAULT '100',
  PRIMARY KEY (`id`),
  KEY `npc_id` (`npc_id`),
  KEY `zauber_id` (`zauber_id`),
  CONSTRAINT `FK_zauber_npc_npc` FOREIGN KEY (`npc_id`) REFERENCES `npc` (`id`),
  CONSTRAINT `FK_zauber_npc_zauber` FOREIGN KEY (`zauber_id`) REFERENCES `zauber` (`id`) ON DELETE CASCADE
) ENGINE=InnoDB AUTO_INCREMENT=74 DEFAULT CHARSET=utf8 COLLATE=utf8_unicode_ci ROW_FORMAT=COMPACT COMMENT='Zuordnung Zauber zu Spieler';

-- Exportiere Daten aus Tabelle db_dvg.zauber_npc: ~55 rows (ungefähr)
DELETE FROM `zauber_npc`;
/*!40000 ALTER TABLE `zauber_npc` DISABLE KEYS */;
INSERT INTO `zauber_npc` (`id`, `npc_id`, `zauber_id`, `wahrscheinlichkeit`) VALUES
	(19, 2, 77, 100),
	(20, 3, 79, 35),
	(21, 3, 80, 25),
	(22, 3, 7, 20),
	(23, 3, 9, 20),
	(24, 4, 77, 50),
	(25, 4, 79, 50),
	(26, 5, 77, 80),
	(27, 5, 79, 20),
	(28, 10, 77, 40),
	(29, 10, 79, 60),
	(30, 11, 77, 30),
	(31, 11, 79, 30),
	(32, 11, 29, 20),
	(33, 11, 35, 20),
	(34, 21, 12, 20),
	(35, 21, 8, 20),
	(36, 21, 13, 50),
	(37, 21, 16, 10),
	(38, 22, 77, 60),
	(39, 22, 79, 15),
	(40, 22, 29, 25),
	(41, 23, 77, 60),
	(42, 23, 79, 40),
	(43, 24, 77, 60),
	(44, 24, 79, 20),
	(45, 24, 30, 20),
	(46, 25, 77, 50),
	(47, 25, 59, 25),
	(48, 25, 71, 25),
	(49, 26, 77, 20),
	(50, 26, 61, 40),
	(51, 26, 70, 40),
	(52, 27, 77, 70),
	(53, 27, 67, 30),
	(54, 28, 77, 10),
	(55, 28, 53, 30),
	(56, 28, 54, 30),
	(57, 28, 44, 30),
	(58, 30, 80, 50),
	(59, 30, 9, 50),
	(60, 33, 77, 100),
	(61, 34, 79, 100),
	(62, 35, 77, 30),
	(63, 35, 79, 70),
	(64, 36, 77, 85),
	(65, 36, 79, 15),
	(66, 37, 77, 100),
	(67, 40, 77, 35),
	(68, 40, 79, 15),
	(69, 40, 66, 30),
	(70, 40, 62, 15),
	(71, 40, 75, 5),
	(72, 41, 77, 50),
	(73, 41, 79, 50);
/*!40000 ALTER TABLE `zauber_npc` ENABLE KEYS */;

-- Exportiere Struktur von Tabelle db_dvg.zauber_spieler
DROP TABLE IF EXISTS `zauber_spieler`;
CREATE TABLE IF NOT EXISTS `zauber_spieler` (
  `id` int(10) NOT NULL AUTO_INCREMENT,
  `spieler_id` int(10) NOT NULL,
  `zauber_id` int(10) NOT NULL,
  PRIMARY KEY (`id`),
  KEY `FK_spieler_id_zauber_spieler` (`spieler_id`),
  KEY `FK_zauber_id_zauber_spieler` (`zauber_id`),
  CONSTRAINT `FK_zauber_spieler_spieler` FOREIGN KEY (`spieler_id`) REFERENCES `spieler` (`id`) ON DELETE CASCADE,
  CONSTRAINT `FK_zauber_spieler_zauber` FOREIGN KEY (`zauber_id`) REFERENCES `zauber` (`id`) ON DELETE CASCADE
) ENGINE=InnoDB AUTO_INCREMENT=58 DEFAULT CHARSET=utf8 COLLATE=utf8_unicode_ci ROW_FORMAT=COMPACT COMMENT='Zuordnung Zauber zu Spieler';

-- Exportiere Daten aus Tabelle db_dvg.zauber_spieler: ~8 rows (ungefähr)
DELETE FROM `zauber_spieler`;
/*!40000 ALTER TABLE `zauber_spieler` DISABLE KEYS */;
INSERT INTO `zauber_spieler` (`id`, `spieler_id`, `zauber_id`) VALUES
	(2, 26, 68),
	(3, 26, 5),
	(4, 26, 67),
	(6, 45, 77),
	(31, 45, 80),
	(50, 45, 52),
	(56, 45, 34),
	(57, 45, 28);
/*!40000 ALTER TABLE `zauber_spieler` ENABLE KEYS */;

/*!40101 SET SQL_MODE=IFNULL(@OLD_SQL_MODE, '') */;
/*!40014 SET FOREIGN_KEY_CHECKS=IF(@OLD_FOREIGN_KEY_CHECKS IS NULL, 1, @OLD_FOREIGN_KEY_CHECKS) */;
/*!40101 SET CHARACTER_SET_CLIENT=@OLD_CHARACTER_SET_CLIENT */;
